id,x,y,z,cost,value,rock_tonnes,ore_tonnes,blockvalue,period
0,13,17,10,64395.01407,95076.276,71550.01563,71550.0,30681.26193,5
1,14,17,10,64503.01407,148258.148,71670.01563,71670.0,83755.13392999998,5
2,15,17,10,65016.00703,223559.0336,72240.00781,72240.0,158543.02657,5
3,16,17,10,65124.0,372664.0976,72360.0,72360.0,307540.0976,4
4,17,17,10,65124.0,531604.448,72360.0,72360.0,466480.448,4
5,18,17,10,65124.0,603718.6768,72360.0,72360.0,538594.6768,4
6,12,18,10,64395.01407,57730.568,71550.01563,71550.0,-6664.446069999998,5
7,13,18,10,64395.01407,128856.12,71550.01563,71550.0,64461.10593,5
8,14,18,10,64395.01407,188341.94,71550.01563,71550.0,123946.92593,4
9,15,18,10,64503.01407,299492.536,71670.01563,71670.0,234989.52193000002,4
10,16,18,10,65070.0,400023.744,72300.0,72300.0,334953.744,3
11,17,18,10,65124.0,500364.6816,72360.0,72360.0,435240.6816,2
12,18,18,10,65124.0,556444.4848,72360.0,72360.0,491320.4848,1
13,19,18,10,65124.0,570940.0432,72360.0,72360.0,505816.04319999996,1
14,11,19,10,60273.0,0.0,66970.0,0.0,-60273.0,5
15,12,19,10,64170.0,41108.072,71300.0,68900.0,-23061.928,5
16,13,19,10,64395.01407,164589.764,71550.01563,71550.0,100194.74992999999,4
17,14,19,10,64395.01407,238740.536,71550.01563,71550.0,174345.52193,4
18,15,19,10,64395.01407,317996.504,71550.01563,71550.0,253601.48993,3
19,16,19,10,64638.01407,433897.2464,71820.01563,71820.0,369259.23233,2
20,17,19,10,64989.00703,497957.0768,72210.00781,72210.0,432968.06977,2
21,18,19,10,65124.0,530051.5424,72360.0,72360.0,464927.54240000003,1
22,19,19,10,65124.0,590910.0128,72360.0,72360.0,525786.0128,1
23,11,20,10,58536.0,0.0,65040.0,0.0,-58536.0,5
24,12,20,10,64719.01407,27316.0536,71910.01563,71910.0,-37402.96047,4
25,13,20,10,64395.01407,258879.568,71550.01563,71550.0,194484.55393,3
26,14,20,10,64395.01407,351555.624,71550.01563,71550.0,287160.60993000004,3
27,15,20,10,64395.01407,366978.184,71550.01563,71550.0,302583.16993000003,2
28,16,20,10,64395.01407,446911.312,71550.01563,71550.0,382516.29793,2
29,17,20,10,64530.01407,512309.624,71700.01563,71700.0,447779.60993000004,1
30,18,20,10,64881.00703,576375.4656,72090.00781,72090.0,511494.45857,1
31,19,20,10,65097.0,641847.44,72330.0,72330.0,576750.44,1
32,20,20,10,65124.0,637153.5392,72360.0,72360.0,572029.5392,1
33,11,21,10,64008.0,0.0,71120.0,0.0,-64008.0,4
34,12,21,10,65097.0,103297.2608,72330.0,72330.0,38200.260800000004,3
35,13,21,10,64503.0211,337411.36,71670.02344,71670.0,272908.3389,3
36,14,21,10,64395.01407,430583.744,71550.01563,71550.0,366188.72993000003,2
37,15,21,10,64395.01407,429007.872,71550.01563,71550.0,364612.85793,2
38,16,21,10,64395.01407,484056.632,71550.01563,71550.0,419661.61793,1
39,17,21,10,64395.01407,536578.576,71550.01563,71550.0,472183.56193,1
40,18,21,10,64449.01407,576195.5696,71610.01563,71610.0,511746.55553000007,0
41,19,21,10,64746.00703,624919.0304,71940.00781,71940.0,560173.0233700001,1
42,20,21,10,65043.00703,578103.2768,72270.00781,72270.0,513060.26977,1
43,21,21,10,65124.0,490552.0384,72360.0,72360.0,425428.0384,1
44,11,22,10,64512.0,2788.7008,71680.0,69680.0,-61723.2992,4
45,12,22,10,65124.0,268678.3248,72360.0,72360.0,203554.3248,3
46,13,22,10,64908.00703,461631.216,72120.00781,72120.0,396723.20897000004,2
47,14,22,10,64395.01407,565139.792,71550.01563,71550.0,500744.77793000004,2
48,15,22,10,64395.01407,522525.064,71550.01563,71550.0,458130.04993000004,2
49,16,22,10,64395.01407,542313.064,71550.01563,71550.0,477918.04993000004,1
50,17,22,10,64395.01407,618050.208,71550.01563,71550.0,553655.19393,0
51,18,22,10,64395.01407,642793.152,71550.01563,71550.0,578398.13793,0
52,19,22,10,64395.01407,595949.208,71550.01563,71550.0,531554.19393,0
53,20,22,10,64530.01407,582343.0384,71700.01563,71700.0,517813.02433,1
54,21,22,10,64935.00703,450878.2688,72150.00781,72150.0,385943.26177000004,1
55,12,23,10,65124.0,227235.3808,72360.0,72360.0,162111.3808,3
56,13,23,10,65124.0,424507.688,72360.0,72360.0,359383.688,2
57,14,23,10,64638.0211,541287.704,71820.02344,71820.0,476649.6829,2
58,15,23,10,64395.01407,553335.144,71550.01563,71550.0,488940.12993,2
59,16,23,10,64395.01407,563843.976,71550.01563,71550.0,499448.96193000005,1
60,17,23,10,64395.01407,655973.112,71550.01563,71550.0,591578.0979299999,0
61,18,23,10,64395.01407,684964.968,71550.01563,71550.0,620569.95393,0
62,19,23,10,64395.01407,620443.224,71550.01563,71550.0,556048.20993,0
63,20,23,10,64395.01407,624592.328,71550.01563,71550.0,560197.31393,0
64,21,23,10,64449.01407,484741.1696,71610.01563,71610.0,420292.15553000005,1
65,13,24,10,65124.0,385324.7168,72360.0,72360.0,320200.7168,2
66,14,24,10,65016.00703,470378.1824,72240.00781,72240.0,405362.17537,2
67,15,24,10,64422.01407,599099.44,71580.01563,71580.0,534677.4259299999,2
68,16,24,10,64395.01407,616152.336,71550.01563,71550.0,551757.32193,1
69,17,24,10,64395.01407,639730.352,71550.01563,71550.0,575335.3379299999,0
70,18,24,10,64395.01407,668951.464,71550.01563,71550.0,604556.44993,0
71,19,24,10,64395.01407,601488.536,71550.01563,71550.0,537093.5219299999,0
72,20,24,10,64395.01407,628342.488,71550.01563,71550.0,563947.47393,0
73,15,25,10,64881.01407,621631.376,72090.01563,72090.0,556750.36193,2
74,16,25,10,64449.01407,619376.5184,71610.01563,71610.0,554927.5043299999,2
75,17,25,10,64395.01407,634760.16,71550.01563,71550.0,570365.14593,0
76,18,25,10,64395.01407,603813.136,71550.01563,71550.0,539418.12193,0
77,19,25,10,64395.01407,535145.72,71550.01563,71550.0,470750.70593,0
78,12,16,11,64395.01407,68757.96,71550.01563,71550.0,4362.945930000009,5
79,13,16,11,64854.00703,212287.2984,72060.00781,72060.0,147433.29137,5
80,14,16,11,65124.0,334208.256,72360.0,72360.0,269084.256,5
81,15,16,11,65124.0,362996.248,72360.0,72360.0,297872.248,4
82,16,16,11,65124.0,428876.32,72360.0,72360.0,363752.32,4
83,17,16,11,65124.0,523296.888,72360.0,72360.0,458172.888,4
84,18,16,11,65124.0,573784.0384,72360.0,72360.0,508660.03839999996,4
85,11,17,11,63585.0,33660.208,70650.0,66250.0,-29924.792,5
86,12,17,11,64395.01407,76021.412,71550.01563,71550.0,11626.39793,5
87,13,17,11,64422.01407,78794.112,71580.01563,71580.0,14372.097929999996,5
88,14,17,11,64881.00703,202787.304,72090.00781,72090.0,137906.29697,4
89,15,17,11,65124.0,301543.8096,72360.0,72360.0,236419.80959999998,4
90,16,17,11,65124.0,431073.9104,72360.0,72360.0,365949.9104,3
91,17,17,11,65124.0,543076.448,72360.0,72360.0,477952.448,2
92,18,17,11,65124.0,598515.5008,72360.0,72360.0,533391.5008,1
93,19,17,11,65124.0,586198.76,72360.0,72360.0,521074.76,1
94,10,18,11,56790.0,0.0,63100.0,0.0,-56790.0,5
95,11,18,11,64395.01407,0.0,71550.01563,0.0,-64395.01407,5
96,12,18,11,64395.01407,89584.416,71550.01563,71550.0,25189.40193,4
97,13,18,11,64395.01407,130365.244,71550.01563,71550.0,65970.22993,4
98,14,18,11,64422.01407,152945.396,71580.01563,71580.0,88523.38193,3
99,15,18,11,64989.00703,359041.616,72210.00781,72210.0,294052.60897,2
100,16,18,11,65124.0,467990.152,72360.0,72360.0,402866.152,2
101,17,18,11,65124.0,495504.496,72360.0,72360.0,430380.496,1
102,18,18,11,65124.0,505320.8976,72360.0,72360.0,440196.8976,1
103,19,18,11,65124.0,565374.208,72360.0,72360.0,500250.208,1
104,20,18,11,65124.0,515476.5136,72360.0,72360.0,450352.5136,1
105,10,19,11,55080.0,0.0,61200.0,0.0,-55080.0,5
106,11,19,11,59085.0,0.0,65650.0,0.0,-59085.0,4
107,12,19,11,64395.01407,85371.34,71550.01563,71550.0,20976.32593,4
108,13,19,11,64395.01407,168505.264,71550.01563,71550.0,104110.24992999999,3
109,14,19,11,64395.01407,214361.052,71550.01563,71550.0,149966.03793,2
110,15,19,11,64584.00703,329758.712,71760.00781,71760.0,265174.70497,2
111,16,19,11,65097.0,510571.248,72330.0,72330.0,445474.248,1
112,17,19,11,65124.0,480041.4448,72360.0,72360.0,414917.4448,1
113,18,19,11,65124.0,472185.5136,72360.0,72360.0,407061.5136,1
114,19,19,11,65124.0,559793.296,72360.0,72360.0,494669.296,1
115,20,19,11,65124.0,535330.072,72360.0,72360.0,470206.07200000004,1
116,21,19,11,65124.0,583653.1856,72360.0,72360.0,518529.18559999997,1
117,10,20,11,55080.0,0.0,61200.0,0.0,-55080.0,4
118,11,20,11,55692.0,0.0,61880.0,0.0,-55692.0,4
119,12,20,11,64557.01407,83396.5256,71730.01563,71730.0,18839.511529999996,3
120,13,20,11,64395.01407,287942.4,71550.01563,71550.0,223547.38593000002,3
121,14,20,11,64395.01407,388318.152,71550.01563,71550.0,323923.13793,2
122,15,20,11,64395.01407,405477.008,71550.01563,71550.0,341081.99393,2
123,16,20,11,64827.00703,508918.632,72030.00781,72030.0,444091.62497,1
124,17,20,11,65097.0,553565.3488,72330.0,72330.0,488468.34880000004,1
125,18,20,11,65124.0,581775.9856,72360.0,72360.0,516651.9856,0
126,19,20,11,65124.0,590492.0512,72360.0,72360.0,525368.0512,0
127,20,20,11,65124.0,510885.536,72360.0,72360.0,445761.536,1
128,21,20,11,65124.0,463344.944,72360.0,72360.0,398220.944,1
129,10,21,11,56196.0,0.0,62440.0,0.0,-56196.0,4
130,11,21,11,63252.0,0.0,70280.0,0.0,-63252.0,3
131,12,21,11,65016.00703,146231.3064,72240.00781,72240.0,81215.29937,3
132,13,21,11,64395.01407,337674.504,71550.01563,71550.0,273279.48993000004,2
133,14,21,11,64395.01407,457088.712,71550.01563,71550.0,392693.69793,2
134,15,21,11,64395.01407,470382.024,71550.01563,71550.0,405987.00993,1
135,16,21,11,64422.01407,528279.992,71580.01563,71580.0,463857.97793,1
136,17,21,11,64692.01407,560668.5184,71880.01563,71880.0,495976.50432999997,0
137,18,21,11,65043.00703,586982.6128,72270.00781,72270.0,521939.60577,0
138,19,21,11,65124.0,583568.7184,72360.0,72360.0,518444.7184,0
139,20,21,11,65124.0,512172.9552,72360.0,72360.0,447048.9552,0
140,21,21,11,65124.0,424071.064,72360.0,72360.0,358947.064,1
141,22,21,11,65124.0,359848.2768,72360.0,72360.0,294724.2768,1
142,10,22,11,58428.0,0.0,64920.0,0.0,-58428.0,4
143,11,22,11,65124.0,59748.128,72360.0,72360.0,-5375.872000000003,3
144,12,22,11,65124.0,374885.064,72360.0,72360.0,309761.064,2
145,13,22,11,64719.01407,478513.864,71910.01563,71910.0,413794.84993,2
146,14,22,11,64395.01407,542064.504,71550.01563,71550.0,477669.48993,2
147,15,22,11,64395.01407,556841.552,71550.01563,71550.0,492446.53793000005,1
148,16,22,11,64395.01407,613787.728,71550.01563,71550.0,549392.71393,0
149,17,22,11,64395.01407,645099.344,71550.01563,71550.0,580704.32993,0
150,18,22,11,64557.00703,610839.384,71730.00781,71730.0,546282.37697,0
151,19,22,11,64935.00703,569404.0608,72150.00781,72150.0,504469.05377,0
152,20,22,11,65097.0,498298.0688,72330.0,72330.0,433201.0688,0
153,21,22,11,65124.0,424578.9024,72360.0,72360.0,359454.9024,1
154,22,22,11,65124.0,398456.1008,72360.0,72360.0,333332.1008,1
155,10,23,11,61776.0,0.0,68640.0,0.0,-61776.0,3
156,11,23,11,65124.0,100968.9952,72360.0,72360.0,35844.995200000005,3
157,12,23,11,65124.0,292939.1024,72360.0,72360.0,227815.10239999997,2
158,13,23,11,65097.0,407225.744,72330.0,72330.0,342128.744,2
159,14,23,11,64449.01407,465988.848,71610.01563,71610.0,401539.83393,2
160,15,23,11,64395.01407,502694.224,71550.01563,71550.0,438299.20993,1
161,16,23,11,64395.01407,534190.88,71550.01563,71550.0,469795.86593,0
162,17,23,11,64395.01407,650014.72,71550.01563,71550.0,585619.7059299999,0
163,18,23,11,64395.01407,678544.32,71550.01563,71550.0,614149.3059299999,0
164,19,23,11,64449.01407,570437.288,71610.01563,71610.0,505988.27392999997,0
165,20,23,11,64611.01407,549375.6608,71790.01563,71790.0,484764.64673,0
166,21,23,11,64989.00703,430487.0432,72210.00781,72210.0,365498.03617000004,0
167,22,23,11,65124.0,393619.2896,72360.0,72360.0,328495.2896,1
168,11,24,11,65124.0,127725.7952,72360.0,72360.0,62601.79519999999,3
169,12,24,11,65124.0,246497.2784,72360.0,72360.0,181373.2784,2
170,13,24,11,65124.0,366206.824,72360.0,72360.0,301082.824,2
171,14,24,11,64692.0211,332263.3408,71880.02344,71880.0,267571.3197,2
172,15,24,11,64395.01407,371515.512,71550.01563,71550.0,307120.49793,1
173,16,24,11,64395.01407,418515.088,71550.01563,71550.0,354120.07393,0
174,17,24,11,64395.01407,555701.984,71550.01563,71550.0,491306.9699300001,0
175,18,24,11,64395.01407,634157.424,71550.01563,71550.0,569762.40993,0
176,19,24,11,64395.01407,563020.16,71550.01563,71550.0,498625.14593000006,0
177,20,24,11,64395.01407,592949.952,71550.01563,71550.0,528554.93793,0
178,21,24,11,64476.01407,538974.6928,71640.01563,71640.0,474498.67873,0
179,12,25,11,65124.0,332810.88,72360.0,72360.0,267686.88,2
180,13,25,11,65124.0,475574.664,72360.0,72360.0,410450.664,2
181,14,25,11,64908.00703,473346.28,72120.00781,72120.0,408438.27297000005,2
182,15,25,11,64449.01407,430332.384,71610.01563,71610.0,365883.36993000004,2
183,16,25,11,64395.01407,507488.272,71550.01563,71550.0,443093.25793,0
184,17,25,11,64395.01407,603461.352,71550.01563,71550.0,539066.3379299999,0
185,18,25,11,64395.01407,584067.872,71550.01563,71550.0,519672.85793,0
186,19,25,11,64395.01407,525466.12,71550.01563,71550.0,461071.10593,0
187,20,25,11,64395.01407,625190.184,71550.01563,71550.0,560795.16993,0
188,21,25,11,64395.01407,649643.064,71550.01563,71550.0,585248.04993,0
189,14,26,11,65124.0,530373.688,72360.0,72360.0,465249.68799999997,2
190,15,26,11,65016.00703,478092.328,72240.00781,72240.0,413076.32097,2
191,16,26,11,64557.01407,491835.912,71730.01563,71730.0,427278.89793000004,1
192,17,26,11,64395.01407,600284.304,71550.01563,71550.0,535889.28993,0
193,18,26,11,64395.01407,596407.8,71550.01563,71550.0,532012.78593,0
194,19,26,11,64395.01407,558129.384,71550.01563,71550.0,493734.36993,0
195,20,26,11,64395.01407,653880.744,71550.01563,71550.0,589485.7299299999,0
196,12,15,12,65097.0,150719.5464,72330.0,72330.0,85622.54639999999,5
197,13,15,12,65124.0,200764.04,72360.0,72360.0,135640.04,5
198,14,15,12,65124.0,342285.0464,72360.0,72360.0,277161.0464,5
199,15,15,12,65124.0,390399.32,72360.0,72360.0,325275.32,4
200,16,15,12,65124.0,403783.552,72360.0,72360.0,338659.552,4
201,17,15,12,65124.0,390723.5872,72360.0,72360.0,325599.5872,4
202,18,15,12,65124.0,319244.6304,72360.0,72360.0,254120.63040000002,4
203,10,16,12,64395.01407,0.0,71550.01563,0.0,-64395.01407,5
204,11,16,12,64395.01407,0.0,71550.01563,0.0,-64395.01407,5
205,12,16,12,64665.01407,45479.3064,71850.01563,71850.0,-19185.707669999996,5
206,13,16,12,65097.0,98203.4848,72330.0,72330.0,33106.484800000006,4
207,14,16,12,65124.0,173640.7968,72360.0,72360.0,108516.79680000001,4
208,15,16,12,65124.0,277642.56,72360.0,72360.0,212518.56,3
209,16,16,12,65124.0,374558.3664,72360.0,72360.0,309434.3664,2
210,17,16,12,65124.0,448749.2096,72360.0,72360.0,383625.2096,1
211,18,16,12,65124.0,485268.6416,72360.0,72360.0,420144.6416,1
212,19,16,12,65124.0,404156.5248,72360.0,72360.0,339032.5248,1
213,20,16,12,65124.0,207877.8128,72360.0,72360.0,142753.8128,1
214,10,17,12,63045.01407,0.0,70050.01563,0.0,-63045.01407,5
215,11,17,12,63945.0,0.0,71050.0,0.0,-63945.0,5
216,12,17,12,64395.01407,67274.172,71550.01563,71550.0,2879.1579300000085,4
217,13,17,12,64746.00703,93543.1056,71940.00781,71940.0,28797.098569999995,4
218,14,17,12,65124.0,172417.3456,72360.0,72360.0,107293.3456,3
219,15,17,12,65124.0,272863.032,72360.0,72360.0,207739.032,2
220,16,17,12,65124.0,389323.5216,72360.0,72360.0,324199.5216,1
221,17,17,12,65124.0,463424.2752,72360.0,72360.0,398300.2752,1
222,18,17,12,65124.0,495903.68,72360.0,72360.0,430779.68,1
223,19,17,12,65124.0,475661.024,72360.0,72360.0,410537.024,1
224,20,17,12,65124.0,359712.128,72360.0,72360.0,294588.128,1
225,21,17,12,65124.0,305149.1328,72360.0,72360.0,240025.13280000002,1
226,9,18,12,55080.0,0.0,61200.0,0.0,-55080.0,5
227,10,18,12,58545.0,0.0,65050.0,0.0,-58545.0,4
228,11,18,12,63945.0,0.0,71050.0,0.0,-63945.0,4
229,12,18,12,64395.01407,80578.232,71550.01563,71550.0,16183.217930000006,3
230,13,18,12,64395.01407,103545.04,71550.01563,71550.0,39150.025929999996,3
231,14,18,12,64854.00703,180713.2112,72060.00781,72060.0,115859.20416999998,2
232,15,18,12,65124.0,340969.6576,72360.0,72360.0,275845.6576,2
233,16,18,12,65124.0,401915.096,72360.0,72360.0,336791.096,1
234,17,18,12,65124.0,418423.512,72360.0,72360.0,353299.512,1
235,18,18,12,65124.0,444725.0032,72360.0,72360.0,379601.0032,1
236,19,18,12,65124.0,510551.528,72360.0,72360.0,445427.528,1
237,20,18,12,65124.0,350927.2624,72360.0,72360.0,285803.2624,1
238,21,18,12,65124.0,316676.8544,72360.0,72360.0,251552.8544,1
239,9,19,12,55080.0,0.0,61200.0,0.0,-55080.0,5
240,10,19,12,56916.0,0.0,63240.0,0.0,-56916.0,4
241,11,19,12,61677.0,0.0,68530.0,0.0,-61677.0,3
242,12,19,12,64395.01407,95148.292,71550.01563,71550.0,30753.277930000004,3
243,13,19,12,64395.01407,140100.984,71550.01563,71550.0,75705.96992999999,2
244,14,19,12,64449.01407,177664.8744,71610.01563,71610.0,113215.86033,2
245,15,19,12,65043.00703,391549.2016,72270.00781,72270.0,326506.19457,1
246,16,19,12,65124.0,425083.0208,72360.0,72360.0,359959.0208,1
247,17,19,12,65124.0,397956.6848,72360.0,72360.0,332832.6848,0
248,18,19,12,65124.0,391556.9248,72360.0,72360.0,326432.9248,0
249,19,19,12,65124.0,528411.96,72360.0,72360.0,463287.95999999996,0
250,20,19,12,65124.0,319242.2832,72360.0,72360.0,254118.2832,1
251,21,19,12,65124.0,275930.5776,72360.0,72360.0,210806.57760000002,1
252,22,19,12,65124.0,305420.688,72360.0,72360.0,240296.68800000002,1
253,9,20,12,55080.0,0.0,61200.0,0.0,-55080.0,4
254,10,20,12,55080.0,0.0,61200.0,0.0,-55080.0,3
255,11,20,12,56115.0,1673.74,62350.0,7950.0,-54441.26,3
256,12,20,12,63810.0,130006.264,70900.0,68900.0,66196.264,2
257,13,20,12,64395.01407,254489.72,71550.01563,71550.0,190094.70593,2
258,14,20,12,64395.01407,336885.632,71550.01563,71550.0,272490.61793,1
259,15,20,12,64692.00703,383930.82,71880.00781,71880.0,319238.81297,1
260,16,20,12,65124.0,478533.9008,72360.0,72360.0,413409.9008,0
261,17,20,12,65124.0,448098.1248,72360.0,72360.0,382974.1248,0
262,18,20,12,65124.0,434708.824,72360.0,72360.0,369584.824,0
263,19,20,12,65124.0,533534.6144,72360.0,72360.0,468410.61439999996,0
264,20,20,12,65124.0,360628.6976,72360.0,72360.0,295504.6976,0
265,21,20,12,65124.0,276881.6496,72360.0,72360.0,211757.6496,1
266,22,20,12,65124.0,225490.0944,72360.0,72360.0,160366.0944,1
267,9,21,12,55080.0,0.0,61200.0,0.0,-55080.0,4
268,10,21,12,55080.0,0.0,61200.0,0.0,-55080.0,3
269,11,21,12,59400.0,0.0,66000.0,0.0,-59400.0,2
270,12,21,12,64548.0,143763.796,71720.0,69320.0,79215.796,2
271,13,21,12,64170.01407,321192.112,71300.01563,71300.0,257022.09793000002,2
272,14,21,12,63045.01407,423716.648,70050.01563,70050.0,360671.63393,1
273,15,21,12,62622.01407,466732.6784,69580.01563,69580.0,404110.66433,0
274,16,21,12,64710.0,449824.1968,71900.0,71900.0,385114.1968,0
275,17,21,12,65124.0,447303.0,72360.0,72360.0,382179.0,0
276,18,21,12,65124.0,474063.1008,72360.0,72360.0,408939.1008,0
277,19,21,12,65124.0,511530.1888,72360.0,72360.0,446406.1888,0
278,20,21,12,65124.0,409227.768,72360.0,72360.0,344103.768,0
279,21,21,12,65124.0,307090.1664,72360.0,72360.0,241966.1664,0
280,22,21,12,65124.0,260272.2912,72360.0,72360.0,195148.2912,1
281,23,21,12,65124.0,194834.2304,72360.0,72360.0,129710.2304,1
282,9,22,12,55080.0,0.0,61200.0,0.0,-55080.0,4
283,10,22,12,56916.0,0.0,63240.0,0.0,-56916.0,3
284,11,22,12,63864.0,30565.936,70960.0,58960.0,-33298.064,2
285,12,22,12,65124.0,377945.584,72360.0,72360.0,312821.584,2
286,13,22,12,64530.0211,476332.632,71700.02344,71700.0,411802.61089999997,2
287,14,22,12,62820.01407,525649.568,69800.01563,69800.0,462829.55393,1
288,15,22,12,62370.01407,577085.752,69300.01563,69300.0,514715.73793,0
289,16,22,12,64053.01407,682636.032,71170.01563,71170.0,618583.01793,0
290,17,22,12,64908.00703,515495.0,72120.00781,72120.0,450586.99297,0
291,18,22,12,65097.0,511529.5072,72330.0,72330.0,446432.5072,0
292,19,22,12,65124.0,504485.8032,72360.0,72360.0,439361.8032,0
293,20,22,12,65124.0,425682.624,72360.0,72360.0,360558.624,0
294,21,22,12,65124.0,305109.424,72360.0,72360.0,239985.424,0
295,22,22,12,65124.0,268527.464,72360.0,72360.0,203403.46399999998,0
296,23,22,12,65124.0,224373.6192,72360.0,72360.0,159249.6192,1
297,9,23,12,55080.0,0.0,61200.0,0.0,-55080.0,3
298,10,23,12,58284.0,0.0,64760.0,0.0,-58284.0,3
299,11,23,12,65124.0,40191.4272,72360.0,72360.0,-24932.5728,2
300,12,23,12,65124.0,237894.3952,72360.0,72360.0,172770.3952,2
301,13,23,12,64854.01407,347203.92,72060.01563,72060.0,282349.90593,2
302,14,23,12,64170.01407,402516.368,71300.01563,71300.0,338346.35393000004,1
303,15,23,12,64395.01407,443652.16,71550.01563,71550.0,379257.14593,0
304,16,23,12,64395.01407,514370.4,71550.01563,71550.0,449975.38593000005,0
305,17,23,12,64449.01407,635086.9088,71610.01563,71610.0,570637.8947299999,0
306,18,23,12,64746.00703,548718.6304,71940.00781,71940.0,483972.62337000004,0
307,19,23,12,64989.00703,452118.8,72210.00781,72210.0,387129.79297,0
308,20,23,12,65097.0,426876.0352,72330.0,72330.0,361779.0352,0
309,21,23,12,65124.0,352466.744,72360.0,72360.0,287342.744,0
310,22,23,12,65124.0,307514.0096,72360.0,72360.0,242390.0096,0
311,23,23,12,65124.0,272623.2032,72360.0,72360.0,207499.2032,0
312,10,24,12,59652.0,0.0,66280.0,0.0,-59652.0,3
313,11,24,12,64872.0,62250.7136,72080.0,69680.0,-2621.2863999999972,2
314,12,24,12,65124.0,128617.696,72360.0,72360.0,63493.695999999996,2
315,13,24,12,65016.00703,250558.6544,72240.00781,72240.0,185542.64737,2
316,14,24,12,64395.01407,65493.604,71550.01563,71550.0,1098.589930000002,1
317,15,24,12,64395.01407,180411.488,71550.01563,71550.0,116016.47393000001,0
318,16,24,12,64395.01407,205982.968,71550.01563,71550.0,141587.95393,0
319,17,24,12,64395.01407,375585.024,71550.01563,71550.0,311190.00993,0
320,18,24,12,64395.01407,622162.824,71550.01563,71550.0,557767.80993,0
321,19,24,12,64449.01407,317075.02,71610.01563,71610.0,252626.00593,0
322,20,24,12,64692.01407,501398.3216,71880.01563,71880.0,436706.30753000005,0
323,21,24,12,65016.00703,412175.1168,72240.00781,72240.0,347159.10977000004,0
324,22,24,12,65124.0,311573.3648,72360.0,72360.0,246449.36479999998,0
325,10,25,12,58536.0,0.0,65040.0,0.0,-58536.0,3
326,11,25,12,65124.0,16394.5216,72360.0,72360.0,-48729.4784,2
327,12,25,12,65124.0,301942.4016,72360.0,72360.0,236818.40159999998,2
328,13,25,12,65124.0,423968.008,72360.0,72360.0,358844.008,2
329,14,25,12,64503.0211,321437.432,71670.02344,71670.0,256934.41089999996,1
330,15,25,12,64395.01407,342175.224,71550.01563,71550.0,277780.20993,0
331,16,25,12,64395.01407,457773.184,71550.01563,71550.0,393378.16993000003,0
332,17,25,12,64395.01407,505010.176,71550.01563,71550.0,440615.16193,0
333,18,25,12,64395.01407,524297.472,71550.01563,71550.0,459902.45793,0
334,19,25,12,64395.01407,495643.344,71550.01563,71550.0,431248.32993,0
335,20,25,12,64395.01407,634110.648,71550.01563,71550.0,569715.63393,0
336,21,25,12,64530.01407,591050.7888,71700.01563,71700.0,526520.77473,0
337,22,25,12,64908.00703,430667.8528,72120.00781,72120.0,365759.84577,0
338,12,26,12,65124.0,265517.304,72360.0,72360.0,200393.304,2
339,13,26,12,65124.0,310356.7328,72360.0,72360.0,245232.7328,2
340,14,26,12,64908.00703,404405.0256,72120.00781,72120.0,339497.01857,2
341,15,26,12,64530.0211,366627.7664,71700.02344,71700.0,302097.7453,0
342,16,26,12,64395.01407,441081.32,71550.01563,71550.0,376686.30593000003,0
343,17,26,12,64395.01407,528246.712,71550.01563,71550.0,463851.6979300001,0
344,18,26,12,64395.01407,540940.912,71550.01563,71550.0,476545.89793000004,0
345,19,26,12,64395.01407,530897.36,71550.01563,71550.0,466502.34593,0
346,20,26,12,64395.01407,619127.032,71550.01563,71550.0,554732.01793,0
347,21,26,12,64395.01407,649698.656,71550.01563,71550.0,585303.6419299999,0
348,14,27,12,65124.0,381246.1584,72360.0,72360.0,316122.1584,2
349,15,27,12,65097.0,315058.9888,72330.0,72330.0,249961.9888,1
350,16,27,12,64719.00703,331364.3744,71910.00781,71910.0,266645.36737,0
351,17,27,12,64395.01407,429145.68,71550.01563,71550.0,364750.66593,0
352,18,27,12,64395.01407,518156.784,71550.01563,71550.0,453761.76993,0
353,19,27,12,64395.01407,525622.96,71550.01563,71550.0,461227.94593,0
354,20,27,12,64395.01407,565350.656,71550.01563,71550.0,500955.64193,0
355,9,14,13,58320.0,0.0,64800.0,0.0,-58320.0,6
356,10,14,13,58320.01758,0.0,64800.01953,0.0,-58320.01758,6
357,11,14,13,59076.01407,0.0,65640.01563,0.0,-59076.01407,5
358,12,14,13,59580.01407,44159.7632,66200.01563,66200.0,-15420.250869999996,5
359,13,14,13,60588.0,77176.6176,67320.0,60120.0,16588.617599999998,5
360,14,14,13,60588.01407,147399.4848,67320.01563,67320.0,86811.47073,4
361,15,14,13,60588.01407,237948.6256,67320.01563,67320.0,177360.61153,4
362,16,14,13,60588.0,191872.3312,67320.0,64920.0,131284.3312,4
363,17,14,13,60336.0,124571.6672,67040.0,59840.0,64235.667199999996,4
364,18,14,13,58311.9,50644.416,64791.0,57600.0,-7667.484000000004,4
365,19,14,13,53520.3,43999.1616,59467.0,53007.0,-9521.138400000003,4
366,7,15,13,58320.0,0.0,64800.0,0.0,-58320.0,8
367,8,15,13,58320.01758,0.0,64800.01953,0.0,-58320.01758,7
368,9,15,13,58320.01758,0.0,64800.01953,0.0,-58320.01758,6
369,10,15,13,58320.01758,0.0,64800.01953,0.0,-58320.01758,5
370,11,15,13,58320.01758,15890.496,64800.01953,64800.0,-42429.52158,5
371,12,15,13,58320.01758,86400.96,64800.01953,64800.0,28080.942420000007,5
372,13,15,13,58572.01407,111354.384,65080.01563,65080.0,52782.36993000001,4
373,14,15,13,60084.00703,145502.088,66760.00781,66760.0,85418.08096999998,4
374,15,15,13,60588.01407,253490.752,67320.01563,67320.0,192902.73793,3
375,16,15,13,60588.01407,242846.9632,67320.01563,67320.0,182258.94913,2
376,17,15,13,60588.01407,189440.6752,67320.01563,67320.0,128852.66113,1
377,18,15,13,58824.0,108951.3024,65360.0,60560.0,50127.3024,1
378,19,15,13,56210.4,70473.144,62456.0,54416.0,14262.743999999999,1
379,20,15,13,49602.6,0.0,55114.0,0.0,-49602.6,1
380,6,16,13,58320.0,0.0,64800.0,0.0,-58320.0,8
381,7,16,13,58320.0,0.0,64800.0,0.0,-58320.0,7
382,8,16,13,58320.0,0.0,64800.0,0.0,-58320.0,6
383,9,16,13,58320.0,0.0,64800.0,0.0,-58320.0,5
384,10,16,13,58320.01758,0.0,64800.01953,0.0,-58320.01758,5
385,11,16,13,58320.01758,0.0,64800.01953,0.0,-58320.01758,4
386,12,16,13,58320.01758,16145.088,64800.01953,64800.0,-42174.929579999996,4
387,13,16,13,58320.01758,0.0,64800.01953,0.0,-58320.01758,3
388,14,16,13,58320.01758,8513.664,64800.01953,64800.0,-49806.353579999995,2
389,15,16,13,59076.01407,66614.7872,65640.01563,65640.0,7538.773130000009,2
390,16,16,13,60588.01407,168162.9408,67320.01563,67320.0,107574.92673,1
391,17,16,13,60588.01407,247601.8816,67320.01563,67320.0,187013.86753,1
392,18,16,13,60078.6,294711.2224,66754.0,66754.0,234632.62240000002,1
393,19,16,13,57721.5,248020.0208,64135.0,64135.0,190298.5208,1
394,20,16,13,54564.3,109293.2192,60627.0,51552.0,54728.919200000004,1
395,21,16,13,52664.4,34655.4872,58516.0,49075.0,-18008.9128,1
396,5,17,13,58320.0,0.0,64800.0,0.0,-58320.0,11
397,6,17,13,58320.0,0.0,64800.0,0.0,-58320.0,7
398,7,17,13,58320.0,0.0,64800.0,0.0,-58320.0,6
399,8,17,13,58320.0,0.0,64800.0,0.0,-58320.0,5
400,9,17,13,58320.0,0.0,64800.0,0.0,-58320.0,5
401,10,17,13,58320.0,0.0,64800.0,0.0,-58320.0,4
402,11,17,13,58320.0,0.0,64800.0,0.0,-58320.0,4
403,12,17,13,58320.0,0.0,64800.0,0.0,-58320.0,3
404,13,17,13,58320.01758,0.0,64800.01953,0.0,-58320.01758,2
405,14,17,13,58320.01758,0.0,64800.01953,0.0,-58320.01758,2
406,15,17,13,58320.01758,39686.784,64800.01953,64800.0,-18633.23358,1
407,16,17,13,60588.0,131355.4112,67320.0,64920.0,70767.4112,1
408,17,17,13,60588.01407,222829.5616,67320.01563,67320.0,162241.54752999998,1
409,18,17,13,60588.01407,303033.4672,67320.01563,67320.0,242445.45313,1
410,19,17,13,60588.01407,298228.8,67320.01563,67320.0,237640.78592999998,1
411,20,17,13,59543.1,210605.1984,66159.0,66159.0,151062.0984,1
412,21,17,13,58072.5,165730.0288,64525.0,62125.0,107657.5288,1
413,22,17,13,57107.7,71964.1024,63453.0,56524.0,14856.402400000006,1
414,5,18,13,58320.0,0.0,64800.0,0.0,-58320.0,10
415,6,18,13,58320.0,0.0,64800.0,0.0,-58320.0,7
416,7,18,13,58320.0,0.0,64800.0,0.0,-58320.0,5
417,8,18,13,58320.0,0.0,64800.0,0.0,-58320.0,5
418,9,18,13,58320.0,0.0,64800.0,0.0,-58320.0,4
419,10,18,13,58320.0,0.0,64800.0,0.0,-58320.0,3
420,11,18,13,58320.0,0.0,64800.0,0.0,-58320.0,3
421,12,18,13,58320.01758,0.0,64800.01953,0.0,-58320.01758,2
422,13,18,13,58320.01758,10845.888,64800.01953,64800.0,-47474.12958,2
423,14,18,13,58320.01758,0.0,64800.01953,0.0,-58320.01758,1
424,15,18,13,58824.01407,58315.2416,65360.01563,65360.0,-508.77246999999625,1
425,16,18,13,60588.01407,124069.768,67320.01563,67320.0,63481.75393,1
426,17,18,13,60588.01407,204829.9792,67320.01563,67320.0,144241.96513,0
427,18,18,13,60588.01407,274169.896,67320.01563,67320.0,213581.88193,0
428,19,18,13,60588.01407,303592.2096,67320.01563,67320.0,243004.19553,0
429,20,18,13,60588.01407,224535.624,67320.01563,67320.0,163947.60993,1
430,21,18,13,60336.01407,188133.632,67040.01563,67040.0,127797.61793000001,1
431,22,18,13,59076.01407,138247.2656,65640.01563,65640.0,79171.25153000001,1
432,23,18,13,58320.01758,47045.184,64800.01953,64800.0,-11274.833579999999,1
433,5,19,13,58320.0,0.0,64800.0,0.0,-58320.0,8
434,6,19,13,58320.0,0.0,64800.0,0.0,-58320.0,6
435,7,19,13,58320.0,0.0,64800.0,0.0,-58320.0,5
436,8,19,13,58320.0,0.0,64800.0,0.0,-58320.0,4
437,9,19,13,58320.0,0.0,64800.0,0.0,-58320.0,4
438,10,19,13,58320.0,0.0,64800.0,0.0,-58320.0,3
439,11,19,13,58320.0,0.0,64800.0,0.0,-58320.0,2
440,12,19,13,58320.0,0.0,64800.0,0.0,-58320.0,2
441,13,19,13,58320.01758,37183.488,64800.01953,64800.0,-21136.529580000002,2
442,14,19,13,58320.0,25033.152,64800.0,60000.0,-33286.848,1
443,15,19,13,58824.01407,75355.4512,65360.01563,65360.0,16531.43713,1
444,16,19,13,60084.00703,132588.8928,66760.00781,66760.0,72504.88577,0
445,17,19,13,60588.01407,190947.04,67320.01563,67320.0,130359.02593,0
446,18,19,13,60588.01407,273058.4624,67320.01563,67320.0,212470.44833,0
447,19,19,13,60588.01407,293351.0688,67320.01563,67320.0,232763.05473,0
448,20,19,13,60588.01407,208239.6768,67320.01563,67320.0,147651.66272999998,0
449,21,19,13,60588.01407,159097.5184,67320.01563,67320.0,98509.50433,1
450,22,19,13,60588.01407,103869.52,67320.01563,67320.0,43281.50593000001,1
451,23,19,13,59832.00703,26639.6336,66480.00781,66480.0,-33192.37343,1
452,4,20,13,55080.0,0.0,61200.0,0.0,-55080.0,11
453,5,20,13,56520.0,0.0,62800.0,0.0,-56520.0,7
454,6,20,13,58320.0,0.0,64800.0,0.0,-58320.0,5
455,7,20,13,58320.0,0.0,64800.0,0.0,-58320.0,5
456,8,20,13,58320.0,0.0,64800.0,0.0,-58320.0,4
457,9,20,13,58320.0,0.0,64800.0,0.0,-58320.0,3
458,10,20,13,58320.0,0.0,64800.0,0.0,-58320.0,3
459,11,20,13,58320.0,0.0,64800.0,0.0,-58320.0,2
460,12,20,13,58320.0,14158.464,64800.0,62400.0,-44161.536,2
461,13,20,13,58320.01758,118390.464,64800.01953,64800.0,60070.44642000001,1
462,14,20,13,58320.01758,178164.864,64800.01953,64800.0,119844.84642,1
463,15,20,13,58320.01758,77439.552,64800.01953,64800.0,19119.534419999996,0
464,16,20,13,58320.01758,133297.152,64800.01953,64800.0,74977.13442,0
465,17,20,13,60084.00703,186404.2816,66760.00781,66760.0,126320.27456999998,0
466,18,20,13,60588.01407,233242.6368,67320.01563,67320.0,172654.62273,0
467,19,20,13,60588.01407,255541.624,67320.01563,67320.0,194953.60993,0
468,20,20,13,60588.01407,178902.5888,67320.01563,67320.0,118314.57473,0
469,21,20,13,60588.01407,139924.7872,67320.01563,67320.0,79336.77312999999,0
470,22,20,13,60588.01407,104895.1584,67320.01563,67320.0,44307.14433,1
471,23,20,13,60588.01407,32879.9312,67320.01563,67320.0,-27708.08287,1
472,4,21,13,55080.0,0.0,61200.0,0.0,-55080.0,11
473,5,21,13,55080.0,0.0,61200.0,0.0,-55080.0,7
474,6,21,13,57600.0,0.0,64000.0,0.0,-57600.0,5
475,7,21,13,58320.0,0.0,64800.0,0.0,-58320.0,4
476,8,21,13,58320.0,0.0,64800.0,0.0,-58320.0,4
477,9,21,13,58320.0,0.0,64800.0,0.0,-58320.0,3
478,10,21,13,58320.0,0.0,64800.0,0.0,-58320.0,2
479,11,21,13,58320.0,0.0,64800.0,0.0,-58320.0,2
480,12,21,13,58320.0,44866.368,64800.0,55200.0,-13453.631999999998,2
481,13,21,13,58320.01758,177855.744,64800.01953,64800.0,119535.72642,1
482,14,21,13,58320.01758,278943.744,64800.01953,64800.0,220623.72642000002,0
483,15,21,13,58320.01758,181161.6,64800.01953,64800.0,122841.58242,0
484,16,21,13,58320.01758,128029.056,64800.01953,64800.0,69709.03842,0
485,17,21,13,58572.01407,169083.9952,65080.01563,65080.0,110511.98113,0
486,18,21,13,60588.01407,215778.7168,67320.01563,67320.0,155190.70273,0
487,19,21,13,60588.01407,248749.7344,67320.01563,67320.0,188161.72032999998,0
488,20,21,13,60588.01407,197432.9264,67320.01563,67320.0,136844.91233,0
489,21,21,13,60588.01407,144528.7648,67320.01563,67320.0,83940.75073,0
490,22,21,13,60588.01407,118252.0464,67320.01563,67320.0,57664.03233000001,0
491,23,21,13,60588.01407,47536.8976,67320.01563,67320.0,-13051.11647,1
492,24,21,13,60588.01407,0.0,67320.01563,0.0,-60588.01407,1
493,4,22,13,55080.0,0.0,61200.0,0.0,-55080.0,11
494,5,22,13,55080.0,0.0,61200.0,0.0,-55080.0,7
495,6,22,13,56520.0,0.0,62800.0,0.0,-56520.0,5
496,7,22,13,58320.0,0.0,64800.0,0.0,-58320.0,4
497,8,22,13,58320.0,0.0,64800.0,0.0,-58320.0,3
498,9,22,13,58320.0,0.0,64800.0,0.0,-58320.0,3
499,10,22,13,58320.0,0.0,64800.0,0.0,-58320.0,2
500,11,22,13,58320.0,0.0,64800.0,0.0,-58320.0,2
501,12,22,13,58320.0,86166.912,64800.0,60000.0,27846.911999999997,2
502,13,22,13,58320.01758,284752.704,64800.01953,64800.0,226432.68642000004,1
503,14,22,13,58320.01758,378379.584,64800.01953,64800.0,320059.56642,0
504,15,22,13,58320.01758,383677.632,64800.01953,64800.0,325357.61442,0
505,16,22,13,58320.01758,160190.4,64800.01953,64800.0,101870.38242,0
506,17,22,13,58320.01758,167164.416,64800.01953,64800.0,108844.39842,0
507,18,22,13,60588.01407,203076.2256,67320.01563,67320.0,142488.21153,0
508,19,22,13,60588.01407,256116.5088,67320.01563,67320.0,195528.49473,0
509,20,22,13,60588.01407,221340.912,67320.01563,67320.0,160752.89793,0
510,21,22,13,60588.01407,162588.6976,67320.01563,67320.0,102000.68353000001,0
511,22,22,13,60588.01407,130197.4528,67320.01563,67320.0,69609.43873,0
512,23,22,13,60588.01407,64849.7776,67320.01563,67320.0,4261.763530000004,0
513,24,22,13,60588.01407,7972.2896,67320.01563,67320.0,-52615.72447,1
514,4,23,13,55080.0,0.0,61200.0,0.0,-55080.0,11
515,5,23,13,55080.0,0.0,61200.0,0.0,-55080.0,7
516,6,23,13,55440.0,0.0,61600.0,0.0,-55440.0,5
517,7,23,13,57960.0,0.0,64400.0,0.0,-57960.0,4
518,8,23,13,58320.0,0.0,64800.0,0.0,-58320.0,3
519,9,23,13,58320.0,0.0,64800.0,0.0,-58320.0,2
520,10,23,13,58320.0,0.0,64800.0,0.0,-58320.0,2
521,11,23,13,58320.0,0.0,64800.0,0.0,-58320.0,2
522,12,23,13,58320.01758,3632.64,64800.01953,64800.0,-54687.37758,2
523,13,23,13,58320.01758,215425.152,64800.01953,64800.0,157105.13442000002,1
524,14,23,13,58320.01758,278836.992,64800.01953,64800.0,220516.97442000004,0
525,15,23,13,58320.01758,311345.856,64800.01953,64800.0,253025.83842000004,0
526,16,23,13,58320.01758,255178.56,64800.01953,64800.0,196858.54242,0
527,17,23,13,58320.01758,211970.304,64800.01953,64800.0,153650.28642000002,0
528,18,23,13,59832.00703,211576.4256,66480.00781,66480.0,151744.41856999998,0
529,19,23,13,60588.01407,223116.2448,67320.01563,67320.0,162528.23072999998,0
530,20,23,13,60588.01407,246899.6304,67320.01563,67320.0,186311.61633,0
531,21,23,13,60588.01407,208650.8496,67320.01563,67320.0,148062.83552999998,0
532,22,23,13,60588.01407,173071.624,67320.01563,67320.0,112483.60993,0
533,23,23,13,60588.01407,96247.4288,67320.01563,67320.0,35659.41473,0
534,24,23,13,60588.01407,80175.5968,67320.01563,67320.0,19587.582730000002,0
535,4,24,13,55080.0,0.0,61200.0,0.0,-55080.0,11
536,5,24,13,55080.0,0.0,61200.0,0.0,-55080.0,7
537,6,24,13,55080.0,0.0,61200.0,0.0,-55080.0,5
538,7,24,13,56160.0,0.0,62400.0,0.0,-56160.0,4
539,8,24,13,58320.0,0.0,64800.0,0.0,-58320.0,3
540,9,24,13,58320.0,0.0,64800.0,0.0,-58320.0,2
541,10,24,13,58320.0,0.0,64800.0,0.0,-58320.0,2
542,11,24,13,58320.0,0.0,64800.0,0.0,-58320.0,2
543,12,24,13,58320.0,0.0,64800.0,0.0,-58320.0,2
544,13,24,13,58320.01758,74073.216,64800.01953,64800.0,15753.19842,1
545,14,24,13,58320.01758,4528.896,64800.01953,64800.0,-53791.12158,0
546,15,24,13,58320.01758,42675.072,64800.01953,64800.0,-15644.94558,0
547,16,24,13,58320.0,75653.376,64800.0,60000.0,17333.376000000004,0
548,17,24,13,58995.01407,237452.872,65550.01563,65550.0,178457.85793,0
549,18,24,13,60174.01407,273146.4672,66860.01563,66860.0,212972.45313,0
550,19,24,13,60480.01407,105060.9248,67200.01563,67200.0,44580.910729999996,0
551,20,24,13,60588.01407,235103.7776,67320.01563,67320.0,174515.76353,0
552,21,24,13,60588.01407,227259.2704,67320.01563,67320.0,166671.25633,0
553,22,24,13,60588.01407,157465.7024,67320.01563,67320.0,96877.68833,0
554,23,24,13,60588.01407,93911.5856,67320.01563,67320.0,33323.57153000001,0
555,4,25,13,55080.0,0.0,61200.0,0.0,-55080.0,11
556,5,25,13,55080.0,0.0,61200.0,0.0,-55080.0,7
557,6,25,13,55080.0,0.0,61200.0,0.0,-55080.0,5
558,7,25,13,55080.0,0.0,61200.0,0.0,-55080.0,4
559,8,25,13,56520.0,0.0,62800.0,0.0,-56520.0,3
560,9,25,13,57240.0,0.0,63600.0,0.0,-57240.0,2
561,10,25,13,58320.0,0.0,64800.0,0.0,-58320.0,2
562,11,25,13,58320.0,0.0,64800.0,0.0,-58320.0,2
563,12,25,13,58320.01758,70273.728,64800.01953,64800.0,11953.710420000003,2
564,13,25,13,58797.01407,154313.6,65330.01563,65330.0,95516.58593,1
565,14,25,13,58770.01758,184916.168,65300.01953,65300.0,126146.15042,0
566,15,25,13,59445.01407,287983.352,66050.01563,66050.0,228538.33793,0
567,16,25,13,60120.01407,452671.136,66800.01563,66800.0,392551.12193,0
568,17,25,13,60345.01407,479971.528,67050.01563,67050.0,419626.51393,0
569,18,25,13,60345.01407,437924.352,67050.01563,67050.0,377579.33793000004,0
570,19,25,13,60345.01407,450683.048,67050.01563,67050.0,390338.03393000003,0
571,20,25,13,60372.01407,386148.248,67080.01563,67080.0,325776.23393000005,0
572,21,25,13,60534.00703,255130.8032,67260.00781,67260.0,194596.79617,0
573,22,25,13,60588.01407,202801.4288,67320.01563,67320.0,142213.41473,0
574,23,25,13,60588.01407,160810.7456,67320.01563,67320.0,100222.73152999999,0
575,3,26,13,55080.0,0.0,61200.0,0.0,-55080.0,13
576,4,26,13,55080.0,0.0,61200.0,0.0,-55080.0,11
577,5,26,13,55080.0,0.0,61200.0,0.0,-55080.0,7
578,6,26,13,55080.0,0.0,61200.0,0.0,-55080.0,5
579,7,26,13,55080.0,0.0,61200.0,0.0,-55080.0,4
580,8,26,13,55080.0,0.0,61200.0,0.0,-55080.0,3
581,9,26,13,55080.0,0.0,61200.0,0.0,-55080.0,3
582,10,26,13,57528.0,0.0,63920.0,0.0,-57528.0,2
583,11,26,13,60588.01407,0.0,67320.01563,0.0,-60588.01407,2
584,12,26,13,60588.01407,63438.7264,67320.01563,67320.0,2850.712330000002,2
585,13,26,13,60588.01407,125188.8656,67320.01563,67320.0,64600.85153000001,2
586,14,26,13,60399.01407,230927.4224,67110.01563,67110.0,170528.40833,0
587,15,26,13,60345.01407,298169.088,67050.01563,67050.0,237824.07392999998,0
588,16,26,13,60345.01407,398324.344,67050.01563,67050.0,337979.32993,0
589,17,26,13,60345.01407,469663.0,67050.01563,67050.0,409317.98593,0
590,18,26,13,60345.01407,458546.48,67050.01563,67050.0,398201.46593,0
591,19,26,13,60345.01407,454544.176,67050.01563,67050.0,394199.16193,0
592,20,26,13,60345.01407,485390.744,67050.01563,67050.0,425045.72993000003,0
593,21,26,13,60345.01407,432966.912,67050.01563,67050.0,372621.89793000004,0
594,22,26,13,60453.01407,288551.2016,67170.01563,67170.0,228098.18752999997,0
595,23,26,13,60561.00703,187755.2144,67290.00781,67290.0,127194.20736999999,0
596,3,27,13,55080.0,0.0,61200.0,0.0,-55080.0,13
597,4,27,13,55080.0,0.0,61200.0,0.0,-55080.0,11
598,5,27,13,55080.0,0.0,61200.0,0.0,-55080.0,8
599,6,27,13,55080.0,0.0,61200.0,0.0,-55080.0,6
600,7,27,13,55080.0,0.0,61200.0,0.0,-55080.0,4
601,8,27,13,55080.0,0.0,61200.0,0.0,-55080.0,3
602,9,27,13,55080.0,0.0,61200.0,0.0,-55080.0,3
603,10,27,13,56304.0,1588.1568,62560.0,22160.0,-54715.8432,2
604,11,27,13,60588.01407,13418.6144,67320.01563,67320.0,-47169.39967,2
605,12,27,13,60588.01407,107544.0304,67320.01563,67320.0,46956.016330000006,2
606,13,27,13,60588.01407,144061.968,67320.01563,67320.0,83473.95392999999,2
607,14,27,13,58320.01758,154801.344,64800.01953,64800.0,96481.32642000001,1
608,15,27,13,58545.01758,187668.656,65050.01953,65050.0,129123.63841999999,0
609,16,27,13,58995.01407,224683.552,65550.01563,65550.0,165688.53793,0
610,17,27,13,59445.01407,316548.872,66050.01563,66050.0,257103.85792999997,0
611,18,27,13,59895.01407,401316.28,66550.01563,66550.0,341421.26593000005,0
612,19,27,13,60345.01407,415776.88,67050.01563,67050.0,355431.86593,0
613,20,27,13,60345.01407,387138.704,67050.01563,67050.0,326793.68993000005,0
614,21,27,13,60345.01407,453989.728,67050.01563,67050.0,393644.71393,0
615,22,27,13,60345.01407,463288.392,67050.01563,67050.0,402943.37793,0
616,3,28,13,55080.0,0.0,61200.0,0.0,-55080.0,14
617,4,28,13,55080.0,0.0,61200.0,0.0,-55080.0,12
618,5,28,13,55080.0,0.0,61200.0,0.0,-55080.0,10
619,6,28,13,55080.0,0.0,61200.0,0.0,-55080.0,7
620,7,28,13,55080.0,0.0,61200.0,0.0,-55080.0,5
621,8,28,13,55080.0,0.0,61200.0,0.0,-55080.0,4
622,9,28,13,55944.0,0.0,62160.0,0.0,-55944.0,3
623,10,28,13,60984.0,45217.84,67760.0,60960.0,-15766.160000000003,3
624,11,28,13,60588.01407,120932.9632,67320.01563,67320.0,60344.94913,2
625,12,28,13,60588.01407,152717.0544,67320.01563,67320.0,92129.04032999999,2
626,13,28,13,60588.01407,186585.6992,67320.01563,67320.0,125997.68513,2
627,14,28,13,58320.01758,176118.72,64800.01953,64800.0,117798.70242,2
628,15,28,13,58320.01758,139198.656,64800.01953,64800.0,80878.63841999999,1
629,16,28,13,58320.01758,148073.472,64800.01953,64800.0,89753.45442000001,0
630,17,28,13,58320.01758,283839.552,64800.01953,64800.0,225519.53442000004,0
631,18,28,13,58320.01758,360712.512,64800.01953,64800.0,302392.49442,0
632,19,28,13,59895.01407,301760.744,66550.01563,66550.0,241865.72993,0
633,20,28,13,60345.01407,269001.128,67050.01563,67050.0,208656.11393000002,0
634,3,29,13,55080.0,0.0,61200.0,0.0,-55080.0,14
635,4,29,13,55080.0,0.0,61200.0,0.0,-55080.0,12
636,5,29,13,55080.0,0.0,61200.0,0.0,-55080.0,10
637,6,29,13,55080.0,0.0,61200.0,0.0,-55080.0,8
638,7,29,13,55080.0,0.0,61200.0,0.0,-55080.0,5
639,8,29,13,55080.0,0.0,61200.0,0.0,-55080.0,4
640,9,29,13,59400.0,0.0,66000.0,0.0,-59400.0,3
641,10,29,13,62856.01407,0.0,69840.01563,0.0,-62856.01407,3
642,11,29,13,62604.01407,61559.376,69560.01563,69560.0,-1044.6380700000009,3
643,12,29,13,61092.01407,121365.5408,67880.01563,67880.0,60273.526730000005,2
644,13,29,13,59832.01407,156669.9296,66480.01563,66480.0,96837.91553,2
645,14,29,13,58320.01758,99591.936,64800.01953,64800.0,41271.91842,2
646,15,29,13,58320.01758,107663.232,64800.01953,64800.0,49343.214420000004,2
647,16,29,13,58320.01758,81062.784,64800.01953,64800.0,22742.76642,1
648,4,30,13,55080.0,0.0,61200.0,0.0,-55080.0,12
649,5,30,13,55080.0,0.0,61200.0,0.0,-55080.0,12
650,6,30,13,55080.0,0.0,61200.0,0.0,-55080.0,9
651,7,30,13,55080.0,0.0,61200.0,0.0,-55080.0,6
652,8,30,13,55080.0,0.0,61200.0,0.0,-55080.0,5
653,9,30,13,55080.0,0.0,61200.0,0.0,-55080.0,4
654,10,30,13,57672.0,0.0,64080.0,0.0,-57672.0,3
655,11,30,13,62856.0,0.0,69840.0,0.0,-62856.0,3
656,12,30,13,61344.00703,31728.8096,68160.00781,68160.0,-29615.19743,3
657,13,30,13,60084.01407,72669.0528,66760.01563,66760.0,12585.038730000007,2
658,14,30,13,58320.01758,90284.928,64800.01953,64800.0,31964.91042,2
659,15,30,13,58320.01758,76582.848,64800.01953,64800.0,18262.83042,2
660,16,30,13,58320.01758,86646.912,64800.01953,64800.0,28326.894419999997,2
661,4,31,13,55080.0,0.0,61200.0,0.0,-55080.0,14
662,5,31,13,55080.0,0.0,61200.0,0.0,-55080.0,12
663,6,31,13,55080.0,0.0,61200.0,0.0,-55080.0,10
664,7,31,13,55080.0,0.0,61200.0,0.0,-55080.0,8
665,8,31,13,55080.0,0.0,61200.0,0.0,-55080.0,6
666,9,31,13,55080.0,0.0,61200.0,0.0,-55080.0,4
667,10,31,13,55080.0,0.0,61200.0,0.0,-55080.0,3
668,11,31,13,55080.0,0.0,61200.0,0.0,-55080.0,3
669,12,31,13,58032.0,0.0,64480.0,0.0,-58032.0,3
670,13,31,13,59976.0,0.0,66640.0,0.0,-59976.0,3
671,14,31,13,60588.0,0.0,67320.0,0.0,-60588.0,2
672,15,31,13,59832.00703,41854.3808,66480.00781,66480.0,-17977.62623,2
673,5,32,13,55080.0,0.0,61200.0,0.0,-55080.0,12
674,6,32,13,55080.0,0.0,61200.0,0.0,-55080.0,10
675,7,32,13,55080.0,0.0,61200.0,0.0,-55080.0,9
676,8,32,13,55080.0,0.0,61200.0,0.0,-55080.0,8
677,9,32,13,55080.0,0.0,61200.0,0.0,-55080.0,6
678,10,32,13,55080.0,0.0,61200.0,0.0,-55080.0,5
679,11,32,13,55080.0,0.0,61200.0,0.0,-55080.0,4
680,12,32,13,55080.0,0.0,61200.0,0.0,-55080.0,3
681,13,32,13,55080.0,0.0,61200.0,0.0,-55080.0,3
682,14,32,13,56556.0,0.0,62840.0,0.0,-56556.0,3
683,15,32,13,62100.00703,0.0,69000.00781,0.0,-62100.00703,2
684,6,33,13,55080.0,0.0,61200.0,0.0,-55080.0,12
685,7,33,13,55080.0,0.0,61200.0,0.0,-55080.0,10
686,8,33,13,55080.0,0.0,61200.0,0.0,-55080.0,9
687,9,33,13,55080.0,0.0,61200.0,0.0,-55080.0,8
688,10,33,13,55080.0,0.0,61200.0,0.0,-55080.0,7
689,11,33,13,55080.0,0.0,61200.0,0.0,-55080.0,5
690,12,33,13,55080.0,0.0,61200.0,0.0,-55080.0,4
691,13,33,13,55080.0,0.0,61200.0,0.0,-55080.0,3
692,14,33,13,60012.0,0.0,66680.0,0.0,-60012.0,3
693,15,33,13,62856.01407,805.6768,69840.01563,69840.0,-62050.337269999996,3
694,7,34,13,55080.0,0.0,61200.0,0.0,-55080.0,12
695,8,34,13,55080.0,0.0,61200.0,0.0,-55080.0,10
696,9,34,13,55080.0,0.0,61200.0,0.0,-55080.0,9
697,10,34,13,55080.0,0.0,61200.0,0.0,-55080.0,8
698,11,34,13,55080.0,0.0,61200.0,0.0,-55080.0,8
699,12,34,13,55080.0,0.0,61200.0,0.0,-55080.0,6
700,13,34,13,55080.0,0.0,61200.0,0.0,-55080.0,5
701,14,34,13,57924.0,0.0,64360.0,0.0,-57924.0,4
702,15,34,13,62856.01407,0.0,69840.01563,0.0,-62856.01407,4
703,8,35,13,55080.0,0.0,61200.0,0.0,-55080.0,12
704,9,35,13,55080.0,0.0,61200.0,0.0,-55080.0,10
705,10,35,13,55080.0,0.0,61200.0,0.0,-55080.0,9
706,11,35,13,55080.0,0.0,61200.0,0.0,-55080.0,8
707,12,35,13,55080.0,0.0,61200.0,0.0,-55080.0,8
708,13,35,13,55080.0,0.0,61200.0,0.0,-55080.0,7
709,14,35,13,55080.0,0.0,61200.0,0.0,-55080.0,7
710,15,35,13,56556.0,0.0,62840.0,0.0,-56556.0,7
711,10,36,13,55080.0,0.0,61200.0,0.0,-55080.0,10
712,11,36,13,55080.0,0.0,61200.0,0.0,-55080.0,9
713,12,36,13,55080.0,0.0,61200.0,0.0,-55080.0,8
714,13,36,13,55080.0,0.0,61200.0,0.0,-55080.0,8
715,14,36,13,55080.0,0.0,61200.0,0.0,-55080.0,8
716,15,36,13,55080.0,0.0,61200.0,0.0,-55080.0,8
717,13,9,14,3851.145,0.0,12850.0,0.0,-3851.145,6
718,14,9,14,3740.256,0.0,12480.0,0.0,-3740.256,6
719,15,9,14,3452.544,0.0,11520.0,0.0,-3452.544,6
720,16,9,14,2890.3068,0.0,9644.0,0.0,-2890.3068,6
721,17,9,14,2391.9057,0.0,7981.0,0.0,-2391.9057,6
722,18,9,14,2050.5474,0.0,6842.0,0.0,-2050.5474,6
723,19,9,14,1071.9936,0.0,4024.0,0.0,-1071.9936,6
724,20,9,14,71.98794,0.0,720.6,0.0,-71.98794,6
725,12,10,14,3986.01,0.0,13300.0,0.0,-3986.01,6
726,13,10,14,3914.082,0.0,13060.0,0.0,-3914.082,6
727,14,10,14,3710.286,0.0,12380.0,0.0,-3710.286,5
728,15,10,14,3461.535,0.0,11550.0,0.0,-3461.535,5
729,16,10,14,3077.919,0.0,10270.0,0.0,-3077.919,5
730,17,10,14,2409.588,0.0,8040.0,0.0,-2409.588,5
731,18,10,14,883.9152,0.0,3318.0,0.0,-883.9152,5
732,19,10,14,5.32467,0.0,159.9,0.0,-5.32467,5
733,10,11,14,4165.83,0.0,13900.0,0.0,-4165.83,6
734,11,11,14,4117.878,0.0,13740.0,0.0,-4117.878,6
735,12,11,14,4066.929,0.0,13570.0,0.0,-4066.929,6
736,13,11,14,3911.085,0.0,13050.0,0.0,-3911.085,5
737,14,11,14,3668.328,0.0,12240.0,0.0,-3668.328,5
738,15,11,14,3413.583,0.0,11390.0,0.0,-3413.583,5
739,16,11,14,2999.997,0.0,10010.0,0.0,-2999.997,5
740,17,11,14,1247.0517,0.0,4161.0,0.0,-1247.0517,5
741,9,12,14,4300.695,0.0,14350.0,0.0,-4300.695,6
742,10,12,14,4252.743,0.0,14190.0,0.0,-4252.743,6
743,11,12,14,4204.791,0.0,14030.0,0.0,-4204.791,5
744,12,12,14,4099.896,0.0,13680.0,0.0,-4099.896,5
745,13,12,14,3869.127,0.0,12910.0,0.0,-3869.127,5
746,14,12,14,3578.418,0.0,11940.0,0.0,-3578.418,5
747,15,12,14,3170.826,0.0,10580.0,0.0,-3170.826,5
748,16,12,14,2687.7096,0.0,8968.0,0.0,-2687.7096,5
749,17,12,14,1684.314,0.0,5620.0,0.0,-1684.314,5
750,18,12,14,11.81484,0.0,177.4,0.0,-11.81484,5
751,7,13,14,4591.404,0.0,15320.0,0.0,-4591.404,8
752,8,13,14,4492.503,0.0,14990.0,0.0,-4492.503,7
753,9,13,14,4396.599,0.0,14670.0,0.0,-4396.599,6
754,10,13,14,4339.656,0.0,14480.0,0.0,-4339.656,5
755,11,13,14,4269.5262,4544.5304,14246.0,3156.0,275.0041999999994,5
756,12,13,14,4057.938,0.0,13540.0,0.0,-4057.938,5
757,13,13,14,3701.295,0.0,12350.0,0.0,-3701.295,5
758,14,13,14,3239.757,0.0,10810.0,0.0,-3239.757,4
759,15,13,14,2751.246,0.0,9180.0,0.0,-2751.246,4
760,16,13,14,2263.0347,0.0,7551.0,0.0,-2263.0347,4
761,17,13,14,1740.0582,0.0,5806.0,0.0,-1740.0582,4
762,18,13,14,226.9395,0.0,1363.0,0.0,-226.9395,4
763,6,14,14,4822.173,0.0,16090.0,0.0,-4822.173,10
764,7,14,14,4717.5777,5422.288,15741.0,3521.0,704.7102999999997,7
765,8,14,14,4616.2791,10039.0624,15403.0,5183.0,5422.783300000001,6
766,9,14,14,4512.5829,5663.5704,15057.0,3377.0,1150.9874999999993,5
767,10,14,14,4423.572,8473.3048,14760.0,4945.0,4049.7327999999998,5
768,11,14,14,4209.2865,3703.828,14045.0,1585.0,-505.4585000000002,5
769,12,14,14,3788.208,0.0,12640.0,0.0,-3788.208,4
770,13,14,14,3302.694,0.0,11020.0,0.0,-3302.694,4
771,14,14,14,2814.7824,0.0,9392.0,0.0,-2814.7824,3
772,15,14,14,2326.5711,0.0,7763.0,0.0,-2326.5711,2
773,16,14,14,1838.3598,0.0,6134.0,0.0,-1838.3598,1
774,17,14,14,1350.1485,0.0,4505.0,0.0,-1350.1485,1
775,18,14,14,577.8216,0.0,2169.0,0.0,-577.8216,1
776,5,15,14,5097.897,0.0,17010.0,0.0,-5097.897,10
777,6,15,14,4990.005,0.0,16650.0,0.0,-4990.005,8
778,7,15,14,4881.2139,3298.2168,16287.0,1817.0,-1582.9970999999996,6
779,8,15,14,4771.5237,9749.4152,15921.0,5371.0,4977.8915,5
780,9,15,14,4667.2281,10120.9576,15573.0,5263.0,5453.7294999999995,4
781,10,15,14,4565.0304,6220.9624,15232.0,3452.0,1655.9320000000007,5
782,11,15,14,4174.5213,11920.1752,13929.0,4810.0,7745.653899999999,3
783,12,15,14,3577.2192,14838.4072,11936.0,4093.0,11261.188,3
784,13,15,14,2997.8991,13546.4488,10003.0,3375.0,10548.5497,3
785,14,15,14,2452.23531,9702.1948,8182.3,2682.3,7249.959489999999,0
786,15,15,14,1923.38469,3313.87,6417.7,1418.7,1390.4853099999998,1
787,16,15,14,1422.3762,0.0,4746.0,0.0,-1422.3762,1
788,17,15,14,926.073,0.0,3090.0,0.0,-926.073,1
789,18,15,14,434.565,0.0,1450.0,0.0,-434.565,1
790,19,15,14,0.0091575,0.0,0.275,0.0,-0.0091575,1
791,4,16,14,5379.615,0.0,17950.0,0.0,-5379.615,11
792,5,16,14,5268.726,0.0,17580.0,0.0,-5268.726,8
793,6,16,14,5160.834,0.0,17220.0,0.0,-5160.834,6
794,7,16,14,5052.3426,3337.5704,16858.0,1838.0,-1714.7721999999999,5
795,8,16,14,4959.4356,9463.9816,16548.0,5438.0,4504.545999999999,5
796,9,16,14,4885.4097,6082.7488,16301.0,3571.0,1197.3391000000001,4
797,10,16,14,4822.173,0.0,16090.0,0.0,-4822.173,4
798,11,16,14,4657.338,0.0,15540.0,0.0,-4657.338,3
799,12,16,14,4093.902,0.0,13660.0,0.0,-4093.902,2
800,13,16,14,3437.559,0.0,11470.0,0.0,-3437.559,2
801,14,16,14,2780.0172,0.0,9276.0,0.0,-2780.0172,1
802,15,16,14,2126.0718,0.0,7094.0,0.0,-2126.0718,1
803,16,16,14,1479.6189,0.0,4937.0,0.0,-1479.6189,1
804,17,16,14,846.9522,0.0,2826.0,0.0,-846.9522,1
805,18,16,14,218.02176,0.0,818.4,0.0,-218.02176,1
806,4,17,14,5550.444,0.0,18520.0,0.0,-5550.444,11
807,5,17,14,5442.552,0.0,18160.0,0.0,-5442.552,7
808,6,17,14,5337.657,0.0,17810.0,0.0,-5337.657,5
809,7,17,14,5256.738,0.0,17540.0,0.0,-5256.738,5
810,8,17,14,5193.801,0.0,17330.0,0.0,-5193.801,4
811,9,17,14,5130.864,0.0,17120.0,0.0,-5130.864,4
812,10,17,14,5066.7282,9026.6776,16906.0,5546.0,3959.9494000000013,3
813,11,17,14,4998.996,3193.188,16680.0,1800.0,-1805.808,3
814,12,17,14,4694.2011,9454.82,15663.0,5013.0,4760.6188999999995,2
815,13,17,14,4060.0359,10651.268,13547.0,4285.0,6591.2321,1
816,14,17,14,3402.1944,5236.8992,11352.0,2450.0,1834.7048,1
817,15,17,14,2744.6526,0.0,9158.0,0.0,-2744.6526,1
818,16,17,14,2087.1108,0.0,6964.0,0.0,-2087.1108,0
819,17,17,14,1434.6639,0.0,4787.0,0.0,-1434.6639,0
820,18,17,14,942.8562,0.0,3146.0,0.0,-942.8562,0
821,19,17,14,864.9342,0.0,2886.0,0.0,-864.9342,0
822,20,17,14,636.696,0.0,2390.0,0.0,-636.696,0
823,21,17,14,239.9598,0.0,1201.0,0.0,-239.9598,1
824,22,17,14,53.59635,0.0,536.5,0.0,-53.59635,1
825,23,17,14,38.69127,0.0,387.3,0.0,-38.69127,1
826,24,17,14,1.336995,0.0,40.15,0.0,-1.336995,1
827,4,18,14,5751.243,0.0,19190.0,0.0,-5751.243,8
828,5,18,14,5634.36,0.0,18800.0,0.0,-5634.36,7
829,6,18,14,5562.432,0.0,18560.0,0.0,-5562.432,5
830,7,18,14,5499.495,0.0,18350.0,0.0,-5499.495,4
831,8,18,14,5436.558,0.0,18140.0,0.0,-5436.558,4
832,9,18,14,5373.621,0.0,17930.0,0.0,-5373.621,3
833,10,18,14,5310.684,0.0,17720.0,0.0,-5310.684,3
834,11,18,14,5248.3464,10469.876,17512.0,5762.0,5221.5296,2
835,12,18,14,5145.2496,27629.5504,17168.0,11322.0,22484.3008,2
836,13,18,14,4680.4149,26613.4816,15617.0,10185.0,21933.0667,1
837,14,18,14,4024.3716,16848.5344,13428.0,5818.0,12824.1628,1
838,15,18,14,3366.8298,8450.8896,11234.0,3514.0,5084.059800000001,0
839,16,18,14,2767.30992,6114.2896,9233.6,1936.6,3346.97968,0
840,17,18,14,2514.7827,0.0,8391.0,0.0,-2514.7827,0
841,18,18,14,2650.5468,0.0,8844.0,0.0,-2650.5468,0
842,19,18,14,2806.0911,0.0,9363.0,0.0,-2806.0911,0
843,20,18,14,2616.0813,0.0,8729.0,0.0,-2616.0813,0
844,21,18,14,2257.0407,0.0,7531.0,0.0,-2257.0407,0
845,22,18,14,1883.9142,0.0,6286.0,0.0,-1883.9142,1
846,23,18,14,1371.1275,0.0,4575.0,0.0,-1371.1275,1
847,24,18,14,511.488,0.0,1920.0,0.0,-511.488,1
848,25,18,14,4.25574,0.0,127.8,0.0,-4.25574,1
849,3,19,14,9303.021,0.0,21490.0,0.0,-9303.021,11
850,4,19,14,6014.979,0.0,20070.0,0.0,-6014.979,7
851,5,19,14,6008.985,0.0,20050.0,0.0,-6008.985,6
852,6,19,14,5907.087,0.0,19710.0,0.0,-5907.087,5
853,7,19,14,5808.186,0.0,19380.0,0.0,-5808.186,4
854,8,19,14,5718.276,0.0,19080.0,0.0,-5718.276,3
855,9,19,14,5637.357,0.0,18810.0,0.0,-5637.357,3
856,10,19,14,5562.432,0.0,18560.0,0.0,-5562.432,2
857,11,19,14,5496.1983,8186.1112,18339.0,4089.0,2689.9129000000003,2
858,12,19,14,5429.6649,33208.7504,18117.0,12168.0,27779.085499999997,1
859,13,19,14,5233.6611,35822.6264,17463.0,11821.0,30588.9653,1
860,14,19,14,4660.0353,11149.2024,15549.0,5169.0,6489.167100000001,0
861,15,19,14,4216.4793,11623.6208,14069.0,4624.0,7407.141500000001,0
862,16,19,14,4222.4733,16198.9704,14089.0,4683.0,11976.4971,0
863,17,19,14,4436.4591,21402.9952,14803.0,4935.0,16966.5361,0
864,18,19,14,4663.332,17449.3416,15560.0,3430.0,12786.0096,0
865,19,19,14,4729.266,0.0,15780.0,0.0,-4729.266,0
866,20,19,14,4480.515,0.0,14950.0,0.0,-4480.515,0
867,21,19,14,4057.938,0.0,13540.0,0.0,-4057.938,0
868,22,19,14,3272.724,0.0,10920.0,0.0,-3272.724,0
869,23,19,14,2359.2384,0.0,7872.0,0.0,-2359.2384,1
870,24,19,14,1576.7217,0.0,5261.0,0.0,-1576.7217,1
871,25,19,14,590.6088,0.0,2217.0,0.0,-590.6088,1
872,3,20,14,10873.692,0.0,21730.0,0.0,-10873.692,10
873,4,20,14,6230.763,0.0,20790.0,0.0,-6230.763,7
874,5,20,14,10117.386,0.0,21660.0,0.0,-10117.386,5
875,6,20,14,9337.653,0.0,21570.0,0.0,-9337.653,5
876,7,20,14,8467.524,0.0,21190.0,0.0,-8467.524,4
877,8,20,14,6233.76,0.0,20800.0,0.0,-6233.76,3
878,9,20,14,6116.877,0.0,20410.0,0.0,-6116.877,2
879,10,20,14,6002.991,0.0,20030.0,0.0,-6002.991,2
880,11,20,14,5888.2059,16860.4992,19647.0,6587.0,10972.293299999998,2
881,12,20,14,5781.5127,25678.1232,19291.0,10853.0,19896.610500000003,1
882,13,20,14,5678.4159,48976.8312,18947.0,12814.0,43298.4153,0
883,14,20,14,5641.5528,43465.8232,18824.0,12981.0,37824.2704,0
884,15,20,14,6546.114,28531.8016,19658.0,13712.0,21985.687599999997,0
885,16,20,14,8246.5452,35212.0024,20637.0,14118.0,26965.457199999997,0
886,17,20,14,9292.1985,46435.8136,21465.0,14353.0,37143.6151,0
887,18,20,14,11126.8944,45937.536,22236.0,14400.0,34810.6416,0
888,19,20,14,10227.6216,35864.0992,21896.0,14394.0,25636.4776,0
889,20,20,14,6688.305,38409.368,20085.0,11493.0,31721.063000000002,0
890,21,20,14,5228.5662,22012.2368,17446.0,5816.0,16783.670599999998,0
891,22,20,14,4222.773,0.0,14090.0,0.0,-4222.773,0
892,23,20,14,3287.709,0.0,10970.0,0.0,-3287.709,0
893,24,20,14,2593.6038,0.0,8654.0,0.0,-2593.6038,1
894,25,20,14,1824.8733,0.0,6089.0,0.0,-1824.8733,1
895,26,20,14,248.751,0.0,1245.0,0.0,-248.751,1
896,3,21,14,10883.7,0.0,21750.0,0.0,-10883.7,10
897,4,21,14,10112.715,0.0,21650.0,0.0,-10112.715,7
898,5,21,14,13680.837,0.0,22790.0,0.0,-13680.837,5
899,6,21,14,14047.02,0.0,23400.0,0.0,-14047.02,4
900,7,21,14,13866.93,0.0,23100.0,0.0,-13866.93,3
901,8,21,14,13632.813,0.0,22710.0,0.0,-13632.813,3
902,9,21,14,12661.11,0.0,22330.0,0.0,-12661.11,2
903,10,21,14,10978.776,0.0,21940.0,0.0,-10978.776,2
904,11,21,14,9328.995,0.0,21550.0,0.0,-9328.995,1
905,12,21,14,8458.3332,49343.9632,21167.0,18697.0,40885.63,1
906,13,21,14,6231.962971,95475.8152,20794.00391,20794.0,89243.852229,0
907,14,21,14,7728.93,90130.576,21100.0,14198.0,82401.64600000001,0
908,15,21,14,12812.499,24598.272,22597.0,14400.0,11785.773000000001,0
909,16,21,14,14510.4516,28074.432,24172.0,14400.0,13563.9804,0
910,17,21,14,15433.713,28113.216,25710.0,12000.0,12679.503,0
911,18,21,14,16262.127,18883.776,27090.0,7200.0,2621.6490000000013,0
912,19,21,14,15787.89,22660.608,26300.0,7200.0,6872.718000000001,0
913,20,21,14,14299.146,20490.24,23820.0,7200.0,6191.094000000001,0
914,21,21,14,8346.4452,24431.6368,20887.0,7117.0,16085.1916,0
915,22,21,14,5207.2875,21509.0992,17375.0,6165.0,16301.8117,0
916,23,21,14,4239.8559,13618.9216,14147.0,5073.0,9379.0657,0
917,24,21,14,3618.2781,8547.7584,12073.0,3002.0,4929.480300000001,0
918,25,21,14,2968.2288,0.0,9904.0,0.0,-2968.2288,1
919,26,21,14,1572.5259,0.0,5247.0,0.0,-1572.5259,1
920,27,21,14,219.1806,0.0,1097.0,0.0,-219.1806,1
921,3,22,14,12474.0,0.0,22000.0,0.0,-12474.0,10
922,4,22,14,13548.771,0.0,22570.0,0.0,-13548.771,7
923,5,22,14,14245.119,0.0,23730.0,0.0,-14245.119,5
924,6,22,14,14899.446,0.0,24820.0,0.0,-14899.446,4
925,7,22,14,15013.503,0.0,25010.0,0.0,-15013.503,3
926,8,22,14,14785.389,0.0,24630.0,0.0,-14785.389,2
927,9,22,14,14551.272,0.0,24240.0,0.0,-14551.272,2
928,10,22,14,14317.155,0.0,23850.0,0.0,-14317.155,2
929,11,22,14,14095.044,0.0,23480.0,0.0,-14095.044,1
930,12,22,14,13869.3312,18126.336,23104.0,14400.0,4257.004799999999,1
931,13,22,14,13646.0196,79521.984,22732.0,19200.0,65875.9644,0
932,14,22,14,13709.6514,85724.544,22838.0,14400.0,72014.89259999999,0
933,15,22,14,14517.0549,71280.96,24183.0,14400.0,56763.9051,0
934,16,22,14,15463.728,26846.4,25760.0,14400.0,11382.672000000002,0
935,17,22,14,16412.202,31094.4,27340.0,14400.0,14682.198,0
936,18,22,14,17288.64,33349.632,28800.0,14400.0,16060.991999999998,0
937,19,22,14,17606.799,42116.16,29330.0,12000.0,24509.361000000004,0
938,20,22,14,16466.229,25232.64,27430.0,7200.0,8766.411,0
939,21,22,14,14563.278,22336.32,24260.0,7200.0,7773.0419999999995,0
940,22,22,14,7495.2306,22343.6936,20462.0,6952.0,14848.463,0
941,23,22,14,5050.8441,16484.46,16853.0,5833.0,11433.615899999999,0
942,24,22,14,4495.5,0.0,15000.0,0.0,-4495.5,0
943,25,22,14,3854.142,0.0,12860.0,0.0,-3854.142,0
944,26,22,14,2584.0134,0.0,8622.0,0.0,-2584.0134,1
945,27,22,14,935.3637,0.0,3121.0,0.0,-935.3637,1
946,3,23,14,13524.759,0.0,22530.0,0.0,-13524.759,10
947,4,23,14,14107.05,0.0,23500.0,0.0,-14107.05,7
948,5,23,14,14803.398,0.0,24660.0,0.0,-14803.398,5
949,6,23,14,15499.746,0.0,25820.0,0.0,-15499.746,4
950,7,23,14,16028.01,0.0,26700.0,0.0,-16028.01,3
951,8,23,14,15931.962,0.0,26540.0,0.0,-15931.962,2
952,9,23,14,15703.848,0.0,26160.0,0.0,-15703.848,2
953,10,23,14,15481.737,0.0,25790.0,0.0,-15481.737,2
954,11,23,14,15259.626,0.0,25420.0,0.0,-15259.626,1
955,12,23,14,15033.3129,26259.072,25043.0,21600.0,11225.7591,1
956,13,23,14,14810.0013,83847.168,24671.0,21600.0,69037.1667,0
957,14,23,14,14770.9818,107172.864,24606.0,21600.0,92401.88220000001,0
958,15,23,14,15500.3463,107203.584,25821.0,21600.0,91703.2377,0
959,16,23,14,16406.199,63201.216,27330.0,21600.0,46795.017,0
960,17,23,14,17355.8736,73550.976,28912.0,21600.0,56195.102399999996,0
961,18,23,14,18153.072,54141.888,30240.0,14400.0,35988.816,0
962,19,23,14,18747.369,48634.752,31230.0,14400.0,29887.383,0
963,20,23,14,18435.213,56142.144,30710.0,14400.0,37706.931,0
964,21,23,14,16142.067,33612.672,26890.0,9600.0,17470.605,0
965,22,23,14,11081.358,20344.2792,22145.0,7035.0,9262.9212,0
966,23,23,14,5601.393,17500.8856,18690.0,6050.0,11899.492600000001,0
967,24,23,14,4819.176,0.0,16080.0,0.0,-4819.176,0
968,25,23,14,3800.196,0.0,12680.0,0.0,-3800.196,0
969,26,23,14,2632.5648,0.0,8784.0,0.0,-2632.5648,1
970,27,23,14,1048.0509,0.0,3497.0,0.0,-1048.0509,1
971,3,24,14,13986.99,0.0,23300.0,0.0,-13986.99,10
972,4,24,14,14665.329,0.0,24430.0,0.0,-14665.329,7
973,5,24,14,15361.677,0.0,25590.0,0.0,-15361.677,5
974,6,24,14,16052.022,0.0,26740.0,0.0,-16052.022,4
975,7,24,14,16622.307,0.0,27690.0,0.0,-16622.307,3
976,8,24,14,17024.508,0.0,28360.0,0.0,-17024.508,2
977,9,24,14,16868.43,0.0,28100.0,0.0,-16868.43,2
978,10,24,14,16646.319,0.0,27730.0,0.0,-16646.319,2
979,11,24,14,16418.205,934.08,27350.0,7200.0,-15484.125000000002,1
980,12,24,14,16197.8949,3682.944,26983.0,19200.0,-12514.9509,1
981,13,24,14,15974.5833,52002.432,26611.0,21600.0,36027.8487,0
982,14,24,14,15862.9275,21030.336,26425.0,21600.0,5167.4085,0
983,15,24,14,16506.4491,30599.616,27497.0,21600.0,14093.1669,0
984,16,24,14,17372.682,27155.328,28940.0,14400.0,9782.646,0
985,17,24,14,18285.138,35249.856,30460.0,14400.0,16964.718,0
986,18,24,14,18993.492,61657.152,31640.0,14400.0,42663.66,0
987,19,24,14,19359.675,22760.448,32250.0,14400.0,3400.773000000001,0
988,20,24,14,18951.471,59231.616,31570.0,14400.0,40280.145000000004,0
989,21,24,14,16562.277,50140.992,27590.0,14400.0,33578.715,0
990,22,24,14,11472.1704,22683.6408,22926.0,9576.0,11211.4704,0
991,23,24,14,5719.1751,16702.5592,19083.0,6383.0,10983.3841,0
992,24,24,14,4625.2701,11156.3288,15433.0,5203.0,6531.0587,0
993,25,24,14,3529.8666,7646.4808,11778.0,2806.0,4116.6142,0
994,26,24,14,2437.4601,0.0,8133.0,0.0,-2437.4601,1
995,27,24,14,1143.0558,0.0,3814.0,0.0,-1143.0558,1
996,28,24,14,18.46152,0.0,184.8,0.0,-18.46152,1
997,3,25,14,14521.257,0.0,24190.0,0.0,-14521.257,10
998,4,25,14,15217.605,0.0,25350.0,0.0,-15217.605,7
999,5,25,14,15859.926,0.0,26420.0,0.0,-15859.926,5
1000,6,25,14,16154.073,0.0,26910.0,0.0,-16154.073,4
1001,7,25,14,16382.187,0.0,27290.0,0.0,-16382.187,3
1002,8,25,14,17588.79,0.0,29300.0,0.0,-17588.79,2
1003,9,25,14,18015.003,0.0,30010.0,0.0,-18015.003,2
1004,10,25,14,17804.898,0.0,29660.0,0.0,-17804.898,2
1005,11,25,14,17582.787,3999.936,29290.0,14400.0,-13582.851,2
1006,12,25,14,17362.4769,21447.552,28923.0,21600.0,4085.075099999998,1
1007,13,25,14,17139.1653,63356.352,28551.0,21600.0,46217.1867,0
1008,14,25,14,16975.2834,53091.456,28278.0,21600.0,36116.1726,0
1009,15,25,14,17515.5534,110292.864,29178.0,21600.0,92777.3106,0
1010,16,25,14,18366.1785,152031.36,30595.0,21600.0,133665.18149999998,0
1011,17,25,14,19113.552,170529.408,31840.0,21600.0,151415.856,0
1012,18,25,14,19245.618,106206.72,32060.0,21600.0,86961.102,0
1013,19,25,14,18966.4785,106376.448,31595.0,21600.0,87409.9695,0
1014,20,25,14,18495.243,76540.224,30810.0,19200.0,58044.981,0
1015,21,25,14,16424.208,57934.272,27360.0,14400.0,41510.064,0
1016,22,25,14,11444.6484,53330.1456,22871.0,14386.0,41885.497200000005,0
1017,23,25,14,5735.6586,44516.1032,19138.0,12750.0,38780.444599999995,0
1018,24,25,14,4639.9554,15514.9176,15482.0,5162.0,10874.962200000002,0
1019,25,25,14,3513.3831,4904.8224,11723.0,1443.0,1391.4393,0
1020,26,25,14,2379.618,0.0,7940.0,0.0,-2379.618,0
1021,27,25,14,1258.4403,0.0,4199.0,0.0,-1258.4403,1
1022,28,25,14,162.5373,0.0,813.5,0.0,-162.5373,1
1023,2,26,14,14605.299,0.0,24330.0,0.0,-14605.299,12
1024,3,26,14,15067.53,0.0,25100.0,0.0,-15067.53,10
1025,4,26,14,15547.77,0.0,25900.0,0.0,-15547.77,7
1026,5,26,14,15577.785,0.0,25950.0,0.0,-15577.785,5
1027,6,26,14,15535.764,0.0,25880.0,0.0,-15535.764,4
1028,7,26,14,16052.022,0.0,26740.0,0.0,-16052.022,3
1029,8,26,14,17510.751,0.0,29170.0,0.0,-17510.751,3
1030,9,26,14,18957.474,0.0,31580.0,0.0,-18957.474,2
1031,10,26,14,18951.471,2694.912,31570.0,9600.0,-16256.559000000001,2
1032,11,26,14,18745.5681,10865.856,31227.0,21600.0,-7879.712100000001,2
1033,12,26,14,18526.4586,23293.44,30862.0,21600.0,4766.981399999997,1
1034,13,26,14,18303.147,62877.504,30490.0,21600.0,44574.357,0
1035,14,26,14,18102.0465,76146.816,30155.0,21600.0,58044.76950000001,0
1036,15,26,14,18527.6592,114046.848,30864.0,21600.0,95519.1888,0
1037,16,26,14,19293.642,145906.752,32140.0,21600.0,126613.11000000002,0
1038,17,26,14,19095.543,170514.048,31810.0,21600.0,151418.505,0
1039,18,26,14,18680.7357,152819.136,31119.0,21600.0,134138.4003,0
1040,19,26,14,18327.159,141024.96,30530.0,19200.0,122697.80099999999,0
1041,20,26,14,17948.97,113158.464,29900.0,14400.0,95209.494,0
1042,21,26,14,16250.121,79529.664,27070.0,14400.0,63279.543000000005,0
1043,22,26,14,12953.682,56628.48,22846.0,14400.0,43674.798,0
1044,23,26,14,5756.9373,56129.4304,19209.0,12814.0,50372.4931,0
1045,24,26,14,4675.6197,19422.3144,15601.0,5201.0,14746.6947,0
1046,25,26,14,3586.2102,5088.5512,11966.0,1466.0,1502.341,0
1047,26,26,14,2471.3262,0.0,8246.0,0.0,-2471.3262,0
1048,27,26,14,1369.9287,0.0,4571.0,0.0,-1369.9287,1
1049,28,26,14,255.0114,0.0,1094.0,0.0,-255.0114,3
1050,2,27,14,14905.449,0.0,24830.0,0.0,-14905.449,12
1051,3,27,14,15073.533,0.0,25110.0,0.0,-15073.533,10
1052,4,27,14,14941.467,0.0,24890.0,0.0,-14941.467,8
1053,5,27,14,14791.392,0.0,24640.0,0.0,-14791.392,5
1054,6,27,14,15115.554,0.0,25180.0,0.0,-15115.554,4
1055,7,27,14,15757.875,0.0,26250.0,0.0,-15757.875,3
1056,8,27,14,17198.595,0.0,28650.0,0.0,-17198.595,3
1057,9,27,14,19317.654,0.0,32180.0,0.0,-19317.654,2
1058,10,27,14,20050.02,10689.024,33400.0,9600.0,-9360.996000000001,2
1059,11,27,14,19881.936,18249.792,33120.0,21600.0,-1632.1440000000002,2
1060,12,27,14,19680.8355,45375.5136,32785.0,25539.0,25694.678099999997,2
1061,13,27,14,19466.5284,48269.9696,32428.0,25424.0,28803.441199999997,0
1062,14,27,14,19255.2228,56372.1256,32076.0,25306.0,37116.902799999996,0
1063,15,27,14,19541.5659,87488.0496,32553.0,25434.0,67946.4837,0
1064,16,27,14,19513.3518,86589.7736,32506.0,24079.0,67076.4218,0
1065,17,27,14,18516.2535,114564.096,30845.0,21600.0,96047.8425,0
1066,18,27,14,18099.045,122766.72,30150.0,19200.0,104667.675,0
1067,19,27,14,17708.85,80834.88,29500.0,14400.0,63126.030000000006,0
1068,20,27,14,17342.667,102113.664,28890.0,14400.0,84770.997,0
1069,21,27,14,16076.034,115004.544,26780.0,14400.0,98928.51,0
1070,22,27,14,13740.2667,118472.64,22889.0,14400.0,104732.3733,0
1071,23,27,14,5778.216,80037.5592,19280.0,12861.0,74259.3432,0
1072,24,27,14,4693.302,23385.2864,15660.0,5220.0,18691.9844,0
1073,25,27,14,3597.5988,13791.0184,12004.0,3975.0,10193.419600000001,0
1074,26,27,14,2485.7118,0.0,8294.0,0.0,-2485.7118,0
1075,27,27,14,1440.3582,0.0,4806.0,0.0,-1440.3582,1
1076,28,27,14,406.0935,0.0,1355.0,0.0,-406.0935,3
1077,2,28,14,14437.215,0.0,24050.0,0.0,-14437.215,12
1078,3,28,14,14293.143,0.0,23810.0,0.0,-14293.143,12
1079,4,28,14,14107.05,0.0,23500.0,0.0,-14107.05,9
1080,5,28,14,14221.107,0.0,23690.0,0.0,-14221.107,6
1081,6,28,14,14827.41,0.0,24700.0,0.0,-14827.41,4
1082,7,28,14,15475.734,0.0,25780.0,0.0,-15475.734,3
1083,8,28,14,16838.415,0.0,28050.0,0.0,-16838.415,3
1084,9,28,14,19251.621,1420.992,32070.0,2400.0,-17830.629,2
1085,10,28,14,20782.386,24004.416,34620.0,14400.0,3222.0300000000025,2
1086,11,28,14,21010.5,49430.592,35000.0,21600.0,28420.091999999997,2
1087,12,28,14,20812.401,42525.504,34670.0,21600.0,21713.103,2
1088,13,28,14,20614.302,54141.888,34340.0,21600.0,33527.585999999996,1
1089,14,28,14,20404.197,55207.68,33990.0,21600.0,34803.483,0
1090,15,28,14,20230.11,54945.024,33700.0,21600.0,34714.914,0
1091,16,28,14,18807.399,72207.552,31330.0,21600.0,53400.15299999999,0
1092,17,28,14,17942.967,116688.0,29890.0,21600.0,98745.033,0
1093,18,28,14,17541.3663,136406.4,29221.0,21600.0,118865.0337,0
1094,19,28,14,17139.1653,110918.016,28551.0,21600.0,93778.85070000001,0
1095,20,28,14,16727.9598,112655.808,27866.0,21600.0,95927.84820000001,0
1096,21,28,14,15813.7029,105457.728,26343.0,16800.0,89644.0251,0
1097,22,28,14,12946.311,102911.5584,22833.0,14377.0,89965.2474,0
1098,23,28,14,5709.5847,47148.4488,19051.0,6261.0,41438.8641,0
1099,24,28,14,4554.2412,36086.7632,15196.0,4956.0,31532.522,0
1100,25,28,14,3386.61,0.0,11300.0,0.0,-3386.61,0
1101,26,28,14,2260.6371,0.0,7543.0,0.0,-2260.6371,1
1102,27,28,14,1319.8788,0.0,4404.0,0.0,-1319.8788,1
1103,28,28,14,330.8688,0.0,1104.0,0.0,-330.8688,3
1104,29,28,14,48.53475,0.0,291.5,0.0,-48.53475,4
1105,30,28,14,64.1358,0.0,385.2,0.0,-64.1358,6
1106,31,28,14,4.374954,0.0,65.69,0.0,-4.374954,7
1107,2,29,14,11826.792,0.0,22160.0,0.0,-11826.792,14
1108,3,29,14,13446.72,0.0,22400.0,0.0,-13446.72,12
1109,4,29,14,13398.696,0.0,22320.0,0.0,-13398.696,10
1110,5,29,14,13896.945,0.0,23150.0,0.0,-13896.945,7
1111,6,29,14,14545.269,0.0,24230.0,0.0,-14545.269,5
1112,7,29,14,15193.593,0.0,25310.0,0.0,-15193.593,4
1113,8,29,14,16478.235,0.0,27450.0,0.0,-16478.235,3
1114,9,29,14,19047.519,5042.688,31730.0,12000.0,-14004.831,3
1115,10,29,14,20938.464,19608.96,34880.0,21600.0,-1329.5040000000008,2
1116,11,29,14,21976.983,42309.12,36610.0,21600.0,20332.137000000002,2
1117,12,29,14,21946.968,51886.656,36560.0,21600.0,29939.688000000002,2
1118,13,29,14,21790.89,59818.944,36300.0,21600.0,38028.054000000004,2
1119,14,29,14,21316.653,30970.752,35510.0,21600.0,9654.099000000002,1
1120,15,29,14,19839.915,35844.288,33050.0,21600.0,16004.373,0
1121,16,29,14,17963.3772,26042.88,29924.0,21600.0,8079.502800000002,0
1122,17,29,14,17340.2658,79282.176,28886.0,21600.0,61941.910200000006,0
1123,18,29,14,16715.3535,133131.456,27845.0,21600.0,116416.10250000001,0
1124,19,29,14,15748.2702,93416.256,26234.0,21600.0,77667.9858,0
1125,20,29,14,13746.348,81175.5088,24244.0,21583.0,67429.1608,0
1126,21,29,14,14517.0549,71241.984,24183.0,14400.0,56724.929099999994,0
1127,22,29,14,10167.8328,94207.4824,21768.0,14131.0,84039.64959999999,0
1128,23,29,14,5423.3712,64931.0688,18096.0,8264.0,59507.6976,0
1129,24,29,14,4250.6451,35238.536,14183.0,4842.0,30987.8909,0
1130,25,29,14,3077.919,0.0,10270.0,0.0,-3077.919,0
1131,26,29,14,2017.8801,0.0,6733.0,0.0,-2017.8801,1
1132,27,29,14,1158.6402,0.0,3866.0,0.0,-1158.6402,2
1133,28,29,14,261.90783,0.0,873.9,0.0,-261.90783,3
1134,29,29,14,409.0905,0.0,1365.0,0.0,-409.0905,4
1135,30,29,14,799.5996,0.0,2668.0,0.0,-799.5996,6
1136,31,29,14,615.2841,0.0,2053.0,0.0,-615.2841,7
1137,32,29,14,207.95184,0.0,780.6,0.0,-207.95184,8
1138,2,30,14,5946.048,0.0,19840.0,0.0,-5946.048,14
1139,3,30,14,6245.748,0.0,20840.0,0.0,-6245.748,12
1140,4,30,14,9320.337,0.0,21530.0,0.0,-9320.337,10
1141,5,30,14,13596.795,0.0,22650.0,0.0,-13596.795,8
1142,6,30,14,14257.125,0.0,23750.0,0.0,-14257.125,6
1143,7,30,14,14905.449,0.0,24830.0,0.0,-14905.449,4
1144,8,30,14,16118.055,0.0,26850.0,0.0,-16118.055,3
1145,9,30,14,18735.363,0.0,31210.0,0.0,-18735.363,3
1146,10,30,14,20608.299,2710.464,34330.0,7200.0,-17897.835,3
1147,11,30,14,21904.947,13592.256,36490.0,19200.0,-8312.691,2
1148,12,30,14,22298.1435,38220.7416,37145.0,25115.0,15922.598100000003,2
1149,13,30,14,21560.9751,50540.3768,35917.0,23347.0,28979.4017,2
1150,14,30,14,20758.374,50326.272,34580.0,21600.0,29567.897999999997,2
1151,15,30,14,18830.2104,35504.448,31368.0,21600.0,16674.237599999997,1
1152,16,30,14,16966.2789,30561.216,28263.0,21600.0,13594.9371,0
1153,17,30,14,13011.0723,37160.096,24379.0,21474.0,24149.023699999998,0
1154,18,30,14,9291.3327,60059.1416,21463.0,16435.0,50767.8089,0
1155,19,30,14,6172.488,59685.7296,18536.0,13226.0,53513.2416,0
1156,20,30,14,5551.9425,48477.3912,18525.0,12741.0,42925.4487,0
1157,21,30,14,8415.9756,57364.9744,21061.0,14221.0,48948.9988,0
1158,22,30,14,5697.297,77189.8288,19010.0,13050.0,71492.5318,0
1159,23,30,14,4951.044,64715.5608,16520.0,9565.0,59764.5168,0
1160,24,30,14,3934.4616,29196.9632,13128.0,4500.0,25262.5016,0
1161,25,30,14,2774.0232,0.0,9256.0,0.0,-2774.0232,1
1162,26,30,14,1799.9982,0.0,6006.0,0.0,-1799.9982,2
1163,27,30,14,989.3097,0.0,3301.0,0.0,-989.3097,3
1164,28,30,14,305.694,0.0,1020.0,0.0,-305.694,3
1165,29,30,14,720.7785,0.0,2405.0,0.0,-720.7785,6
1166,30,30,14,1193.1057,0.0,3981.0,0.0,-1193.1057,7
1167,31,30,14,942.8562,0.0,3146.0,0.0,-942.8562,7
1168,32,30,14,162.15768,0.0,811.6,0.0,-162.15768,9
1169,2,31,14,5229.765,0.0,17450.0,0.0,-5229.765,15
1170,3,31,14,5595.399,0.0,18670.0,0.0,-5595.399,14
1171,4,31,14,5727.267,0.0,19110.0,0.0,-5727.267,12
1172,5,31,14,7289.37,0.0,19900.0,0.0,-7289.37,10
1173,6,31,14,10051.992,0.0,21520.0,0.0,-10051.992,7
1174,7,31,14,13216.77,0.0,23310.0,0.0,-13216.77,5
1175,8,31,14,15673.833,0.0,26110.0,0.0,-15673.833,4
1176,9,31,14,18285.138,0.0,30460.0,0.0,-18285.138,3
1177,10,31,14,19407.699,0.0,32330.0,0.0,-19407.699,3
1178,11,31,14,20548.269,0.0,34230.0,0.0,-20548.269,3
1179,12,31,14,20242.116,6240.0,33720.0,9600.0,-14002.116000000002,2
1180,13,31,14,18951.471,13801.152,31570.0,14400.0,-5150.319000000001,2
1181,14,31,14,19521.756,23532.672,32520.0,19200.0,4010.9159999999974,2
1182,15,31,14,18638.1144,39497.472,31048.0,21600.0,20859.357600000003,2
1183,16,31,14,19137.564,24459.264,31880.0,21600.0,5321.700000000001,2
1184,17,31,14,12024.612,30276.9632,24030.0,20936.0,18252.351199999997,1
1185,18,31,14,4340.5551,41020.1464,14483.0,14483.0,36679.5913,1
1186,19,31,14,3231.60516,27186.0736,10782.8,10782.8,23954.46844,1
1187,20,31,14,4510.7847,43728.0416,15051.0,13386.0,39217.25689999999,0
1188,21,31,14,5245.9488,45899.7968,17504.0,12159.0,40653.848,0
1189,22,31,14,4654.9404,51690.5144,15532.0,10768.0,47035.574,0
1190,23,31,14,4007.5884,30115.1696,13372.0,7781.0,26107.5812,0
1191,24,31,14,3331.4652,4760.3376,11116.0,1327.0,1428.8723999999997,2
1192,25,31,14,2461.1364,0.0,8212.0,0.0,-2461.1364,2
1193,26,31,14,1598.0004,0.0,5332.0,0.0,-1598.0004,3
1194,27,31,14,812.7864,0.0,2712.0,0.0,-812.7864,3
1195,28,31,14,438.7608,0.0,1464.0,0.0,-438.7608,4
1196,29,31,14,665.334,0.0,2220.0,0.0,-665.334,6
1197,30,31,14,518.1813,0.0,1729.0,0.0,-518.1813,7
1198,31,31,14,143.59626,0.0,718.7,0.0,-143.59626,8
1199,36,31,14,1.601064,0.0,48.08,0.0,-1.601064,14
1200,37,31,14,109.8567,0.0,659.8,0.0,-109.8567,15
1201,38,31,14,114.76845,0.0,689.3,0.0,-114.76845,15
1202,3,32,14,4909.086,0.0,16380.0,0.0,-4909.086,14
1203,4,32,14,5055.939,0.0,16870.0,0.0,-5055.939,12
1204,5,32,14,4945.05,0.0,16500.0,0.0,-4945.05,10
1205,6,32,14,4924.071,0.0,16430.0,0.0,-4924.071,8
1206,7,32,14,5730.264,0.0,19120.0,0.0,-5730.264,7
1207,8,32,14,14803.398,0.0,24660.0,0.0,-14803.398,5
1208,9,32,14,17774.883,0.0,29610.0,0.0,-17774.883,4
1209,10,32,14,18573.282,0.0,30940.0,0.0,-18573.282,3
1210,11,32,14,18483.237,0.0,30790.0,0.0,-18483.237,3
1211,12,32,14,17594.793,0.0,29310.0,0.0,-17594.793,3
1212,13,32,14,17618.805,0.0,29350.0,0.0,-17618.805,2
1213,14,32,14,19077.534,0.0,31780.0,0.0,-19077.534,2
1214,15,32,14,18536.0634,22420.224,30878.0,21600.0,3884.1605999999992,2
1215,16,32,14,17582.1867,19979.52,29289.0,21600.0,2397.333300000002,2
1216,17,32,14,11928.0348,18308.156,23837.0,18759.0,6380.1212,2
1217,18,32,14,4158.3375,26229.1152,13875.0,12751.0,22070.7777,2
1218,19,32,14,2661.9354,15768.74544,8882.0,6351.0,13106.81004,2
1219,20,32,14,3281.715,13133.3816,10950.0,6020.0,9851.6666,2
1220,21,32,14,3881.7144,7669.6248,12952.0,4150.0,3787.9103999999998,2
1221,22,32,14,3700.9953,3261.8096,12349.0,1299.0,-439.1857,2
1222,23,32,14,3236.76,0.0,10800.0,0.0,-3236.76,2
1223,24,32,14,2763.234,0.0,9220.0,0.0,-2763.234,2
1224,25,32,14,2248.9488,0.0,7504.0,0.0,-2248.9488,3
1225,26,32,14,1474.8237,0.0,4921.0,0.0,-1474.8237,3
1226,27,32,14,487.512,0.0,1830.0,0.0,-487.512,4
1227,28,32,14,135.73413,0.0,582.3,0.0,-135.73413,6
1228,29,32,14,74.43216,0.0,279.4,0.0,-74.43216,7
1229,30,32,14,0.649017,0.0,19.49,0.0,-0.649017,8
1230,34,32,14,0.872127,0.0,26.19,0.0,-0.872127,12
1231,35,32,14,145.33785,0.0,872.9,0.0,-145.33785,13
1232,36,32,14,694.1052,0.0,2316.0,0.0,-694.1052,14
1233,37,32,14,1047.7512,0.0,3496.0,0.0,-1047.7512,15
1234,3,33,14,4225.77,0.0,14100.0,0.0,-4225.77,14
1235,4,33,14,4405.59,0.0,14700.0,0.0,-4405.59,12
1236,5,33,14,4429.566,0.0,14780.0,0.0,-4429.566,12
1237,6,33,14,4399.596,0.0,14680.0,0.0,-4399.596,9
1238,7,33,14,5124.87,0.0,17100.0,0.0,-5124.87,8
1239,8,33,14,11434.14,0.0,22850.0,0.0,-11434.14,7
1240,9,33,14,17348.67,0.0,28900.0,0.0,-17348.67,5
1241,10,33,14,18465.228,0.0,30760.0,0.0,-18465.228,4
1242,11,33,14,17678.835,0.0,29450.0,0.0,-17678.835,3
1243,12,33,14,17804.898,0.0,29660.0,0.0,-17804.898,3
1244,13,33,14,18387.189,0.0,30630.0,0.0,-18387.189,3
1245,14,33,14,18033.012,5938.752,30040.0,9600.0,-12094.259999999998,3
1246,15,33,14,15959.5758,25942.272,26586.0,21600.0,9982.6962,2
1247,16,33,14,11033.82,31652.124,22050.0,20966.0,20618.304,2
1248,17,33,14,5085.609885,37798.608,16969.00195,16969.0,32712.998115000002,2
1249,18,33,14,4315.3803,17347.4792,14399.0,7768.0,13032.0989,2
1250,19,33,14,3932.6634,9325.1608,13122.0,2842.0,5392.4974,2
1251,20,33,14,3257.739,0.0,10870.0,0.0,-3257.739,2
1252,21,33,14,2189.6082,0.0,7306.0,0.0,-2189.6082,2
1253,22,33,14,2590.3071,0.0,8643.0,0.0,-2590.3071,2
1254,23,33,14,2955.042,0.0,9860.0,0.0,-2955.042,3
1255,24,33,14,2815.9812,0.0,9396.0,0.0,-2815.9812,3
1256,25,33,14,2205.792,0.0,7360.0,0.0,-2205.792,3
1257,26,33,14,985.1139,0.0,3287.0,0.0,-985.1139,4
1258,27,33,14,5.12154,0.0,153.8,0.0,-5.12154,6
1259,33,33,14,1.113552,0.0,33.44,0.0,-1.113552,11
1260,34,33,14,465.6672,0.0,1748.0,0.0,-465.6672,12
1261,35,33,14,1382.2164,0.0,4612.0,0.0,-1382.2164,13
1262,36,33,14,1903.6944,0.0,6352.0,0.0,-1903.6944,14
1263,37,33,14,2237.5602,0.0,7466.0,0.0,-2237.5602,15
1264,4,34,14,3818.178,0.0,12740.0,0.0,-3818.178,14
1265,5,34,14,3920.076,0.0,13080.0,0.0,-3920.076,12
1266,6,34,14,4135.86,0.0,13800.0,0.0,-4135.86,12
1267,7,34,14,4882.113,0.0,16290.0,0.0,-4882.113,9
1268,8,34,14,8255.736,0.0,20660.0,0.0,-8255.736,8
1269,9,34,14,16172.082,0.0,26940.0,0.0,-16172.082,8
1270,10,34,14,18675.333,0.0,31110.0,0.0,-18675.333,6
1271,11,34,14,18945.468,0.0,31560.0,0.0,-18945.468,5
1272,12,34,14,18885.438,0.0,31460.0,0.0,-18885.438,4
1273,13,34,14,18195.093,0.0,30310.0,0.0,-18195.093,3
1274,14,34,14,16676.334,2749.248,27780.0,4800.0,-13927.086,3
1275,15,34,14,13281.408,12629.9304,23424.0,11924.0,-651.4776000000002,3
1276,16,34,14,5054.4405,27963.6192,16865.0,11259.0,22909.1787,3
1277,17,34,14,3324.5721,17556.6264,11093.0,7407.0,14232.054300000002,3
1278,18,34,14,3017.0799,6687.3712,10067.0,2599.0,3670.2912999999994,3
1279,19,34,14,2628.9684,0.0,8772.0,0.0,-2628.9684,3
1280,20,34,14,967.5648,0.0,3632.0,0.0,-967.5648,3
1281,21,34,14,106.7598,0.0,801.5,0.0,-106.7598,3
1282,22,34,14,773.5257,0.0,2581.0,0.0,-773.5257,3
1283,23,34,14,1589.3091,0.0,5303.0,0.0,-1589.3091,3
1284,24,34,14,2135.6622,0.0,7126.0,0.0,-2135.6622,4
1285,25,34,14,1256.3424,0.0,4192.0,0.0,-1256.3424,4
1286,26,34,14,35.49447,0.0,355.3,0.0,-35.49447,6
1287,33,34,14,290.376,0.0,1090.0,0.0,-290.376,11
1288,34,34,14,1390.608,0.0,4640.0,0.0,-1390.608,12
1289,35,34,14,2178.819,0.0,7270.0,0.0,-2178.819,14
1290,36,34,14,2399.3982,0.0,8006.0,0.0,-2399.3982,14
1291,37,34,14,2690.1072,0.0,8976.0,0.0,-2690.1072,15
1292,5,35,14,3698.298,0.0,12340.0,0.0,-3698.298,14
1293,6,35,14,3953.043,0.0,13190.0,0.0,-3953.043,12
1294,7,35,14,4639.356,0.0,15480.0,0.0,-4639.356,11
1295,8,35,14,5472.522,0.0,18260.0,0.0,-5472.522,9
1296,9,35,14,12531.276,0.0,23480.0,0.0,-12531.276,8
1297,10,35,14,17618.805,0.0,29350.0,0.0,-17618.805,8
1298,11,35,14,19113.552,0.0,31840.0,0.0,-19113.552,7
1299,12,35,14,18153.072,0.0,30240.0,0.0,-18153.072,5
1300,13,35,14,16064.028,0.0,26760.0,0.0,-16064.028,4
1301,14,35,14,14641.317,0.0,24390.0,0.0,-14641.317,4
1302,15,35,14,8355.636,3016.0032,20910.0,2220.0,-5339.6328,4
1303,16,35,14,3817.8783,12075.3424,12739.0,6012.0,8257.4641,3
1304,17,35,14,2167.16067,6106.1716,7231.1,2608.1,3939.0109299999995,4
1305,18,35,14,2093.94396,2408.3176,6986.8,913.8,314.3736399999998,4
1306,19,35,14,954.2448,0.0,3184.0,0.0,-954.2448,4
1307,20,35,14,3.85947,0.0,115.9,0.0,-3.85947,4
1308,22,35,14,227.42568,0.0,853.7,0.0,-227.42568,4
1309,23,35,14,677.9214,0.0,2262.0,0.0,-677.9214,4
1310,24,35,14,427.0392,0.0,1832.0,0.0,-427.0392,6
1311,25,35,14,5.81085,0.0,174.5,0.0,-5.81085,7
1312,33,35,14,157.176,0.0,1180.0,0.0,-157.176,12
1313,34,35,14,2000.4975,0.0,6675.0,0.0,-2000.4975,13
1314,35,35,14,1551.5469,0.0,5177.0,0.0,-1551.5469,14
1315,36,35,14,1310.2884,0.0,4372.0,0.0,-1310.2884,15
1316,37,35,14,1802.9952,0.0,6016.0,0.0,-1802.9952,15
1317,6,36,14,3830.166,0.0,12780.0,0.0,-3830.166,14
1318,7,36,14,3734.262,0.0,12460.0,0.0,-3734.262,12
1319,8,36,14,4357.638,0.0,14540.0,0.0,-4357.638,10
1320,9,36,14,7274.718,0.0,19860.0,0.0,-7274.718,9
1321,10,36,14,15421.707,0.0,25690.0,0.0,-15421.707,8
1322,11,36,14,18231.111,0.0,30370.0,0.0,-18231.111,8
1323,12,36,14,16808.4,0.0,28000.0,0.0,-16808.4,8
1324,13,36,14,11143.908,0.0,22270.0,0.0,-11143.908,7
1325,14,36,14,5679.315,0.0,18950.0,0.0,-5679.315,7
1326,15,36,14,5145.849,0.0,17170.0,0.0,-5145.849,7
1327,16,36,14,3347.649,0.0,11170.0,0.0,-3347.649,7
1328,17,36,14,2123.3745,0.0,7085.0,0.0,-2123.3745,7
1329,18,36,14,1478.4201,0.0,4933.0,0.0,-1478.4201,7
1330,19,36,14,323.4096,0.0,1214.0,0.0,-323.4096,7
1331,33,36,14,4.73526,0.0,142.2,0.0,-4.73526,13
1332,34,36,14,107.3925,0.0,1075.0,0.0,-107.3925,14
1333,35,36,14,2.871126,0.0,86.22,0.0,-2.871126,14
1334,36,36,14,14.23575,0.0,142.5,0.0,-14.23575,15
1335,6,37,14,3365.631,0.0,11230.0,0.0,-3365.631,15
1336,7,37,14,2812.3848,0.0,9384.0,0.0,-2812.3848,14
1337,8,37,14,3434.562,0.0,11460.0,0.0,-3434.562,12
1338,9,37,14,5283.711,0.0,17630.0,0.0,-5283.711,10
1339,10,37,14,13262.13,0.0,23390.0,0.0,-13262.13,9
1340,11,37,14,16400.196,0.0,27320.0,0.0,-16400.196,9
1341,12,37,14,13948.2,0.0,24600.0,0.0,-13948.2,8
1342,13,37,14,6123.87,0.0,18390.0,0.0,-6123.87,8
1343,14,37,14,4207.788,0.0,14040.0,0.0,-4207.788,8
1344,15,37,14,3785.211,0.0,12630.0,0.0,-3785.211,8
1345,16,37,14,3017.979,0.0,10070.0,0.0,-3017.979,8
1346,17,37,14,1757.1411,0.0,5863.0,0.0,-1757.1411,8
1347,18,37,14,366.2001,0.0,1571.0,0.0,-366.2001,8
1348,19,37,14,3.3633,0.0,101.0,0.0,-3.3633,8
1349,8,38,14,2818.3788,0.0,9404.0,0.0,-2818.3788,14
1350,9,38,14,4483.512,0.0,14960.0,0.0,-4483.512,12
1351,10,38,14,8223.768,0.0,20580.0,0.0,-8223.768,11
1352,11,38,14,12179.034,0.0,22820.0,0.0,-12179.034,10
1353,12,38,14,7362.63,0.0,20100.0,0.0,-7362.63,9
1354,13,38,14,4462.533,0.0,14890.0,0.0,-4462.533,8
1355,14,38,14,3245.751,0.0,10830.0,0.0,-3245.751,8
1356,15,38,14,2474.9226,0.0,8258.0,0.0,-2474.9226,8
1357,16,38,14,1545.5529,0.0,5157.0,0.0,-1545.5529,8
1358,17,38,14,295.704,0.0,1480.0,0.0,-295.704,8
1359,9,39,14,3767.229,0.0,12570.0,0.0,-3767.229,15
1360,10,39,14,5019.975,0.0,16750.0,0.0,-5019.975,13
1361,11,39,14,5046.948,0.0,16840.0,0.0,-5046.948,12
1362,12,39,14,4201.794,0.0,14020.0,0.0,-4201.794,10
1363,13,39,14,3260.736,0.0,10880.0,0.0,-3260.736,9
1364,14,39,14,2229.768,0.0,7440.0,0.0,-2229.768,9
1365,15,39,14,1181.4174,0.0,3942.0,0.0,-1181.4174,9
1366,16,39,14,166.27356,0.0,832.2,0.0,-166.27356,9
1367,11,40,14,2459.3382,0.0,8206.0,0.0,-2459.3382,14
1368,12,40,14,1831.4667,0.0,6111.0,0.0,-1831.4667,12
1369,13,40,14,1553.3451,0.0,5183.0,0.0,-1553.3451,11
1370,14,40,14,961.1379,0.0,3207.0,0.0,-961.1379,10
1371,15,40,14,43.81614,0.0,438.6,0.0,-43.81614,10
1372,27,40,14,17.72226,0.0,266.1,0.0,-17.72226,12
1373,28,40,14,3.53979,0.0,106.3,0.0,-3.53979,13
1374,12,41,14,46.52343,0.0,465.7,0.0,-46.52343,14
1375,13,41,14,33.55641,0.0,335.9,0.0,-33.55641,13
1376,14,41,14,20.79918,0.0,208.2,0.0,-20.79918,12
1377,26,41,14,1.662003,0.0,49.91,0.0,-1.662003,12
1378,27,41,14,1366.9317,0.0,4561.0,0.0,-1366.9317,14
1379,28,41,14,87.34257,0.0,874.3,0.0,-87.34257,14
1380,26,42,14,5.81418,0.0,174.6,0.0,-5.81418,14
1381,14,20,7,64989.00703,774818.856,72210.00781,72210.0,709829.84897,5
1382,15,20,7,64422.01407,694407.672,71580.01563,71580.0,629985.65793,5
1383,16,20,7,64395.01407,703250.264,71550.01563,71550.0,638855.2499299999,5
1384,17,20,7,64395.01407,784044.336,71550.01563,71550.0,719649.32193,4
1385,14,21,7,65124.0,943009.712,72360.0,72360.0,877885.712,5
1386,15,21,7,64746.01407,881350.88,71940.01563,71940.0,816604.86593,5
1387,16,21,7,64395.01407,780452.024,71550.01563,71550.0,716057.00993,4
1388,17,21,7,64395.01407,809311.256,71550.01563,71550.0,744916.24193,4
1389,16,22,7,64611.01407,1010493.712,71790.01563,71790.0,945882.69793,3
1390,17,22,7,64395.01407,905359.384,71550.01563,71550.0,840964.3699299999,3
1391,18,22,7,64395.01407,783948.208,71550.01563,71550.0,719553.19393,2
1392,14,19,8,64395.01407,436180.192,71550.01563,71550.0,371785.17793,5
1393,15,19,8,64395.01407,605608.14,71550.01563,71550.0,541213.12593,5
1394,16,19,8,64395.01407,641631.872,71550.01563,71550.0,577236.8579299999,5
1395,17,19,8,64665.01407,699714.904,71850.01563,71850.0,635049.88993,4
1396,13,20,8,65016.00703,434494.192,72240.00781,72240.0,369478.18497,5
1397,14,20,8,64476.0211,534601.032,71640.02344,71640.0,470125.0109,5
1398,15,20,8,64395.01407,653181.024,71550.01563,71550.0,588786.00993,4
1399,16,20,8,64395.01407,661239.984,71550.01563,71550.0,596844.96993,4
1400,17,20,8,64395.01407,726631.928,71550.01563,71550.0,662236.9139299999,3
1401,18,20,8,64395.01407,789433.248,71550.01563,71550.0,725038.23393,2
1402,13,21,8,65124.0,607164.88,72360.0,72360.0,542040.88,5
1403,14,21,8,64827.01407,766453.592,72030.01563,72030.0,701626.5779299999,4
1404,15,21,8,64395.01407,684667.744,71550.01563,71550.0,620272.7299299999,4
1405,16,21,8,64395.01407,729436.08,71550.01563,71550.0,665041.0659299999,3
1406,17,21,8,64395.01407,751090.36,71550.01563,71550.0,686695.34593,2
1407,18,21,8,64395.01407,795696.936,71550.01563,71550.0,731301.92193,2
1408,19,21,8,64395.01407,840254.184,71550.01563,71550.0,775859.16993,1
1409,14,22,8,65097.0,1026297.224,72330.0,72330.0,961200.224,3
1410,15,22,8,64584.01407,865785.936,71760.01563,71760.0,801201.92193,3
1411,16,22,8,64395.01407,873119.816,71550.01563,71550.0,808724.80193,2
1412,17,22,8,64395.01407,849815.08,71550.01563,71550.0,785420.0659299999,2
1413,18,22,8,64395.01407,803363.712,71550.01563,71550.0,738968.69793,1
1414,19,22,8,64395.01407,777608.968,71550.01563,71550.0,713213.95393,1
1415,16,23,8,64530.0211,909008.864,71700.02344,71700.0,844478.8428999999,2
1416,17,23,8,64395.01407,858969.784,71550.01563,71550.0,794574.76993,2
1417,18,23,8,64395.01407,820541.632,71550.01563,71550.0,756146.61793,1
1418,19,23,8,64395.01407,817726.992,71550.01563,71550.0,753331.9779299999,1
1419,11,18,9,63684.0,0.0,70760.0,0.0,-63684.0,7
1420,12,18,9,64395.01407,117771.088,71550.01563,71550.0,53376.073930000006,6
1421,13,18,9,64395.01407,206833.756,71550.01563,71550.0,142438.74193,5
1422,14,18,9,64395.01407,302288.06,71550.01563,71550.0,237893.04593,5
1423,15,18,9,64395.01407,414072.344,71550.01563,71550.0,349677.32993,5
1424,16,18,9,64800.00703,488690.8,72000.00781,72000.0,423890.79297,4
1425,17,18,9,65502.0,582969.368,72780.0,72780.0,517467.368,4
1426,10,19,9,55080.0,0.0,61200.0,0.0,-55080.0,8
1427,11,19,9,61524.0,0.0,68360.0,0.0,-61524.0,6
1428,12,19,9,64638.01407,60054.7752,71820.01563,71820.0,-4583.238870000001,5
1429,13,19,9,64395.01407,250005.116,71550.01563,71550.0,185610.10193,5
1430,14,19,9,64395.01407,375443.74,71550.01563,71550.0,311048.72593,5
1431,15,19,9,64395.01407,469639.352,71550.01563,71550.0,405244.33793000004,4
1432,16,19,9,64395.01407,537219.64,71550.01563,71550.0,472824.62593000004,4
1433,17,19,9,65142.01407,642621.064,72380.01563,72380.0,577479.04993,3
1434,18,19,9,66645.0,647036.32,74050.0,74050.0,580391.32,2
1435,9,20,9,55080.0,0.0,61200.0,0.0,-55080.0,10
1436,10,20,9,55080.0,0.0,61200.0,0.0,-55080.0,7
1437,11,20,9,63252.0,0.0,70280.0,0.0,-63252.0,5
1438,12,20,9,65070.0,78789.5824,72300.0,72300.0,13719.5824,5
1439,13,20,9,64503.0211,319161.7184,71670.02344,71670.0,254658.6973,4
1440,14,20,9,64395.01407,442746.976,71550.01563,71550.0,378351.96193000005,4
1441,15,20,9,64395.01407,492384.896,71550.01563,71550.0,427989.88193000003,3
1442,16,20,9,64395.01407,563583.888,71550.01563,71550.0,499188.87393000006,2
1443,17,20,9,64395.01407,611663.592,71550.01563,71550.0,547268.5779299999,2
1444,18,20,9,64755.01407,621731.056,71950.01563,71950.0,556976.04193,1
1445,19,20,9,65781.00703,662274.016,73090.00781,73090.0,596493.00897,1
1446,9,21,9,55080.0,0.0,61200.0,0.0,-55080.0,8
1447,10,21,9,58788.0,0.0,65320.0,0.0,-58788.0,6
1448,11,21,9,65124.0,0.0,72360.0,0.0,-65124.0,5
1449,12,21,9,65124.0,182861.6784,72360.0,72360.0,117737.6784,4
1450,13,21,9,64935.00703,435939.6608,72150.00781,72150.0,371004.65377000003,4
1451,14,21,9,64422.01407,512651.48,71580.01563,71580.0,448229.46593,3
1452,15,21,9,64395.01407,554427.008,71550.01563,71550.0,490031.99393000006,3
1453,16,21,9,64395.01407,602571.6,71550.01563,71550.0,538176.58593,2
1454,17,21,9,64395.01407,639712.424,71550.01563,71550.0,575317.40993,2
1455,18,21,9,64395.01407,662388.016,71550.01563,71550.0,597993.0019299999,1
1456,19,21,9,64395.01407,707877.568,71550.01563,71550.0,643482.5539299999,1
1457,20,21,9,64773.00703,690205.64,71970.00781,71970.0,625432.63297,1
1458,9,22,9,55080.0,0.0,61200.0,0.0,-55080.0,7
1459,10,22,9,59652.0,0.0,66280.0,0.0,-59652.0,6
1460,11,22,9,64872.0,17936.1632,72080.0,69680.0,-46935.836800000005,5
1461,12,22,9,65124.0,383191.8,72360.0,72360.0,318067.8,4
1462,13,22,9,65124.0,651930.048,72360.0,72360.0,586806.048,3
1463,14,22,9,64692.0211,723837.368,71880.02344,71880.0,659145.3469,3
1464,15,22,9,64395.01407,610364.176,71550.01563,71550.0,545969.16193,2
1465,16,22,9,64395.01407,694253.344,71550.01563,71550.0,629858.32993,2
1466,17,22,9,64395.01407,712517.392,71550.01563,71550.0,648122.37793,1
1467,18,22,9,64395.01407,730900.592,71550.01563,71550.0,666505.5779299999,1
1468,19,22,9,64395.01407,653948.584,71550.01563,71550.0,589553.56993,1
1469,20,22,9,64395.01407,662197.072,71550.01563,71550.0,597802.05793,1
1470,9,23,9,55080.0,0.0,61200.0,0.0,-55080.0,7
1471,10,23,9,61020.0,0.0,67800.0,0.0,-61020.0,6
1472,11,23,9,65124.0,48215.0208,72360.0,72360.0,-16908.9792,5
1473,12,23,9,65124.0,284929.0704,72360.0,72360.0,219805.07040000003,4
1474,13,23,9,65124.0,612907.04,72360.0,72360.0,547783.04,3
1475,14,23,9,65016.00703,750393.496,72240.00781,72240.0,685377.4889700001,2
1476,15,23,9,64476.0211,675812.272,71640.02344,71640.0,611336.2509,2
1477,16,23,9,64395.01407,719778.64,71550.01563,71550.0,655383.62593,2
1478,17,23,9,64395.01407,755335.336,71550.01563,71550.0,690940.32193,1
1479,18,23,9,64395.01407,760445.704,71550.01563,71550.0,696050.68993,0
1480,19,23,9,64395.01407,705783.24,71550.01563,71550.0,641388.22593,0
1481,20,23,9,64395.01407,761274.608,71550.01563,71550.0,696879.59393,1
1482,9,24,9,55080.0,0.0,61200.0,0.0,-55080.0,7
1483,10,24,9,60912.0,0.0,67680.0,0.0,-60912.0,6
1484,11,24,9,65124.0,80909.84,72360.0,72360.0,15785.839999999997,5
1485,12,24,9,65124.0,278358.8304,72360.0,72360.0,213234.83039999998,4
1486,13,24,9,65124.0,492946.936,72360.0,72360.0,427822.936,3
1487,14,24,9,65124.0,627977.416,72360.0,72360.0,562853.416,2
1488,15,24,9,64854.01407,706511.016,72060.01563,72060.0,641657.0019299999,2
1489,16,24,9,64503.0211,717939.688,71670.02344,71670.0,653436.6669,2
1490,17,24,9,64395.01407,717304.672,71550.01563,71550.0,652909.65793,2
1491,18,24,9,64395.01407,763571.232,71550.01563,71550.0,699176.2179299999,0
1492,19,24,9,64395.01407,688284.104,71550.01563,71550.0,623889.08993,0
1493,9,25,9,55080.0,0.0,61200.0,0.0,-55080.0,8
1494,10,25,9,56952.0,0.0,63280.0,0.0,-56952.0,6
1495,11,25,9,64512.0,95247.8432,71680.0,69680.0,30735.843200000003,5
1496,12,25,9,65124.0,405551.288,72360.0,72360.0,340427.288,4
1497,13,25,9,65124.0,584710.472,72360.0,72360.0,519586.47199999995,3
1498,14,25,9,65124.0,704979.64,72360.0,72360.0,639855.64,2
1499,8,26,9,55080.0,0.0,61200.0,0.0,-55080.0,12
1500,9,26,9,55080.0,0.0,61200.0,0.0,-55080.0,10
1501,10,26,9,55080.0,0.0,61200.0,0.0,-55080.0,7
1502,11,26,9,60660.0,86666.4896,67400.0,40200.0,26006.4896,5
1503,12,26,9,65124.0,444345.672,72360.0,72360.0,379221.672,4
1504,13,26,9,65124.0,634739.496,72360.0,72360.0,569615.496,3
1505,14,26,9,65124.0,728150.08,72360.0,72360.0,663026.08,3
1506,8,27,9,55080.0,0.0,61200.0,0.0,-55080.0,12
1507,9,27,9,55692.0,1639.5168,61880.0,2680.0,-54052.4832,10
1508,10,27,9,61272.0,15315.7792,68080.0,42880.0,-45956.220799999996,8
1509,11,27,9,64368.0,189216.896,71520.0,64320.0,124848.89600000001,6
1510,12,27,9,65124.0,537717.976,72360.0,72360.0,472593.976,4
1511,13,27,9,65124.0,622110.776,72360.0,72360.0,556986.776,3
1512,14,27,9,65124.0,641412.552,72360.0,72360.0,576288.552,3
1513,8,28,9,55080.0,0.0,61200.0,0.0,-55080.0,14
1514,9,28,9,60156.0,43747.0336,66840.0,34840.0,-16408.966399999998,12
1515,10,28,9,65124.0,230456.1088,72360.0,72360.0,165332.1088,10
1516,11,28,9,65124.0,434190.368,72360.0,72360.0,369066.368,7
1517,12,28,9,65124.0,590695.216,72360.0,72360.0,525571.216,5
1518,13,28,9,65124.0,614711.416,72360.0,72360.0,549587.416,4
1519,8,29,9,55080.0,0.0,61200.0,0.0,-55080.0,14
1520,9,29,9,64008.0,25367.1648,71120.0,64320.0,-38640.8352,12
1521,10,29,9,65124.0,159724.1376,72360.0,72360.0,94600.13759999999,10
1522,11,29,9,65124.0,300331.44,72360.0,72360.0,235207.44,8
1523,12,29,9,65124.0,441851.016,72360.0,72360.0,376727.016,7
1524,13,29,9,65124.0,554200.84,72360.0,72360.0,489076.83999999997,5
1525,9,30,9,64116.0,0.0,71240.0,0.0,-64116.0,12
1526,10,30,9,65124.0,24929.5744,72360.0,72360.0,-40194.4256,12
1527,11,30,9,65124.0,111827.9328,72360.0,72360.0,46703.932799999995,9
1528,12,30,9,65124.0,218439.8208,72360.0,72360.0,153315.8208,8
1529,13,30,9,65124.0,221534.8464,72360.0,72360.0,156410.8464,8
1530,10,31,9,64620.0,0.0,71800.0,0.0,-64620.0,12
1531,11,31,9,65124.0,0.0,72360.0,0.0,-65124.0,11
1532,12,31,9,65124.0,0.0,72360.0,0.0,-65124.0,9
1533,13,31,9,65124.0,20625.4944,72360.0,72360.0,-44498.505600000004,8
1534,12,32,9,64512.0,0.0,71680.0,0.0,-64512.0,10
1535,13,32,9,62028.0,6802.2688,68920.0,50920.0,-55225.7312,9
1536,10,17,10,63270.0,0.0,70300.0,0.0,-63270.0,8
1537,11,17,10,63945.0,7898.484,71050.0,66250.0,-56046.516,6
1538,12,17,10,64395.01407,62915.664,71550.01563,71550.0,-1479.3500700000004,6
1539,9,18,10,55080.0,0.0,61200.0,0.0,-55080.0,8
1540,10,18,10,56646.0,0.0,62940.0,0.0,-56646.0,6
1541,11,18,10,64224.0,0.0,71360.0,0.0,-64224.0,5
1542,8,19,10,55080.0,0.0,61200.0,0.0,-55080.0,11
1543,9,19,10,55080.0,0.0,61200.0,0.0,-55080.0,7
1544,10,19,10,55080.0,0.0,61200.0,0.0,-55080.0,6
1545,8,20,10,55080.0,0.0,61200.0,0.0,-55080.0,8
1546,9,20,10,55080.0,0.0,61200.0,0.0,-55080.0,7
1547,10,20,10,55080.0,0.0,61200.0,0.0,-55080.0,5
1548,8,21,10,55080.0,0.0,61200.0,0.0,-55080.0,7
1549,9,21,10,55080.0,0.0,61200.0,0.0,-55080.0,6
1550,10,21,10,56196.0,0.0,62440.0,0.0,-56196.0,5
1551,7,22,10,55080.0,0.0,61200.0,0.0,-55080.0,11
1552,8,22,10,55080.0,0.0,61200.0,0.0,-55080.0,7
1553,9,22,10,55080.0,0.0,61200.0,0.0,-55080.0,5
1554,10,22,10,58428.0,0.0,64920.0,0.0,-58428.0,5
1555,7,23,10,55080.0,0.0,61200.0,0.0,-55080.0,11
1556,8,23,10,55080.0,0.0,61200.0,0.0,-55080.0,7
1557,9,23,10,55080.0,0.0,61200.0,0.0,-55080.0,5
1558,10,23,10,60912.0,0.0,67680.0,0.0,-60912.0,4
1559,11,23,10,65124.0,51106.3136,72360.0,72360.0,-14017.686399999999,4
1560,7,24,10,55080.0,0.0,61200.0,0.0,-55080.0,11
1561,8,24,10,55080.0,0.0,61200.0,0.0,-55080.0,7
1562,9,24,10,55080.0,0.0,61200.0,0.0,-55080.0,5
1563,10,24,10,62532.0,0.0,69480.0,0.0,-62532.0,4
1564,11,24,10,65124.0,90422.5536,72360.0,72360.0,25298.5536,4
1565,12,24,10,65124.0,252842.344,72360.0,72360.0,187718.344,3
1566,21,24,10,64395.01407,524648.44,71550.01563,71550.0,460253.42592999997,0
1567,22,24,10,64395.01407,489099.4,71550.01563,71550.0,424704.38593000005,1
1568,8,25,10,55080.0,0.0,61200.0,0.0,-55080.0,8
1569,9,25,10,55080.0,0.0,61200.0,0.0,-55080.0,5
1570,10,25,10,59940.0,0.0,66600.0,0.0,-59940.0,4
1571,11,25,10,65124.0,58790.4096,72360.0,72360.0,-6333.590400000001,4
1572,12,25,10,65124.0,309977.5424,72360.0,72360.0,244853.54239999998,3
1573,13,25,10,65124.0,440243.408,72360.0,72360.0,375119.408,2
1574,14,25,10,65124.0,542506.664,72360.0,72360.0,477382.664,2
1575,20,25,10,64395.01407,644760.816,71550.01563,71550.0,580365.80193,0
1576,21,25,10,64395.01407,625087.88,71550.01563,71550.0,560692.86593,0
1577,22,25,10,64395.01407,656306.344,71550.01563,71550.0,591911.32993,0
1578,7,26,10,55080.0,0.0,61200.0,0.0,-55080.0,12
1579,8,26,10,55080.0,0.0,61200.0,0.0,-55080.0,9
1580,9,26,10,55080.0,0.0,61200.0,0.0,-55080.0,7
1581,10,26,10,55332.0,0.0,61480.0,0.0,-55332.0,5
1582,11,26,10,62280.0,55550.8256,69200.0,53600.0,-6729.1744000000035,4
1583,12,26,10,65124.0,323215.08,72360.0,72360.0,258091.08000000002,3
1584,13,26,10,65124.0,467957.912,72360.0,72360.0,402833.912,3
1585,14,26,10,65124.0,547246.44,72360.0,72360.0,482122.43999999994,2
1586,15,26,10,65124.0,614058.44,72360.0,72360.0,548934.44,2
1587,16,26,10,65016.00703,658085.304,72240.00781,72240.0,593069.29697,2
1588,17,26,10,64503.0211,647197.72,71670.02344,71670.0,582694.6989,1
1589,18,26,10,64395.01407,636061.008,71550.01563,71550.0,571665.99393,0
1590,19,26,10,64395.01407,591263.896,71550.01563,71550.0,526868.8819299999,0
1591,20,26,10,64395.01407,648867.68,71550.01563,71550.0,584472.66593,0
1592,21,26,10,64395.01407,643288.8,71550.01563,71550.0,578893.78593,0
1593,22,26,10,64395.01407,623190.776,71550.01563,71550.0,558795.7619299999,0
1594,7,27,10,55080.0,0.0,61200.0,0.0,-55080.0,12
1595,8,27,10,55080.0,0.0,61200.0,0.0,-55080.0,10
1596,9,27,10,55080.0,0.0,61200.0,0.0,-55080.0,7
1597,10,27,10,58788.0,42838.192,65320.0,24120.0,-15949.807999999997,5
1598,11,27,10,62388.0,183547.9504,69320.0,50920.0,121159.9504,4
1599,12,27,10,65124.0,450323.648,72360.0,72360.0,385199.648,3
1600,13,27,10,65124.0,505623.792,72360.0,72360.0,440499.792,3
1601,14,27,10,65124.0,495531.088,72360.0,72360.0,430407.088,3
1602,15,27,10,65124.0,540703.76,72360.0,72360.0,475579.76,2
1603,16,27,10,65124.0,622208.104,72360.0,72360.0,557084.104,2
1604,17,27,10,65097.0,626201.592,72330.0,72330.0,561104.592,2
1605,18,27,10,64638.01407,624143.5056,71820.01563,71820.0,559505.49153,2
1606,19,27,10,64395.01407,718448.128,71550.01563,71550.0,654053.11393,1
1607,20,27,10,64395.01407,647307.416,71550.01563,71550.0,582912.4019299999,1
1608,21,27,10,64395.01407,629408.256,71550.01563,71550.0,565013.24193,1
1609,22,27,10,64395.01407,607961.12,71550.01563,71550.0,543566.10593,1
1610,7,28,10,55080.0,0.0,61200.0,0.0,-55080.0,12
1611,8,28,10,55080.0,0.0,61200.0,0.0,-55080.0,11
1612,9,28,10,57312.0,20523.2256,63680.0,16080.0,-36788.774399999995,8
1613,10,28,10,65124.0,194476.144,72360.0,72360.0,129352.144,6
1614,11,28,10,65124.0,371988.16,72360.0,72360.0,306864.16,4
1615,12,28,10,65124.0,513008.144,72360.0,72360.0,447884.144,3
1616,13,28,10,65124.0,533121.888,72360.0,72360.0,467997.88800000004,3
1617,14,28,10,65124.0,523566.648,72360.0,72360.0,458442.648,3
1618,15,28,10,65124.0,540881.296,72360.0,72360.0,475757.296,2
1619,16,28,10,65124.0,580309.376,72360.0,72360.0,515185.37600000005,2
1620,17,28,10,65124.0,593022.512,72360.0,72360.0,527898.512,2
1621,18,28,10,65097.0,633100.712,72330.0,72330.0,568003.712,2
1622,19,28,10,64800.01407,655518.832,72000.01563,72000.0,590718.81793,2
1623,20,28,10,64422.01407,522739.536,71580.01563,71580.0,458317.52193000005,2
1624,21,28,10,64395.01407,480354.592,71550.01563,71550.0,415959.57793,2
1625,7,29,10,55080.0,0.0,61200.0,0.0,-55080.0,14
1626,8,29,10,55080.0,0.0,61200.0,0.0,-55080.0,12
1627,9,29,10,61776.0,3316.9824,68640.0,48240.0,-58459.0176,10
1628,10,29,10,65124.0,116073.1616,72360.0,72360.0,50949.16160000001,8
1629,11,29,10,65124.0,246047.224,72360.0,72360.0,180923.224,6
1630,12,29,10,65124.0,368797.04,72360.0,72360.0,303673.04,4
1631,13,29,10,65124.0,459556.544,72360.0,72360.0,394432.544,3
1632,14,29,10,65124.0,519094.224,72360.0,72360.0,453970.224,3
1633,15,29,10,65124.0,549995.888,72360.0,72360.0,484871.88800000004,3
1634,16,29,10,65124.0,542587.088,72360.0,72360.0,477463.088,3
1635,17,29,10,65124.0,563981.648,72360.0,72360.0,498857.64800000004,2
1636,18,29,10,65124.0,622384.168,72360.0,72360.0,557260.168,2
1637,19,29,10,65124.0,623558.104,72360.0,72360.0,558434.104,2
1638,20,29,10,65016.00703,470818.528,72240.00781,72240.0,405802.52097,2
1639,21,29,10,64584.01407,372265.3616,71760.01563,71760.0,307681.34753,2
1640,8,30,10,55080.0,0.0,61200.0,0.0,-55080.0,12
1641,9,30,10,60516.0,0.0,67240.0,0.0,-60516.0,10
1642,10,30,10,65124.0,1020.9728,72360.0,72360.0,-64103.0272,9
1643,11,30,10,65124.0,83720.624,72360.0,72360.0,18596.623999999996,8
1644,12,30,10,65124.0,181543.368,72360.0,72360.0,116419.36799999999,6
1645,13,30,10,65124.0,197678.8224,72360.0,72360.0,132554.8224,5
1646,14,30,10,65124.0,272608.7472,72360.0,72360.0,207484.74719999998,4
1647,15,30,10,65124.0,490950.7936,72360.0,72360.0,425826.7936,3
1648,16,30,10,65124.0,539097.936,72360.0,72360.0,473973.936,3
1649,17,30,10,65124.0,531927.28,72360.0,72360.0,466803.28,3
1650,18,30,10,65124.0,555489.92,72360.0,72360.0,490365.92000000004,3
1651,19,30,10,65124.0,489260.8608,72360.0,72360.0,424136.8608,3
1652,20,30,10,65124.0,265322.2096,72360.0,72360.0,200198.2096,3
1653,21,30,10,65097.0,273680.3568,72330.0,72330.0,208583.3568,3
1654,9,31,10,55944.0,0.0,62160.0,0.0,-55944.0,12
1655,10,31,10,61020.0,0.0,67800.0,0.0,-61020.0,10
1656,11,31,10,63504.0,0.0,70560.0,0.0,-63504.0,8
1657,12,31,10,65124.0,356.5472,72360.0,72360.0,-64767.4528,8
1658,13,31,10,65124.0,12603.9328,72360.0,72360.0,-52520.0672,7
1659,14,31,10,65124.0,12302.0576,72360.0,72360.0,-52821.9424,5
1660,15,31,10,65124.0,103553.1296,72360.0,72360.0,38429.1296,4
1661,16,31,10,65124.0,352258.016,72360.0,72360.0,287134.016,4
1662,17,31,10,65124.0,402718.784,72360.0,72360.0,337594.784,4
1663,18,31,10,65124.0,473726.912,72360.0,72360.0,408602.912,4
1664,19,31,10,65124.0,429462.9568,72360.0,72360.0,364338.9568,4
1665,20,31,10,65124.0,254906.2032,72360.0,72360.0,189782.2032,4
1666,10,32,10,55080.0,0.0,61200.0,0.0,-55080.0,12
1667,11,32,10,57168.0,0.0,63520.0,0.0,-57168.0,9
1668,12,32,10,65124.0,0.0,72360.0,0.0,-65124.0,8
1669,13,32,10,65124.0,12189.9264,72360.0,72360.0,-52934.0736,8
1670,14,32,10,64260.0,14456.7776,71400.0,67000.0,-49803.2224,8
1671,15,32,10,65124.0,124926.1088,72360.0,72360.0,59802.1088,7
1672,16,32,10,65124.0,324156.696,72360.0,72360.0,259032.696,7
1673,17,32,10,65124.0,365665.584,72360.0,72360.0,300541.584,7
1674,18,32,10,65124.0,373400.728,72360.0,72360.0,308276.728,7
1675,12,33,10,59544.0,0.0,66160.0,0.0,-59544.0,9
1676,13,33,10,55080.0,0.0,61200.0,0.0,-55080.0,9
1677,14,33,10,58428.0,4301.936,64920.0,24120.0,-54126.064,8
1678,15,33,10,64008.0,102625.1616,71120.0,64320.0,38617.16160000001,8
1679,16,33,10,65124.0,345855.736,72360.0,72360.0,280731.736,8
1680,10,16,11,64395.01407,0.0,71550.01563,0.0,-64395.01407,7
1681,11,16,11,64395.01407,26705.216,71550.01563,71550.0,-37689.79807,6
1682,8,17,11,55080.0,0.0,61200.0,0.0,-55080.0,8
1683,9,17,11,55530.0,0.0,61700.0,0.0,-55530.0,7
1684,10,17,11,63585.0,0.0,70650.0,0.0,-63585.0,6
1685,8,18,11,55080.0,0.0,61200.0,0.0,-55080.0,7
1686,9,18,11,55080.0,0.0,61200.0,0.0,-55080.0,6
1687,7,19,11,55080.0,0.0,61200.0,0.0,-55080.0,10
1688,8,19,11,55080.0,0.0,61200.0,0.0,-55080.0,7
1689,9,19,11,55080.0,0.0,61200.0,0.0,-55080.0,5
1690,7,20,11,55080.0,0.0,61200.0,0.0,-55080.0,8
1691,8,20,11,55080.0,0.0,61200.0,0.0,-55080.0,6
1692,9,20,11,55080.0,0.0,61200.0,0.0,-55080.0,5
1693,22,20,11,65124.0,422700.5072,72360.0,72360.0,357576.5072,1
1694,6,21,11,55080.0,0.0,61200.0,0.0,-55080.0,11
1695,7,21,11,55080.0,0.0,61200.0,0.0,-55080.0,7
1696,8,21,11,55080.0,0.0,61200.0,0.0,-55080.0,5
1697,9,21,11,55080.0,0.0,61200.0,0.0,-55080.0,5
1698,6,22,11,55080.0,0.0,61200.0,0.0,-55080.0,11
1699,7,22,11,55080.0,0.0,61200.0,0.0,-55080.0,7
1700,8,22,11,55080.0,0.0,61200.0,0.0,-55080.0,5
1701,9,22,11,55080.0,0.0,61200.0,0.0,-55080.0,5
1702,6,23,11,55080.0,0.0,61200.0,0.0,-55080.0,11
1703,7,23,11,55080.0,0.0,61200.0,0.0,-55080.0,7
1704,8,23,11,55080.0,0.0,61200.0,0.0,-55080.0,5
1705,9,23,11,55080.0,0.0,61200.0,0.0,-55080.0,4
1706,6,24,11,55080.0,0.0,61200.0,0.0,-55080.0,11
1707,7,24,11,55080.0,0.0,61200.0,0.0,-55080.0,7
1708,8,24,11,55080.0,0.0,61200.0,0.0,-55080.0,5
1709,9,24,11,55080.0,0.0,61200.0,0.0,-55080.0,4
1710,10,24,11,62892.0,0.0,69880.0,0.0,-62892.0,3
1711,22,24,11,64827.00703,457097.1216,72030.00781,72030.0,392270.11457000003,0
1712,23,24,11,65097.0,450899.1424,72330.0,72330.0,385802.1424,1
1713,6,25,11,55080.0,0.0,61200.0,0.0,-55080.0,11
1714,7,25,11,55080.0,0.0,61200.0,0.0,-55080.0,7
1715,8,25,11,55080.0,0.0,61200.0,0.0,-55080.0,5
1716,9,25,11,55080.0,0.0,61200.0,0.0,-55080.0,4
1717,10,25,11,64008.0,0.0,71120.0,0.0,-64008.0,3
1718,11,25,11,65124.0,60446.4288,72360.0,72360.0,-4677.5711999999985,3
1719,22,25,11,64422.01407,640388.632,71580.01563,71580.0,575966.61793,0
1720,23,25,11,64665.01407,587634.76,71850.01563,71850.0,522969.74593000003,0
1721,6,26,11,55080.0,0.0,61200.0,0.0,-55080.0,11
1722,7,26,11,55080.0,0.0,61200.0,0.0,-55080.0,8
1723,8,26,11,55080.0,0.0,61200.0,0.0,-55080.0,6
1724,9,26,11,55080.0,0.0,61200.0,0.0,-55080.0,4
1725,10,26,11,57204.0,0.0,63560.0,0.0,-57204.0,3
1726,11,26,11,64512.0,64922.2496,71680.0,69680.0,410.24960000000283,3
1727,12,26,11,65124.0,336259.792,72360.0,72360.0,271135.792,2
1728,13,26,11,65124.0,457766.504,72360.0,72360.0,392642.504,2
1729,21,26,11,64395.01407,666348.512,71550.01563,71550.0,601953.49793,0
1730,22,26,11,64395.01407,645926.944,71550.01563,71550.0,581531.92993,0
1731,23,26,11,64395.01407,545595.92,71550.01563,71550.0,481200.90593000007,0
1732,6,27,11,55080.0,0.0,61200.0,0.0,-55080.0,12
1733,7,27,11,55080.0,0.0,61200.0,0.0,-55080.0,10
1734,8,27,11,55080.0,0.0,61200.0,0.0,-55080.0,7
1735,9,27,11,55080.0,0.0,61200.0,0.0,-55080.0,5
1736,10,27,11,55692.0,6978.2912,61880.0,2680.0,-48713.7088,4
1737,11,27,11,62892.0,153285.7584,69880.0,56280.0,90393.75839999999,3
1738,12,27,11,65124.0,424644.792,72360.0,72360.0,359520.792,3
1739,13,27,11,65124.0,486884.232,72360.0,72360.0,421760.232,2
1740,14,27,11,65124.0,501844.936,72360.0,72360.0,436720.936,2
1741,15,27,11,65124.0,392119.1376,72360.0,72360.0,326995.1376,2
1742,16,27,11,65097.0,464333.32,72330.0,72330.0,399236.32,2
1743,17,27,11,64665.01407,519269.528,71850.01563,71850.0,454604.51393,1
1744,18,27,11,64395.01407,603882.072,71550.01563,71550.0,539487.05793,0
1745,19,27,11,64395.01407,643131.144,71550.01563,71550.0,578736.1299299999,0
1746,20,27,11,64395.01407,653610.12,71550.01563,71550.0,589215.10593,0
1747,21,27,11,64395.01407,659183.408,71550.01563,71550.0,594788.39393,0
1748,22,27,11,64395.01407,653208.688,71550.01563,71550.0,588813.6739299999,0
1749,23,27,11,64395.01407,579409.56,71550.01563,71550.0,515014.5459300001,0
1750,6,28,11,55080.0,0.0,61200.0,0.0,-55080.0,12
1751,7,28,11,55080.0,0.0,61200.0,0.0,-55080.0,10
1752,8,28,11,55080.0,0.0,61200.0,0.0,-55080.0,8
1753,9,28,11,56808.0,7722.2592,63120.0,10720.0,-49085.7408,5
1754,10,28,11,64116.0,125687.848,71240.0,61640.0,61571.848,4
1755,11,28,11,65124.0,306718.9872,72360.0,72360.0,241594.98719999997,3
1756,12,28,11,65124.0,499207.128,72360.0,72360.0,434083.128,3
1757,13,28,11,65124.0,493289.936,72360.0,72360.0,428165.936,3
1758,14,28,11,65124.0,471583.632,72360.0,72360.0,406459.632,2
1759,15,28,11,65124.0,449250.728,72360.0,72360.0,384126.728,2
1760,16,28,11,65124.0,492041.0,72360.0,72360.0,426917.0,2
1761,17,28,11,65124.0,514389.536,72360.0,72360.0,449265.536,2
1762,18,28,11,64854.01407,554717.68,72060.01563,72060.0,489863.6659300001,1
1763,19,28,11,64422.01407,512929.904,71580.01563,71580.0,448507.88993,1
1764,20,28,11,64395.01407,466578.584,71550.01563,71550.0,402183.56993,1
1765,21,28,11,64395.01407,467380.296,71550.01563,71550.0,402985.28193,1
1766,22,28,11,64395.01407,495908.224,71550.01563,71550.0,431513.20993,1
1767,6,29,11,55080.0,0.0,61200.0,0.0,-55080.0,12
1768,7,29,11,55080.0,0.0,61200.0,0.0,-55080.0,12
1769,8,29,11,55080.0,0.0,61200.0,0.0,-55080.0,9
1770,9,29,11,61524.0,0.0,68360.0,0.0,-61524.0,7
1771,10,29,11,65124.0,61213.7728,72360.0,72360.0,-3910.227200000001,5
1772,11,29,11,65124.0,177624.0144,72360.0,72360.0,112500.01439999999,4
1773,12,29,11,65124.0,306471.256,72360.0,72360.0,241347.256,3
1774,13,29,11,65124.0,428589.4544,72360.0,72360.0,363465.4544,3
1775,14,29,11,65124.0,504187.392,72360.0,72360.0,439063.392,3
1776,15,29,11,65124.0,481471.496,72360.0,72360.0,416347.496,2
1777,16,29,11,65124.0,512768.488,72360.0,72360.0,447644.488,2
1778,17,29,11,65124.0,514291.176,72360.0,72360.0,449167.176,2
1779,18,29,11,65124.0,532450.928,72360.0,72360.0,467326.92799999996,2
1780,19,29,11,65016.00703,495124.672,72240.00781,72240.0,430108.66497000004,2
1781,20,29,11,64584.01407,362746.2608,71760.01563,71760.0,298162.24673,2
1782,21,29,11,64395.01407,350204.024,71550.01563,71550.0,285809.00993,2
1783,22,29,11,64395.01407,392667.576,71550.01563,71550.0,328272.56193,2
1784,6,30,11,55080.0,0.0,61200.0,0.0,-55080.0,14
1785,7,30,11,55080.0,0.0,61200.0,0.0,-55080.0,12
1786,8,30,11,55080.0,0.0,61200.0,0.0,-55080.0,10
1787,9,30,11,57060.0,0.0,63400.0,0.0,-57060.0,8
1788,10,30,11,64872.0,0.0,72080.0,0.0,-64872.0,6
1789,11,30,11,65124.0,37805.5808,72360.0,72360.0,-27318.419199999997,5
1790,12,30,11,65124.0,120371.744,72360.0,72360.0,55247.744000000006,4
1791,13,30,11,65124.0,143867.648,72360.0,72360.0,78743.64799999999,3
1792,14,30,11,65124.0,218579.6672,72360.0,72360.0,153455.6672,3
1793,15,30,11,65124.0,473979.1328,72360.0,72360.0,408855.1328,3
1794,16,30,11,65124.0,475701.168,72360.0,72360.0,410577.168,2
1795,17,30,11,65124.0,439343.1072,72360.0,72360.0,374219.1072,2
1796,18,30,11,65124.0,409062.0272,72360.0,72360.0,343938.0272,2
1797,19,30,11,65124.0,346157.632,72360.0,72360.0,281033.632,2
1798,20,30,11,65097.0,162475.5216,72330.0,72330.0,97378.52160000001,2
1799,21,30,11,64827.01407,208931.5088,72030.01563,72030.0,144104.49473,2
1800,22,30,11,64476.01407,250280.68,71640.01563,71640.0,185804.66593,3
1801,7,31,11,55080.0,0.0,61200.0,0.0,-55080.0,12
1802,8,31,11,55080.0,0.0,61200.0,0.0,-55080.0,11
1803,9,31,11,55080.0,0.0,61200.0,0.0,-55080.0,9
1804,10,31,11,57060.0,0.0,63400.0,0.0,-57060.0,8
1805,11,31,11,61884.0,0.0,68760.0,0.0,-61884.0,7
1806,12,31,11,65124.0,0.0,72360.0,0.0,-65124.0,5
1807,13,31,11,65124.0,0.0,72360.0,0.0,-65124.0,4
1808,14,31,11,65124.0,0.0,72360.0,0.0,-65124.0,3
1809,15,31,11,65124.0,67988.1664,72360.0,72360.0,2864.166400000002,3
1810,16,31,11,65124.0,282901.8096,72360.0,72360.0,217777.80959999998,3
1811,17,31,11,65124.0,309963.1488,72360.0,72360.0,244839.14880000002,3
1812,18,31,11,65124.0,340040.9888,72360.0,72360.0,274916.9888,3
1813,19,31,11,65124.0,290261.92,72360.0,72360.0,225137.91999999998,3
1814,20,31,11,65124.0,146262.7376,72360.0,72360.0,81138.7376,3
1815,21,31,11,65124.0,178768.4992,72360.0,72360.0,113644.49919999999,3
1816,8,32,11,55080.0,0.0,61200.0,0.0,-55080.0,12
1817,9,32,11,55080.0,0.0,61200.0,0.0,-55080.0,10
1818,10,32,11,55332.0,362.9792,61480.0,2680.0,-54969.0208,9
1819,11,32,11,55080.0,0.0,61200.0,0.0,-55080.0,8
1820,12,32,11,62244.0,0.0,69160.0,0.0,-62244.0,8
1821,13,32,11,65124.0,0.0,72360.0,0.0,-65124.0,6
1822,14,32,11,64872.0,1433.6928,72080.0,69680.0,-63438.3072,5
1823,15,32,11,65124.0,82516.9856,72360.0,72360.0,17392.9856,4
1824,16,32,11,65124.0,258175.4256,72360.0,72360.0,193051.4256,4
1825,17,32,11,65124.0,295259.4464,72360.0,72360.0,230135.44640000002,4
1826,18,32,11,65124.0,291787.9104,72360.0,72360.0,226663.9104,4
1827,19,32,11,65124.0,221433.2512,72360.0,72360.0,156309.2512,4
1828,20,32,11,65124.0,194979.12,72360.0,72360.0,129855.12,4
1829,9,33,11,55080.0,0.0,61200.0,0.0,-55080.0,12
1830,10,33,11,55080.0,0.0,61200.0,0.0,-55080.0,10
1831,11,33,11,55080.0,0.0,61200.0,0.0,-55080.0,9
1832,12,33,11,58284.0,0.0,64760.0,0.0,-58284.0,8
1833,13,33,11,55332.0,0.0,61480.0,0.0,-55332.0,8
1834,14,33,11,58428.0,0.0,64920.0,0.0,-58428.0,7
1835,15,33,11,64008.0,67921.4912,71120.0,64320.0,3913.491200000004,7
1836,16,33,11,65124.0,278563.9248,72360.0,72360.0,213439.92479999998,7
1837,17,33,11,65124.0,295106.968,72360.0,72360.0,229982.968,7
1838,18,33,11,65124.0,289115.504,72360.0,72360.0,223991.50400000002,7
1839,19,33,11,65124.0,196239.656,72360.0,72360.0,131115.656,7
1840,11,34,11,55080.0,0.0,61200.0,0.0,-55080.0,10
1841,12,34,11,55080.0,0.0,61200.0,0.0,-55080.0,9
1842,13,34,11,55080.0,0.0,61200.0,0.0,-55080.0,8
1843,14,34,11,55080.0,0.0,61200.0,0.0,-55080.0,8
1844,15,34,11,56196.0,14931.888,62440.0,8040.0,-41264.112,8
1845,16,34,11,60660.0,140034.5168,67400.0,40200.0,79374.51680000001,8
1846,17,34,11,64872.0,245843.2928,72080.0,69680.0,180971.2928,8
1847,9,15,12,64395.01407,0.0,71550.01563,0.0,-64395.01407,8
1848,10,15,12,64395.01407,0.0,71550.01563,0.0,-64395.01407,6
1849,11,15,12,64665.01407,28203.876,71850.01563,71850.0,-36461.13807,6
1850,8,16,12,57015.0,0.0,63350.0,0.0,-57015.0,8
1851,9,16,12,64395.01407,0.0,71550.01563,0.0,-64395.01407,6
1852,7,17,12,55080.0,0.0,61200.0,0.0,-55080.0,8
1853,8,17,12,55080.0,0.0,61200.0,0.0,-55080.0,6
1854,9,17,12,57735.0,0.0,64150.0,0.0,-57735.0,5
1855,6,18,12,55080.0,0.0,61200.0,0.0,-55080.0,11
1856,7,18,12,55080.0,0.0,61200.0,0.0,-55080.0,7
1857,8,18,12,55080.0,0.0,61200.0,0.0,-55080.0,5
1858,6,19,12,55080.0,0.0,61200.0,0.0,-55080.0,8
1859,7,19,12,55080.0,0.0,61200.0,0.0,-55080.0,7
1860,8,19,12,55080.0,0.0,61200.0,0.0,-55080.0,5
1861,5,20,12,55080.0,0.0,61200.0,0.0,-55080.0,11
1862,6,20,12,55080.0,0.0,61200.0,0.0,-55080.0,7
1863,7,20,12,55080.0,0.0,61200.0,0.0,-55080.0,6
1864,8,20,12,55080.0,0.0,61200.0,0.0,-55080.0,5
1865,23,20,12,65124.0,169983.4304,72360.0,72360.0,104859.43040000001,1
1866,3,21,12,55080.0,0.0,61200.0,0.0,-55080.0,14
1867,5,21,12,55080.0,0.0,61200.0,0.0,-55080.0,11
1868,6,21,12,55080.0,0.0,61200.0,0.0,-55080.0,7
1869,7,21,12,55080.0,0.0,61200.0,0.0,-55080.0,5
1870,8,21,12,55080.0,0.0,61200.0,0.0,-55080.0,5
1871,5,22,12,55080.0,0.0,61200.0,0.0,-55080.0,11
1872,6,22,12,55080.0,0.0,61200.0,0.0,-55080.0,7
1873,7,22,12,55080.0,0.0,61200.0,0.0,-55080.0,5
1874,8,22,12,55080.0,0.0,61200.0,0.0,-55080.0,4
1875,5,23,12,55080.0,0.0,61200.0,0.0,-55080.0,11
1876,6,23,12,55080.0,0.0,61200.0,0.0,-55080.0,7
1877,7,23,12,55080.0,0.0,61200.0,0.0,-55080.0,5
1878,8,23,12,55080.0,0.0,61200.0,0.0,-55080.0,4
1879,5,24,12,55080.0,0.0,61200.0,0.0,-55080.0,11
1880,6,24,12,55080.0,0.0,61200.0,0.0,-55080.0,7
1881,7,24,12,55080.0,0.0,61200.0,0.0,-55080.0,5
1882,8,24,12,55080.0,0.0,61200.0,0.0,-55080.0,4
1883,9,24,12,55080.0,0.0,61200.0,0.0,-55080.0,3
1884,23,24,12,65124.0,271876.7408,72360.0,72360.0,206752.74080000003,0
1885,24,24,12,65124.0,269812.1216,72360.0,72360.0,204688.1216,1
1886,5,25,12,55080.0,0.0,61200.0,0.0,-55080.0,11
1887,6,25,12,55080.0,0.0,61200.0,0.0,-55080.0,7
1888,7,25,12,55080.0,0.0,61200.0,0.0,-55080.0,5
1889,8,25,12,55080.0,0.0,61200.0,0.0,-55080.0,4
1890,9,25,12,55080.0,0.0,61200.0,0.0,-55080.0,3
1891,23,25,12,65124.0,463705.856,72360.0,72360.0,398581.856,0
1892,24,25,12,65124.0,533863.4672,72360.0,72360.0,468739.46719999996,0
1893,5,26,12,55080.0,0.0,61200.0,0.0,-55080.0,11
1894,6,26,12,55080.0,0.0,61200.0,0.0,-55080.0,8
1895,7,26,12,55080.0,0.0,61200.0,0.0,-55080.0,5
1896,8,26,12,55080.0,0.0,61200.0,0.0,-55080.0,4
1897,9,26,12,55080.0,0.0,61200.0,0.0,-55080.0,3
1898,10,26,12,59040.0,0.0,65600.0,0.0,-59040.0,3
1899,11,26,12,65124.0,27680.112,72360.0,72360.0,-37443.888,2
1900,22,26,12,64422.01407,618385.5584,71580.01563,71580.0,553963.54433,0
1901,23,26,12,64692.01407,504715.5824,71880.01563,71880.0,440023.56833000004,0
1902,24,26,12,64989.00703,497760.2128,72210.00781,72210.0,432771.20577,0
1903,5,27,12,55080.0,0.0,61200.0,0.0,-55080.0,12
1904,6,27,12,55080.0,0.0,61200.0,0.0,-55080.0,9
1905,7,27,12,55080.0,0.0,61200.0,0.0,-55080.0,6
1906,8,27,12,55080.0,0.0,61200.0,0.0,-55080.0,5
1907,9,27,12,55080.0,0.0,61200.0,0.0,-55080.0,4
1908,10,27,12,55584.0,4917.6928,61760.0,5360.0,-50666.3072,3
1909,11,27,12,64512.0,106994.6912,71680.0,69680.0,42482.6912,3
1910,12,27,12,65124.0,297096.9568,72360.0,72360.0,231972.95679999999,2
1911,13,27,12,65124.0,356600.3968,72360.0,72360.0,291476.3968,2
1912,21,27,12,64395.01407,619573.264,71550.01563,71550.0,555178.2499299999,0
1913,22,27,12,64395.01407,656714.888,71550.01563,71550.0,592319.87393,0
1914,23,27,12,64395.01407,557173.496,71550.01563,71550.0,492778.48193000007,0
1915,24,27,12,64422.01407,559342.6528,71580.01563,71580.0,494920.63873000006,0
1916,5,28,12,55080.0,0.0,61200.0,0.0,-55080.0,12
1917,6,28,12,55080.0,0.0,61200.0,0.0,-55080.0,10
1918,7,28,12,55080.0,0.0,61200.0,0.0,-55080.0,7
1919,8,28,12,55080.0,0.0,61200.0,0.0,-55080.0,5
1920,9,28,12,56196.0,0.0,62440.0,0.0,-56196.0,4
1921,10,28,12,62280.0,71454.8032,69200.0,53600.0,9174.803199999995,3
1922,11,28,12,65124.0,229164.208,72360.0,72360.0,164040.208,3
1923,12,28,12,65124.0,374364.8656,72360.0,72360.0,309240.8656,2
1924,13,28,12,65124.0,379852.0704,72360.0,72360.0,314728.0704,2
1925,14,28,12,65124.0,361095.816,72360.0,72360.0,295971.816,2
1926,15,28,12,64620.0,315048.84,71800.0,71800.0,250428.84000000003,2
1927,16,28,12,65124.0,316144.4192,72360.0,72360.0,251020.4192,1
1928,17,28,12,64854.01407,379491.0064,72060.01563,72060.0,314636.99233000004,0
1929,18,28,12,64422.01407,446732.528,71580.01563,71580.0,382310.51393,0
1930,19,28,12,64395.01407,379670.688,71550.01563,71550.0,315275.67393000005,0
1931,20,28,12,64395.01407,372779.664,71550.01563,71550.0,308384.64993,0
1932,21,28,12,64395.01407,399388.024,71550.01563,71550.0,334993.00993,0
1933,22,28,12,64395.01407,472778.976,71550.01563,71550.0,408383.96193000005,0
1934,23,28,12,64395.01407,487878.816,71550.01563,71550.0,423483.80193,0
1935,5,29,12,55080.0,0.0,61200.0,0.0,-55080.0,12
1936,6,29,12,55080.0,0.0,61200.0,0.0,-55080.0,10
1937,7,29,12,55080.0,0.0,61200.0,0.0,-55080.0,8
1938,8,29,12,55080.0,0.0,61200.0,0.0,-55080.0,6
1939,9,29,12,60156.0,0.0,66840.0,0.0,-60156.0,4
1940,10,29,12,65124.0,14733.9968,72360.0,72360.0,-50390.0032,3
1941,11,29,12,65124.0,111742.3184,72360.0,72360.0,46618.318400000004,3
1942,12,29,12,65124.0,218044.2064,72360.0,72360.0,152920.2064,3
1943,13,29,12,65124.0,309754.2112,72360.0,72360.0,244630.21120000002,2
1944,14,29,12,65124.0,343313.4016,72360.0,72360.0,278189.4016,2
1945,15,29,12,62856.01407,304450.128,69840.01563,69840.0,241594.11393000002,2
1946,16,29,12,62856.01407,300725.2032,69840.01563,69840.0,237869.18912999998,2
1947,17,29,12,64872.0,315568.8272,72080.0,72080.0,250696.8272,2
1948,18,29,12,65016.00703,351937.7088,72240.00781,72240.0,286921.70177000004,1
1949,19,29,12,64584.01407,294377.4128,71760.01563,71760.0,229793.39873,1
1950,20,29,12,64395.01407,278738.656,71550.01563,71550.0,214343.64193,1
1951,21,29,12,64395.01407,270990.944,71550.01563,71550.0,206595.92993,1
1952,22,29,12,64395.01407,330805.536,71550.01563,71550.0,266410.52193000005,1
1953,23,29,12,64395.01407,466406.848,71550.01563,71550.0,402011.83393,1
1954,5,30,12,55080.0,0.0,61200.0,0.0,-55080.0,14
1955,6,30,12,55080.0,0.0,61200.0,0.0,-55080.0,12
1956,7,30,12,55080.0,0.0,61200.0,0.0,-55080.0,10
1957,8,30,12,55080.0,0.0,61200.0,0.0,-55080.0,8
1958,9,30,12,55080.0,0.0,61200.0,0.0,-55080.0,6
1959,10,30,12,61272.0,0.0,68080.0,0.0,-61272.0,4
1960,11,30,12,65124.0,0.0,72360.0,0.0,-65124.0,3
1961,12,30,12,65124.0,72845.1424,72360.0,72360.0,7721.142399999997,3
1962,13,30,12,65124.0,119413.8048,72360.0,72360.0,54289.8048,3
1963,14,30,12,65124.0,182599.7728,72360.0,72360.0,117475.7728,2
1964,15,30,12,64368.00703,298050.4448,71520.00781,71520.0,233682.43777,2
1965,16,30,12,64116.00703,297901.344,71240.00781,71240.0,233785.33696999997,2
1966,17,30,12,65124.0,286301.5472,72360.0,72360.0,221177.54719999997,2
1967,18,30,12,65124.0,263594.3696,72360.0,72360.0,198470.36959999998,2
1968,19,30,12,65097.0,244197.2608,72330.0,72330.0,179100.2608,2
1969,20,30,12,64548.0,96967.1504,71720.0,69320.0,32419.1504,2
1970,21,30,12,64476.01407,92318.1936,71640.01563,71640.0,27842.17953,2
1971,22,30,12,64395.01407,151013.552,71550.01563,71550.0,86618.53792999999,2
1972,23,30,12,64395.01407,356448.568,71550.01563,71550.0,292053.55393000005,2
1973,6,31,12,55080.0,0.0,61200.0,0.0,-55080.0,12
1974,7,31,12,55080.0,0.0,61200.0,0.0,-55080.0,10
1975,8,31,12,55080.0,0.0,61200.0,0.0,-55080.0,8
1976,9,31,12,55080.0,0.0,61200.0,0.0,-55080.0,7
1977,10,31,12,55080.0,0.0,61200.0,0.0,-55080.0,5
1978,11,31,12,57672.0,0.0,64080.0,0.0,-57672.0,4
1979,12,31,12,62496.0,0.0,69440.0,0.0,-62496.0,3
1980,13,31,12,65124.0,4366.256,72360.0,72360.0,-60757.744,3
1981,14,31,12,65124.0,34268.624,72360.0,72360.0,-30855.375999999997,3
1982,15,31,12,65124.0,61066.0512,72360.0,72360.0,-4057.9487999999983,3
1983,16,31,12,65124.0,171516.312,72360.0,72360.0,106392.312,2
1984,17,31,12,65124.0,205023.4304,72360.0,72360.0,139899.4304,2
1985,18,31,12,65124.0,231981.8768,72360.0,72360.0,166857.8768,2
1986,19,31,12,65124.0,179948.1984,72360.0,72360.0,114824.1984,2
1987,20,31,12,65124.0,35718.3072,72360.0,72360.0,-29405.692799999997,2
1988,21,31,12,65043.00703,8843.664,72270.00781,72270.0,-56199.34303,2
1989,22,31,12,64665.01407,84900.5568,71850.01563,71850.0,20235.54273000001,3
1990,23,31,12,64422.01407,140678.5392,71580.01563,71580.0,76256.52513,3
1991,6,32,12,55080.0,0.0,61200.0,0.0,-55080.0,12
1992,7,32,12,55080.0,0.0,61200.0,0.0,-55080.0,12
1993,8,32,12,55080.0,0.0,61200.0,0.0,-55080.0,9
1994,9,32,12,55080.0,0.0,61200.0,0.0,-55080.0,8
1995,10,32,12,55080.0,0.0,61200.0,0.0,-55080.0,8
1996,11,32,12,55080.0,0.0,61200.0,0.0,-55080.0,6
1997,12,32,12,55080.0,0.0,61200.0,0.0,-55080.0,5
1998,13,32,12,59616.0,0.0,66240.0,0.0,-59616.0,4
1999,14,32,12,60264.0,0.0,66960.0,0.0,-60264.0,3
2000,15,32,12,65124.0,16311.552,72360.0,72360.0,-48812.448000000004,3
2001,16,32,12,65124.0,152682.6656,72360.0,72360.0,87558.66560000001,3
2002,17,32,12,65124.0,210250.8976,72360.0,72360.0,145126.8976,3
2003,18,32,12,65124.0,180296.072,72360.0,72360.0,115172.07199999999,3
2004,19,32,12,65124.0,83555.4144,72360.0,72360.0,18431.414399999994,3
2005,20,32,12,65124.0,0.0,72360.0,0.0,-65124.0,3
2006,21,32,12,65124.0,0.0,72360.0,0.0,-65124.0,3
2007,22,32,12,64008.0,27417.3376,71120.0,64320.0,-36590.6624,3
2008,7,33,12,55080.0,0.0,61200.0,0.0,-55080.0,12
2009,8,33,12,55080.0,0.0,61200.0,0.0,-55080.0,12
2010,9,33,12,55080.0,0.0,61200.0,0.0,-55080.0,9
2011,10,33,12,55080.0,0.0,61200.0,0.0,-55080.0,8
2012,11,33,12,55080.0,0.0,61200.0,0.0,-55080.0,8
2013,12,33,12,55080.0,0.0,61200.0,0.0,-55080.0,7
2014,13,33,12,55944.0,0.0,62160.0,0.0,-55944.0,5
2015,14,33,12,60048.0,0.0,66720.0,0.0,-60048.0,4
2016,15,33,12,65124.0,33966.7488,72360.0,72360.0,-31157.2512,4
2017,16,33,12,65124.0,172590.6192,72360.0,72360.0,107466.61919999999,4
2018,17,33,12,65124.0,190570.624,72360.0,72360.0,125446.62400000001,4
2019,18,33,12,65124.0,179041.8352,72360.0,72360.0,113917.8352,4
2020,19,33,12,65124.0,50399.1328,72360.0,72360.0,-14724.8672,4
2021,20,33,12,65124.0,9607.3488,72360.0,72360.0,-55516.6512,4
2022,21,33,12,65124.0,8684.3568,72360.0,72360.0,-56439.6432,4
2023,9,34,12,55080.0,0.0,61200.0,0.0,-55080.0,12
2024,10,34,12,55080.0,0.0,61200.0,0.0,-55080.0,9
2025,11,34,12,55080.0,0.0,61200.0,0.0,-55080.0,8
2026,12,34,12,55080.0,0.0,61200.0,0.0,-55080.0,8
2027,13,34,12,55080.0,0.0,61200.0,0.0,-55080.0,8
2028,14,34,12,55080.0,0.0,61200.0,0.0,-55080.0,7
2029,15,34,12,60192.0,22487.9872,66880.0,42880.0,-37704.0128,7
2030,16,34,12,63900.0,115538.7168,71000.0,67000.0,51638.716799999995,7
2031,17,34,12,65124.0,142304.7024,72360.0,72360.0,77180.70240000001,7
2032,18,34,12,65124.0,150613.0592,72360.0,72360.0,85489.05919999999,7
2033,19,34,12,65124.0,99602.9456,72360.0,72360.0,34478.94560000001,7
2034,11,35,12,55080.0,0.0,61200.0,0.0,-55080.0,9
2035,12,35,12,55080.0,0.0,61200.0,0.0,-55080.0,9
2036,13,35,12,55080.0,0.0,61200.0,0.0,-55080.0,8
2037,14,35,12,55080.0,0.0,61200.0,0.0,-55080.0,8
2038,15,35,12,55080.0,0.0,61200.0,0.0,-55080.0,8
2039,16,35,12,55836.0,1813.3952,62040.0,8040.0,-54022.6048,8
2040,17,35,12,56952.0,13019.2256,63280.0,16080.0,-43932.7744,8
2041,14,10,13,55080.0,0.0,61200.0,0.0,-55080.0,6
2042,15,10,13,55080.0,0.0,61200.0,0.0,-55080.0,6
2043,16,10,13,55440.0,0.0,61600.0,0.0,-55440.0,6
2044,17,10,13,58320.0,0.0,64800.0,0.0,-58320.0,6
2045,18,10,13,58086.0,0.0,64540.0,0.0,-58086.0,6
2046,19,10,13,54369.0,0.0,60410.0,0.0,-54369.0,6
2047,20,10,13,48132.0,0.0,53480.0,0.0,-48132.0,6
2048,21,10,13,41462.928,0.0,47840.0,0.0,-41462.928,6
2049,22,10,13,31137.075,0.0,42450.0,0.0,-31137.075,6
2050,23,10,13,22757.373,0.0,37910.0,0.0,-22757.373,6
2051,24,10,13,21526.758,0.0,35860.0,0.0,-21526.758,6
2052,25,10,13,20776.383,0.0,34610.0,0.0,-20776.383,6
2053,26,10,13,19743.867,0.0,32890.0,0.0,-19743.867,7
2054,27,10,13,17186.589,0.0,28630.0,0.0,-17186.589,9
2055,12,11,13,55080.0,0.0,61200.0,0.0,-55080.0,6
2056,13,11,13,55080.0,0.0,61200.0,0.0,-55080.0,6
2057,14,11,13,55080.0,0.0,61200.0,0.0,-55080.0,6
2058,15,11,13,55080.0,0.0,61200.0,0.0,-55080.0,5
2059,16,11,13,55080.0,0.0,61200.0,0.0,-55080.0,5
2060,17,11,13,58320.0,0.0,64800.0,0.0,-58320.0,5
2061,18,11,13,54234.0,0.0,60260.0,0.0,-54234.0,5
2062,19,11,13,46746.0,0.0,51940.0,0.0,-46746.0,5
2063,20,11,13,35092.386,0.0,43860.0,0.0,-35092.386,5
2064,21,11,13,22463.226,0.0,37420.0,0.0,-22463.226,5
2065,22,11,13,20524.257,0.0,34190.0,0.0,-20524.257,5
2066,23,11,13,20188.089,0.0,33630.0,0.0,-20188.089,5
2067,24,11,13,20254.122,0.0,33740.0,0.0,-20254.122,6
2068,25,11,13,20026.008,0.0,33360.0,0.0,-20026.008,6
2069,26,11,13,18783.387,0.0,31290.0,0.0,-18783.387,6
2070,27,11,13,15937.965,0.0,26550.0,0.0,-15937.965,7
2071,28,11,13,11944.206,0.0,22380.0,0.0,-11944.206,9
2072,11,12,13,55080.0,0.0,61200.0,0.0,-55080.0,6
2073,12,12,13,55080.0,0.0,61200.0,0.0,-55080.0,6
2074,13,12,13,55080.0,0.0,61200.0,0.0,-55080.0,5
2075,14,12,13,55080.0,0.0,61200.0,0.0,-55080.0,5
2076,15,12,13,57528.0,7717.9232,63920.0,29920.0,-49810.0768,5
2077,16,12,13,59364.0,0.0,65960.0,0.0,-59364.0,5
2078,17,12,13,57852.0,0.0,64280.0,0.0,-57852.0,5
2079,18,12,13,55400.4,0.0,61556.0,0.0,-55400.4,5
2080,19,12,13,46809.0,0.0,52010.0,0.0,-46809.0,5
2081,20,12,13,31056.39,0.0,42340.0,0.0,-31056.39,5
2082,21,12,13,21148.569,0.0,35230.0,0.0,-21148.569,5
2083,22,12,13,20188.089,0.0,33630.0,0.0,-20188.089,5
2084,23,12,13,19809.9,0.0,33000.0,0.0,-19809.9,5
2085,24,12,13,19491.741,0.0,32470.0,0.0,-19491.741,5
2086,25,12,13,19275.633,0.0,32110.0,0.0,-19275.633,6
2087,26,12,13,18009.0,0.0,30000.0,0.0,-18009.0,6
2088,27,12,13,15937.965,0.0,26550.0,0.0,-15937.965,6
2089,28,12,13,14371.182,0.0,23940.0,0.0,-14371.182,7
2090,29,12,13,14473.233,0.0,24110.0,0.0,-14473.233,9
2091,9,13,13,55080.0,0.0,61200.0,0.0,-55080.0,8
2092,10,13,13,56916.0,0.0,63240.0,0.0,-56916.0,6
2093,11,13,13,58752.0,0.0,65280.0,0.0,-58752.0,6
2094,12,13,13,58140.0,0.0,64600.0,0.0,-58140.0,5
2095,13,13,13,55080.0,0.0,61200.0,0.0,-55080.0,5
2096,14,13,13,58752.0,28353.7184,65280.0,44880.0,-30398.2816,5
2097,15,13,13,60588.01407,59984.1984,67320.01563,67320.0,-603.8156699999963,5
2098,16,13,13,60588.01407,61889.688,67320.01563,67320.0,1301.6739300000045,5
2099,17,13,13,59832.01407,33195.248,66480.01563,66480.0,-26636.766069999998,5
2100,18,13,13,57490.2,23183.5784,63878.0,57250.0,-34306.6216,5
2101,19,13,13,50170.5,6741.9008,55745.0,47382.0,-43428.5992,5
2102,20,13,13,38461.41,0.0,46150.0,0.0,-38461.41,5
2103,21,13,13,24252.12,0.0,40400.0,0.0,-24252.12,5
2104,22,13,13,22901.445,0.0,38150.0,0.0,-22901.445,5
2105,23,13,13,22229.109,0.0,37030.0,0.0,-22229.109,5
2106,24,13,13,21521.9556,0.0,35852.0,0.0,-21521.9556,5
2107,25,13,13,20307.5487,0.0,33829.0,0.0,-20307.5487,5
2108,26,13,13,18609.3,0.0,31000.0,0.0,-18609.3,6
2109,27,13,13,16832.412,0.0,28040.0,0.0,-16832.412,6
2110,28,13,13,15643.818,0.0,26060.0,0.0,-15643.818,6
2111,29,13,13,16094.043,0.0,26810.0,0.0,-16094.043,7
2112,30,13,13,16460.226,0.0,27420.0,0.0,-16460.226,9
2113,8,14,13,58320.0,0.0,64800.0,0.0,-58320.0,8
2114,20,14,13,45333.0,0.0,50370.0,0.0,-45333.0,4
2115,21,14,13,41472.0,0.0,46080.0,0.0,-41472.0,4
2116,22,14,13,33312.0924,0.0,43443.0,0.0,-33312.0924,4
2117,23,14,13,26189.55821,29714.208,41334.53,41266.0,3524.6497899999995,4
2118,24,14,13,23145.7671,54226.6072,38557.0,38557.0,31080.840099999998,5
2119,25,14,13,21321.4554,43371.8608,35518.0,35518.0,22050.405400000003,5
2120,26,14,13,19522.9566,11067.9888,32522.0,22012.0,-8454.967800000002,5
2121,27,14,13,17762.877,0.0,29590.0,0.0,-17762.877,6
2122,28,14,13,17090.541,0.0,28470.0,0.0,-17090.541,6
2123,29,14,13,17642.817,0.0,29390.0,0.0,-17642.817,7
2124,30,14,13,17492.742,0.0,29140.0,0.0,-17492.742,8
2125,21,15,13,46723.5,0.0,51915.0,0.0,-46723.5,1
2126,22,15,13,44759.7,0.0,49733.0,0.0,-44759.7,1
2127,23,15,13,43419.6,0.0,48244.0,0.0,-43419.6,1
2128,24,15,13,35824.4775,8660.4008,44775.0,42660.0,-27164.0767,4
2129,25,15,13,27043.32852,43517.2064,40550.8,40278.0,16473.877880000004,4
2130,26,15,13,21918.7539,53339.1248,36513.0,36513.0,31420.370899999998,5
2131,27,15,13,19490.5404,4981.1488,32468.0,18668.0,-14509.391600000003,5
2132,28,15,13,18579.285,0.0,30950.0,0.0,-18579.285,6
2133,29,15,13,19071.531,0.0,31770.0,0.0,-19071.531,7
2134,30,15,13,18033.012,0.0,30040.0,0.0,-18033.012,8
2135,31,15,13,11414.124,0.0,22810.0,0.0,-11414.124,9
2136,22,16,13,51104.7,0.0,56783.0,0.0,-51104.7,1
2137,23,16,13,50546.7,0.0,56163.0,0.0,-50546.7,1
2138,24,16,13,48987.0,0.0,54430.0,0.0,-48987.0,1
2139,25,16,13,45207.0,0.0,50230.0,0.0,-45207.0,4
2140,26,16,13,37610.5086,40012.6696,45129.0,42852.0,2402.161,4
2141,27,16,13,24818.72659,28859.1176,39170.97,39130.0,4040.391010000003,5
2142,28,16,13,20605.2975,0.0,34325.0,0.0,-20605.2975,6
2143,29,16,13,20416.203,0.0,34010.0,0.0,-20416.203,7
2144,30,16,13,18243.117,0.0,30390.0,0.0,-18243.117,8
2145,31,16,13,11504.196,0.0,22990.0,0.0,-11504.196,9
2146,23,17,13,56845.8,7622.544,63162.0,56370.0,-49223.256,1
2147,24,17,13,56180.7,0.0,62423.0,0.0,-56180.7,1
2148,25,17,13,52301.7,6424.4432,58113.0,45273.0,-45877.256799999996,3
2149,26,17,13,46920.6,20896.32,52134.0,43200.0,-26024.28,4
2150,27,17,13,39941.8695,0.0,46085.0,0.0,-39941.8695,4
2151,28,17,13,25364.2752,0.0,40032.0,0.0,-25364.2752,5
2152,29,17,13,21748.869,0.0,36230.0,0.0,-21748.869,6
2153,30,17,13,18946.0683,4127.0032,31561.0,9531.0,-14819.0651,7
2154,31,17,13,16232.112,0.0,27040.0,0.0,-16232.112,9
2155,32,17,13,12552.624,0.0,23520.0,0.0,-12552.624,10
2156,24,18,13,58307.41758,0.0,64786.01953,0.0,-58307.41758,1
2157,25,18,13,56362.5,0.0,62625.0,0.0,-56362.5,1
2158,26,18,13,51329.7,0.0,57033.0,0.0,-51329.7,3
2159,27,18,13,46152.0,0.0,51280.0,0.0,-46152.0,4
2160,28,18,13,39446.9838,0.0,45514.0,0.0,-39446.9838,4
2161,29,18,13,25597.44,15065.6728,40400.0,29210.0,-10531.767199999998,6
2162,30,18,13,22019.6043,42873.3928,36681.0,30962.0,20853.788500000002,7
2163,31,18,13,19953.972,0.0,33240.0,0.0,-19953.972,8
2164,32,18,13,17828.91,0.0,29700.0,0.0,-17828.91,9
2165,4,19,13,57240.0,0.0,63600.0,0.0,-57240.0,11
2166,24,19,13,58572.0,0.0,65080.0,0.0,-58572.0,1
2167,25,19,13,58211.11407,0.0,64679.01563,0.0,-58211.11407,1
2168,26,19,13,55166.4,0.0,61296.0,0.0,-55166.4,3
2169,27,19,13,49986.9,0.0,55541.0,0.0,-49986.9,3
2170,28,19,13,45220.5,0.0,50245.0,0.0,-45220.5,4
2171,29,19,13,39788.4636,6820.7232,45908.0,43137.0,-32967.7404,6
2172,30,19,13,28017.8028,29012.1904,42012.0,21062.0,994.3875999999982,7
2173,31,19,13,23291.64,0.0,38800.0,0.0,-23291.64,8
2174,2,20,13,55080.0,0.0,61200.0,0.0,-55080.0,13
2175,24,20,13,60336.01407,13305.0048,67040.01563,67040.0,-47031.009269999995,1
2176,25,20,13,58824.01407,0.0,65360.01563,0.0,-58824.01407,1
2177,26,20,13,57878.11407,0.0,64309.01563,0.0,-57878.11407,2
2178,27,20,13,54121.5,0.0,60135.0,0.0,-54121.5,3
2179,28,20,13,50150.7,0.0,55723.0,0.0,-50150.7,4
2180,29,20,13,46413.0,2838.528,51570.0,14400.0,-43574.472,6
2181,30,20,13,42651.0,1105.152,47390.0,2400.0,-41545.848,7
2182,31,20,13,33401.808,0.0,43560.0,0.0,-33401.808,8
2183,25,21,13,59976.0,0.0,66640.0,0.0,-59976.0,1
2184,26,21,13,59076.0,0.0,65640.0,0.0,-59076.0,1
2185,27,21,13,57884.4,22253.2784,64316.0,59516.0,-35631.1216,3
2186,28,21,13,54765.0,2036.5448,60850.0,11320.0,-52728.4552,4
2187,29,21,13,50283.0,0.0,55870.0,0.0,-50283.0,4
2188,30,21,13,45675.0,0.0,50750.0,0.0,-45675.0,6
2189,31,21,13,41355.0,0.0,45950.0,0.0,-41355.0,7
2190,25,22,13,60588.01407,0.0,67320.01563,0.0,-60588.01407,1
2191,26,22,13,60588.01407,0.0,67320.01563,0.0,-60588.01407,1
2192,27,22,13,59580.01407,28769.3184,66200.01563,66200.0,-30810.695669999997,3
2193,28,22,13,56043.9,0.0,62271.0,0.0,-56043.9,4
2194,29,22,13,51098.4,0.0,56776.0,0.0,-51098.4,4
2195,30,22,13,47088.0,0.0,52320.0,0.0,-47088.0,6
2196,25,23,13,60588.01407,77633.4144,67320.01563,67320.0,17045.400329999997,1
2197,26,23,13,60588.01407,83660.2816,67320.01563,67320.0,23072.267530000005,1
2198,27,23,13,60588.01407,108515.7184,67320.01563,67320.0,47927.70433,3
2199,28,23,13,57213.0,39708.2768,63570.0,41080.0,-17504.7232,3
2200,29,23,13,52380.0,0.0,58200.0,0.0,-52380.0,4
2201,30,23,13,48753.0,0.0,54170.0,0.0,-48753.0,6
2202,24,24,13,60588.01407,89524.1168,67320.01563,67320.0,28936.102730000006,0
2203,25,24,13,60588.01407,91925.1248,67320.01563,67320.0,31337.110730000008,1
2204,26,24,13,60588.01407,82980.7408,67320.01563,67320.0,22392.726730000002,1
2205,27,24,13,60588.01407,0.0,67320.01563,0.0,-60588.01407,1
2206,28,24,13,58957.2,0.0,65508.0,0.0,-58957.2,3
2207,29,24,13,54189.0,0.0,60210.0,0.0,-54189.0,4
2208,30,24,13,50724.0,0.0,56360.0,0.0,-50724.0,6
2209,24,25,13,60588.01407,144482.4544,67320.01563,67320.0,83894.44032999998,0
2210,25,25,13,60588.01407,123885.4816,67320.01563,67320.0,63297.46753,0
2211,26,25,13,60588.01407,14521.3008,67320.01563,67320.0,-46066.71326999999,1
2212,27,25,13,59364.0,0.0,65960.0,0.0,-59364.0,1
2213,28,25,13,56610.0,0.0,62900.0,0.0,-56610.0,3
2214,29,25,13,55746.0,0.0,61940.0,0.0,-55746.0,4
2215,24,26,13,60588.01407,162563.6368,67320.01563,67320.0,101975.62273,0
2216,25,26,13,60588.01407,112702.7248,67320.01563,67320.0,52114.71073,0
2217,26,26,13,60588.01407,613.0752,67320.01563,67320.0,-59974.93887,1
2218,27,26,13,59976.0,0.0,66640.0,0.0,-59976.0,3
2219,28,26,13,56736.0,0.0,63040.0,0.0,-56736.0,3
2220,23,27,13,60345.01407,364947.336,67050.01563,67050.0,304602.32193000003,0
2221,24,27,13,60453.01407,227782.6848,67170.01563,67170.0,167329.67072999998,0
2222,25,27,13,60561.00703,83801.256,67290.00781,67290.0,23240.248969999993,0
2223,26,27,13,60588.01407,0.0,67320.01563,0.0,-60588.01407,1
2224,27,27,13,55692.0,0.0,61880.0,0.0,-55692.0,3
2225,21,28,13,60345.01407,318145.56,67050.01563,67050.0,257800.54593,0
2226,22,28,13,60345.01407,375292.328,67050.01563,67050.0,314947.31393,0
2227,23,28,13,60345.01407,355060.224,67050.01563,67050.0,294715.20993,0
2228,24,28,13,59445.01407,360366.44,66050.01563,66050.0,300921.42593,0
2229,25,28,13,58995.01407,243615.224,65550.01563,65550.0,184620.20992999998,1
2230,26,28,13,58572.0,40217.0112,65080.0,62680.0,-18354.9888,2
2231,17,29,13,58824.01407,132615.576,65360.01563,65360.0,73791.56193,0
2232,18,29,13,59553.01407,279864.2752,66170.01563,66170.0,220311.26112999997,0
2233,19,29,13,60345.01407,275886.488,67050.01563,67050.0,215541.47393,0
2234,20,29,13,60345.01407,178557.992,67050.01563,67050.0,118212.97793,0
2235,21,29,13,60345.01407,223038.312,67050.01563,67050.0,162693.29793,0
2236,22,29,13,60345.01407,295926.76,67050.01563,67050.0,235581.74593,0
2237,23,29,13,59670.01407,305272.568,66300.01563,66300.0,245602.55393000002,0
2238,24,29,13,58320.01758,312911.616,64800.01953,64800.0,254591.59842,1
2239,25,29,13,58320.01758,260537.472,64800.01953,64800.0,202217.45442000002,1
2240,3,30,13,55080.0,0.0,61200.0,0.0,-55080.0,14
2241,17,30,13,58572.01407,89396.5664,65080.01563,65080.0,30824.55233,1
2242,18,30,13,60084.00703,113896.9648,66760.00781,66760.0,53812.95777,1
2243,19,30,13,60534.00703,128940.3488,67260.00781,67260.0,68406.34177,1
2244,20,30,13,59787.0,61502.2432,66430.0,59630.0,1715.2431999999972,1
2245,21,30,13,60345.01407,86266.688,67050.01563,67050.0,25921.673929999997,1
2246,22,30,13,60120.01407,173022.464,66800.01563,66800.0,112902.44993,1
2247,23,30,13,58545.01758,261096.12,65050.01953,65050.0,202551.10242,1
2248,24,30,13,58320.01758,231411.264,64800.01953,64800.0,173091.24641999998,2
2249,16,31,13,59328.01407,32957.032,65920.01563,65920.0,-26370.98207,2
2250,17,31,13,59328.01407,60290.792,65920.01563,65920.0,962.7779300000038,2
2251,18,31,13,60588.01407,85288.4288,67320.01563,67320.0,24700.414729999997,2
2252,19,31,13,60588.01407,55558.6688,67320.01563,67320.0,-5029.345269999998,2
2253,20,31,13,60588.01407,0.0,67320.01563,0.0,-60588.01407,2
2254,21,31,13,60480.01407,21831.552,67200.01563,67200.0,-38648.462069999994,2
2255,22,31,13,60120.01407,111872.248,66800.01563,66800.0,51752.23393000001,2
2256,23,31,13,58545.01758,73424.128,65050.01953,65050.0,14879.110419999997,2
2257,24,31,13,58320.01758,110967.744,64800.01953,64800.0,52647.726420000006,3
2258,4,32,13,55080.0,0.0,61200.0,0.0,-55080.0,14
2259,16,32,13,61848.00703,25370.1936,68720.00781,68720.0,-36477.81343,2
2260,17,32,13,60588.01407,46874.4752,67320.01563,67320.0,-13713.538869999997,2
2261,18,32,13,60588.01407,43006.4816,67320.01563,67320.0,-17581.53247,2
2262,19,32,13,60588.01407,0.0,67320.01563,0.0,-60588.01407,2
2263,20,32,13,60588.0,0.0,67320.0,0.0,-60588.0,2
2264,21,32,13,60588.01407,0.0,67320.01563,0.0,-60588.01407,2
2265,22,32,13,60588.0,0.0,67320.0,0.0,-60588.0,2
2266,23,32,13,59580.01407,10791.6832,66200.01563,66200.0,-48788.33087,3
2267,4,33,13,55080.0,0.0,61200.0,0.0,-55080.0,15
2268,5,33,13,55080.0,0.0,61200.0,0.0,-55080.0,14
2269,16,33,13,62100.01407,40806.9872,69000.01563,69000.0,-21293.026869999994,3
2270,17,33,13,60588.01407,54831.544,67320.01563,67320.0,-5756.470069999996,3
2271,18,33,13,60588.01407,41625.6144,67320.01563,67320.0,-18962.39967,3
2272,19,33,13,60588.01407,6332.8848,67320.01563,67320.0,-54255.12927,3
2273,20,33,13,60588.01407,0.0,67320.01563,0.0,-60588.01407,3
2274,21,33,13,60588.01407,0.0,67320.01563,0.0,-60588.01407,3
2275,22,33,13,60588.01407,7217.1392,67320.01563,67320.0,-53370.87487,3
2276,5,34,13,55080.0,0.0,61200.0,0.0,-55080.0,15
2277,6,34,13,55080.0,0.0,61200.0,0.0,-55080.0,14
2278,16,34,13,60840.01407,21126.9968,67600.01563,67600.0,-39713.01727,4
2279,17,34,13,60588.01407,44833.432,67320.01563,67320.0,-15754.582069999997,4
2280,18,34,13,60588.01407,50732.688,67320.01563,67320.0,-9855.326069999996,4
2281,19,34,13,60588.01407,53645.4272,67320.01563,67320.0,-6942.586869999999,4
2282,20,34,13,60435.91407,39865.3416,67151.01563,67151.0,-20570.57247,4
2283,21,34,13,59994.90703,27096.6952,66661.00781,66661.0,-32898.21183,4
2284,6,35,13,55080.0,0.0,61200.0,0.0,-55080.0,15
2285,7,35,13,55080.0,0.0,61200.0,0.0,-55080.0,14
2286,16,35,13,58140.0,0.0,64600.0,0.0,-58140.0,7
2287,17,35,13,58752.0,0.0,65280.0,0.0,-58752.0,7
2288,18,35,13,58140.0,3322.4832,64600.0,37400.0,-54817.5168,7
2289,19,35,13,58140.0,0.0,64600.0,0.0,-58140.0,7
2290,20,35,13,57853.8,0.0,64282.0,0.0,-57853.8,7
2291,7,36,13,55080.0,0.0,61200.0,0.0,-55080.0,14
2292,8,36,13,55080.0,0.0,61200.0,0.0,-55080.0,12
2293,9,36,13,55080.0,0.0,61200.0,0.0,-55080.0,12
2294,16,36,13,55080.0,0.0,61200.0,0.0,-55080.0,8
2295,17,36,13,55080.0,0.0,61200.0,0.0,-55080.0,8
2296,18,36,13,55080.0,0.0,61200.0,0.0,-55080.0,8
2297,8,37,13,55080.0,0.0,61200.0,0.0,-55080.0,15
2298,9,37,13,55080.0,0.0,61200.0,0.0,-55080.0,13
2299,10,37,13,55080.0,0.0,61200.0,0.0,-55080.0,12
2300,11,37,13,55080.0,0.0,61200.0,0.0,-55080.0,10
2301,12,37,13,55080.0,0.0,61200.0,0.0,-55080.0,9
2302,13,37,13,55080.0,0.0,61200.0,0.0,-55080.0,9
2303,10,38,13,55080.0,0.0,61200.0,0.0,-55080.0,14
2304,11,38,13,55080.0,0.0,61200.0,0.0,-55080.0,12
2305,12,38,13,55080.0,0.0,61200.0,0.0,-55080.0,11
2306,11,39,13,55080.0,0.0,61200.0,0.0,-55080.0,14
2307,12,39,13,55080.0,0.0,61200.0,0.0,-55080.0,13
2308,12,9,14,3899.097,0.0,13010.0,0.0,-3899.097,6
2309,10,10,14,4078.917,0.0,13610.0,0.0,-4078.917,7
2310,11,10,14,4030.965,0.0,13450.0,0.0,-4030.965,6
2311,9,11,14,4210.785,0.0,14050.0,0.0,-4210.785,7
2312,7,12,14,4471.524,0.0,14920.0,0.0,-4471.524,10
2313,8,12,14,4372.623,0.0,14590.0,0.0,-4372.623,8
2314,6,13,14,4693.302,0.0,15660.0,0.0,-4693.302,10
2315,5,14,14,4930.065,0.0,16450.0,0.0,-4930.065,11
2316,4,15,14,5205.789,0.0,17370.0,0.0,-5205.789,11
2317,3,16,14,5493.501,0.0,18330.0,0.0,-5493.501,12
2318,2,17,14,6161.832,0.0,20560.0,0.0,-6161.832,13
2319,3,17,14,5745.249,0.0,19170.0,0.0,-5745.249,11
2320,2,18,14,10938.744,0.0,21860.0,0.0,-10938.744,12
2321,3,18,14,6101.892,0.0,20360.0,0.0,-6101.892,11
2322,2,19,14,13902.948,0.0,23160.0,0.0,-13902.948,12
2323,1,20,14,15559.776,0.0,25920.0,0.0,-15559.776,13
2324,2,20,14,14413.203,0.0,24010.0,0.0,-14413.203,12
2325,1,21,14,15847.92,0.0,26400.0,0.0,-15847.92,13
2326,2,21,14,14419.206,0.0,24020.0,0.0,-14419.206,12
2327,1,22,14,15805.899,0.0,26330.0,0.0,-15805.899,13
2328,2,22,14,14371.182,0.0,23940.0,0.0,-14371.182,12
2329,1,23,14,15757.875,0.0,26250.0,0.0,-15757.875,13
2330,2,23,14,14323.158,0.0,23860.0,0.0,-14323.158,12
2331,1,24,14,15709.851,0.0,26170.0,0.0,-15709.851,13
2332,2,24,14,14305.149,0.0,23830.0,0.0,-14305.149,12
2333,1,25,14,15655.824,0.0,26080.0,0.0,-15655.824,13
2334,2,25,14,14377.185,0.0,23950.0,0.0,-14377.185,12
2335,1,26,14,15607.8,0.0,26000.0,0.0,-15607.8,14
2336,1,27,14,15553.773,0.0,25910.0,0.0,-15553.773,14
2337,1,28,14,15175.584,0.0,25280.0,0.0,-15175.584,14
2338,5,36,14,3746.25,0.0,12500.0,0.0,-3746.25,15
2339,14,23,4,65124.0,976182.768,72360.0,72360.0,911058.768,11
2340,15,23,4,65124.0,911645.344,72360.0,72360.0,846521.344,7
2341,15,24,4,65124.0,815834.136,72360.0,72360.0,750710.136,8
2342,16,24,4,65124.0,839770.344,72360.0,72360.0,774646.344,5
2343,16,25,4,65124.0,785350.752,72360.0,72360.0,720226.752,7
2344,13,22,5,65124.0,734301.512,72360.0,72360.0,669177.512,11
2345,14,22,5,65124.0,1020365.04,72360.0,72360.0,955241.04,7
2346,15,22,5,65124.0,1187475.984,72360.0,72360.0,1122351.984,5
2347,13,23,5,65124.0,747577.328,72360.0,72360.0,682453.328,11
2348,14,23,5,65124.0,1028892.968,72360.0,72360.0,963768.968,7
2349,15,23,5,65124.0,1112709.616,72360.0,72360.0,1047585.6159999999,5
2350,16,23,5,65124.0,985260.384,72360.0,72360.0,920136.384,5
2351,13,24,5,65124.0,477336.072,72360.0,72360.0,412212.072,11
2352,14,24,5,65124.0,751191.6,72360.0,72360.0,686067.6,7
2353,15,24,5,65124.0,898759.976,72360.0,72360.0,833635.976,5
2354,16,24,5,65124.0,958564.424,72360.0,72360.0,893440.424,4
2355,17,24,5,65124.0,1017968.744,72360.0,72360.0,952844.744,3
2356,13,25,5,65124.0,469769.76,72360.0,72360.0,404645.76,11
2357,14,25,5,65124.0,572337.728,72360.0,72360.0,507213.728,8
2358,15,25,5,65124.0,764003.568,72360.0,72360.0,698879.568,6
2359,16,25,5,65124.0,944906.888,72360.0,72360.0,879782.888,4
2360,17,25,5,65124.0,999093.024,72360.0,72360.0,933969.024,3
2361,13,26,5,65124.0,483059.0,72360.0,72360.0,417935.0,12
2362,14,26,5,65124.0,529544.28,72360.0,72360.0,464420.28,10
2363,15,26,5,65124.0,695260.056,72360.0,72360.0,630136.056,8
2364,16,26,5,65124.0,850614.328,72360.0,72360.0,785490.328,6
2365,17,26,5,65124.0,847267.4,72360.0,72360.0,782143.4,5
2366,13,27,5,65124.0,468435.928,72360.0,72360.0,403311.928,12
2367,14,27,5,65124.0,513842.176,72360.0,72360.0,448718.176,10
2368,15,27,5,65124.0,648598.088,72360.0,72360.0,583474.088,8
2369,17,27,5,65124.0,832062.496,72360.0,72360.0,766938.496,7
2370,15,28,5,65124.0,610937.96,72360.0,72360.0,545813.96,9
2371,12,21,6,65124.0,259789.1424,72360.0,72360.0,194665.1424,11
2372,13,21,6,65124.0,631161.72,72360.0,72360.0,566037.72,7
2373,14,21,6,65124.0,897858.68,72360.0,72360.0,832734.68,6
2374,15,21,6,65124.0,1027579.424,72360.0,72360.0,962455.424,5
2375,12,22,6,65124.0,416333.944,72360.0,72360.0,351209.944,11
2376,13,22,6,65124.0,771931.92,72360.0,72360.0,706807.92,7
2377,14,22,6,65124.0,1056122.208,72360.0,72360.0,990998.2080000001,5
2378,15,22,6,65124.0,1254308.824,72360.0,72360.0,1189184.824,5
2379,16,22,6,65097.0,1330426.264,72330.0,72330.0,1265329.264,4
2380,12,23,6,65124.0,329337.0144,72360.0,72360.0,264213.0144,11
2381,13,23,6,65124.0,772250.048,72360.0,72360.0,707126.048,7
2382,14,23,6,65124.0,1062261.368,72360.0,72360.0,997137.368,5
2383,15,23,6,65124.0,1215980.736,72360.0,72360.0,1150856.736,4
2384,16,23,6,65124.0,1174235.216,72360.0,72360.0,1109111.216,4
2385,17,23,6,65124.0,1039040.2,72360.0,72360.0,973916.2,3
2386,12,24,6,65124.0,171914.3808,72360.0,72360.0,106790.38080000001,11
2387,13,24,6,65124.0,515234.096,72360.0,72360.0,450110.096,7
2388,14,24,6,65124.0,866418.584,72360.0,72360.0,801294.584,5
2389,15,24,6,65124.0,1022976.848,72360.0,72360.0,957852.848,4
2390,16,24,6,65124.0,1130133.856,72360.0,72360.0,1065009.856,3
2391,17,24,6,65124.0,1258562.08,72360.0,72360.0,1193438.08,3
2392,18,24,6,65124.0,1343600.192,72360.0,72360.0,1278476.192,2
2393,12,25,6,65124.0,236873.5168,72360.0,72360.0,171749.5168,11
2394,13,25,6,65124.0,535173.96,72360.0,72360.0,470049.95999999996,8
2395,14,25,6,65124.0,735373.088,72360.0,72360.0,670249.088,5
2396,15,25,6,65124.0,883282.432,72360.0,72360.0,818158.432,4
2397,16,25,6,65124.0,1008804.336,72360.0,72360.0,943680.336,3
2398,17,25,6,65124.0,1055767.848,72360.0,72360.0,990643.848,3
2399,18,25,6,65124.0,1165061.016,72360.0,72360.0,1099937.016,3
2400,12,26,6,65124.0,323023.728,72360.0,72360.0,257899.728,12
2401,13,26,6,65124.0,557600.664,72360.0,72360.0,492476.664,9
2402,14,26,6,65124.0,675481.248,72360.0,72360.0,610357.248,6
2403,15,26,6,65124.0,859244.2,72360.0,72360.0,794120.2,5
2404,16,26,6,65124.0,934230.424,72360.0,72360.0,869106.424,4
2405,17,26,6,65124.0,944152.176,72360.0,72360.0,879028.176,3
2406,18,26,6,65124.0,1011120.696,72360.0,72360.0,945996.696,3
2407,12,27,6,65124.0,435474.656,72360.0,72360.0,370350.656,12
2408,13,27,6,65124.0,515183.408,72360.0,72360.0,450059.408,10
2409,14,27,6,65124.0,555162.448,72360.0,72360.0,490038.448,8
2410,15,27,6,65124.0,678066.656,72360.0,72360.0,612942.656,7
2411,16,27,6,65124.0,817314.192,72360.0,72360.0,752190.192,5
2412,17,27,6,65124.0,914815.944,72360.0,72360.0,849691.944,4
2413,18,27,6,65124.0,1019324.904,72360.0,72360.0,954200.904,4
2414,12,28,6,65124.0,489038.032,72360.0,72360.0,423914.032,12
2415,13,28,6,65124.0,522816.688,72360.0,72360.0,457692.688,10
2416,14,28,6,65124.0,566003.888,72360.0,72360.0,500879.88800000004,9
2417,15,28,6,65124.0,633931.088,72360.0,72360.0,568807.088,8
2418,16,28,6,65124.0,694847.184,72360.0,72360.0,629723.184,8
2419,17,28,6,65124.0,806747.712,72360.0,72360.0,741623.712,7
2420,14,29,6,65124.0,534648.688,72360.0,72360.0,469524.68799999997,10
2421,15,29,6,65124.0,564930.056,72360.0,72360.0,499806.056,9
2422,12,20,7,65124.0,204354.704,72360.0,72360.0,139230.704,8
2423,13,20,7,65124.0,579079.304,72360.0,72360.0,513955.304,6
2424,11,21,7,65124.0,15775.5552,72360.0,72360.0,-49348.4448,11
2425,12,21,7,65124.0,303148.064,72360.0,72360.0,238024.064,7
2426,13,21,7,65124.0,682225.064,72360.0,72360.0,617101.064,5
2427,11,22,7,65124.0,92239.376,72360.0,72360.0,27115.376000000004,11
2428,12,22,7,65124.0,502723.752,72360.0,72360.0,437599.752,7
2429,13,22,7,65124.0,830449.104,72360.0,72360.0,765325.104,5
2430,14,22,7,65124.0,1084193.832,72360.0,72360.0,1019069.8319999999,4
2431,15,22,7,65070.0,1230606.848,72300.0,72300.0,1165536.848,4
2432,11,23,7,65124.0,84227.6896,72360.0,72360.0,19103.689599999998,11
2433,12,23,7,65124.0,377206.44,72360.0,72360.0,312082.44,7
2434,13,23,7,65124.0,825857.656,72360.0,72360.0,760733.656,5
2435,14,23,7,65124.0,1106050.016,72360.0,72360.0,1040926.0160000001,4
2436,15,23,7,65124.0,1226274.432,72360.0,72360.0,1161150.432,3
2437,16,23,7,65070.0,1269697.896,72300.0,72300.0,1204627.896,3
2438,17,23,7,64692.01407,1045444.368,71880.01563,71880.0,980752.35393,2
2439,18,23,7,64422.01407,841163.336,71580.01563,71580.0,776741.32193,2
2440,11,24,7,63036.0,72150.6272,70040.0,61640.0,9114.627200000003,11
2441,12,24,7,65124.0,211870.6304,72360.0,72360.0,146746.6304,7
2442,13,24,7,65124.0,617902.008,72360.0,72360.0,552778.008,5
2443,14,24,7,65124.0,977011.752,72360.0,72360.0,911887.752,4
2444,15,24,7,65124.0,1114021.912,72360.0,72360.0,1048897.912,3
2445,16,24,7,65124.0,1217725.528,72360.0,72360.0,1152601.528,2
2446,17,24,7,65097.0,1306055.568,72330.0,72330.0,1240958.568,2
2447,18,24,7,64827.01407,1129344.824,72030.01563,72030.0,1064517.80993,2
2448,19,24,7,64449.01407,826208.6,71610.01563,71610.0,761759.58593,2
2449,11,25,7,58932.0,69208.6368,65480.0,29480.0,10276.636799999993,11
2450,12,25,7,65124.0,350415.888,72360.0,72360.0,285291.888,7
2451,13,25,7,65124.0,687180.032,72360.0,72360.0,622056.032,5
2452,14,25,7,65124.0,933970.472,72360.0,72360.0,868846.472,4
2453,15,25,7,65124.0,1064231.568,72360.0,72360.0,999107.568,3
2454,16,25,7,65124.0,1050772.928,72360.0,72360.0,985648.9280000001,3
2455,17,25,7,65124.0,1089253.888,72360.0,72360.0,1024129.888,2
2456,18,25,7,65124.0,1067738.968,72360.0,72360.0,1002614.9680000001,2
2457,19,25,7,64908.00703,1046735.36,72120.00781,72120.0,981827.35297,2
2458,11,26,7,61524.0,80374.16,68360.0,45560.0,18850.160000000003,11
2459,12,26,7,65124.0,445483.776,72360.0,72360.0,380359.776,8
2460,13,26,7,65124.0,703088.144,72360.0,72360.0,637964.144,6
2461,14,26,7,65124.0,835072.392,72360.0,72360.0,769948.392,4
2462,15,26,7,65124.0,923791.304,72360.0,72360.0,858667.304,3
2463,16,26,7,65124.0,929669.92,72360.0,72360.0,864545.92,3
2464,17,26,7,65124.0,890586.888,72360.0,72360.0,825462.888,3
2465,18,26,7,65124.0,985262.528,72360.0,72360.0,920138.528,2
2466,19,26,7,65124.0,1220836.496,72360.0,72360.0,1155712.496,2
2467,10,27,7,62892.0,94204.7776,69880.0,56280.0,31312.7776,14
2468,11,27,7,65124.0,212778.7328,72360.0,72360.0,147654.7328,12
2469,12,27,7,65124.0,520866.664,72360.0,72360.0,455742.664,10
2470,13,27,7,65124.0,610428.824,72360.0,72360.0,545304.824,7
2471,14,27,7,65124.0,624042.448,72360.0,72360.0,558918.448,5
2472,15,27,7,65124.0,722406.072,72360.0,72360.0,657282.072,4
2473,16,27,7,65124.0,849447.512,72360.0,72360.0,784323.512,3
2474,17,27,7,65124.0,976974.52,72360.0,72360.0,911850.52,3
2475,18,27,7,65124.0,1151625.752,72360.0,72360.0,1086501.752,3
2476,19,27,7,65124.0,1357004.632,72360.0,72360.0,1291880.632,3
2477,10,28,7,65124.0,214996.144,72360.0,72360.0,149872.144,14
2478,11,28,7,65124.0,417319.408,72360.0,72360.0,352195.408,12
2479,12,28,7,65124.0,565237.608,72360.0,72360.0,500113.608,10
2480,13,28,7,65124.0,592762.576,72360.0,72360.0,527638.576,8
2481,14,28,7,65124.0,620837.496,72360.0,72360.0,555713.496,8
2482,15,28,7,65124.0,675519.416,72360.0,72360.0,610395.416,6
2483,16,28,7,65124.0,717781.448,72360.0,72360.0,652657.448,5
2484,17,28,7,65124.0,848425.088,72360.0,72360.0,783301.088,4
2485,18,28,7,65124.0,1095042.928,72360.0,72360.0,1029918.9280000001,4
2486,11,29,7,65124.0,302048.56,72360.0,72360.0,236924.56,12
2487,12,29,7,65124.0,446529.912,72360.0,72360.0,381405.912,12
2488,13,29,7,65124.0,538424.448,72360.0,72360.0,473300.448,9
2489,14,29,7,65124.0,582501.896,72360.0,72360.0,517377.89599999995,8
2490,15,29,7,65124.0,594077.88,72360.0,72360.0,528953.88,8
2491,16,29,7,65124.0,574121.728,72360.0,72360.0,508997.728,7
2492,17,29,7,65124.0,665913.456,72360.0,72360.0,600789.456,7
2493,13,30,7,65124.0,230695.0368,72360.0,72360.0,165571.0368,12
2494,14,30,7,65124.0,327085.6,72360.0,72360.0,261961.59999999998,9
2495,15,30,7,65124.0,568923.792,72360.0,72360.0,503799.792,8
2496,11,19,8,61776.0,0.0,68640.0,0.0,-61776.0,8
2497,12,19,8,65016.00703,109845.8656,72240.00781,72240.0,44829.858570000004,7
2498,13,19,8,64503.0211,302260.476,71670.02344,71670.0,237757.4549,6
2499,10,20,8,55944.0,0.0,62160.0,0.0,-55944.0,11
2500,11,20,8,65124.0,0.0,72360.0,0.0,-65124.0,7
2501,12,20,8,65124.0,165755.312,72360.0,72360.0,100631.312,6
2502,10,21,8,60660.0,0.0,67400.0,0.0,-60660.0,10
2503,11,21,8,65124.0,17101.296,72360.0,72360.0,-48022.704,7
2504,12,21,8,65124.0,274234.1088,72360.0,72360.0,209110.1088,5
2505,10,22,8,61272.0,0.0,68080.0,0.0,-61272.0,10
2506,11,22,8,65124.0,111635.9168,72360.0,72360.0,46511.916800000006,7
2507,12,22,8,65124.0,490677.632,72360.0,72360.0,425553.632,5
2508,13,22,8,65124.0,827540.16,72360.0,72360.0,762416.16,4
2509,10,23,8,59940.0,0.0,66600.0,0.0,-59940.0,10
2510,11,23,8,65124.0,99107.3664,72360.0,72360.0,33983.3664,7
2511,12,23,8,65124.0,373426.968,72360.0,72360.0,308302.968,5
2512,13,23,8,65124.0,795934.192,72360.0,72360.0,730810.192,4
2513,14,23,8,65124.0,1005538.76,72360.0,72360.0,940414.76,3
2514,15,23,8,65016.00703,1036546.096,72240.00781,72240.0,971530.08897,2
2515,10,24,8,58320.0,0.0,64800.0,0.0,-58320.0,10
2516,11,24,8,65124.0,109344.7456,72360.0,72360.0,44220.745599999995,7
2517,12,24,8,65124.0,253225.584,72360.0,72360.0,188101.584,5
2518,13,24,8,65124.0,629349.304,72360.0,72360.0,564225.304,4
2519,14,24,8,65124.0,899529.024,72360.0,72360.0,834405.024,3
2520,15,24,8,65124.0,961434.712,72360.0,72360.0,896310.712,2
2521,16,24,8,65016.00703,957780.96,72240.00781,72240.0,892764.95297,2
2522,17,24,8,64638.01407,879739.624,71820.01563,71820.0,815101.6099299999,2
2523,18,24,8,64395.01407,781286.584,71550.01563,71550.0,716891.56993,2
2524,19,24,8,64395.01407,786208.416,71550.01563,71550.0,721813.4019299999,1
2525,20,24,8,64395.01407,900573.68,71550.01563,71550.0,836178.66593,1
2526,10,25,8,55332.0,0.0,61480.0,0.0,-55332.0,10
2527,11,25,8,62784.0,123343.3536,69760.0,58960.0,60559.3536,7
2528,12,25,8,65124.0,452907.84,72360.0,72360.0,387783.84,5
2529,13,25,8,65124.0,744345.304,72360.0,72360.0,679221.304,4
2530,14,25,8,65124.0,948057.528,72360.0,72360.0,882933.528,3
2531,15,25,8,65124.0,969673.784,72360.0,72360.0,904549.784,3
2532,16,25,8,65124.0,881927.152,72360.0,72360.0,816803.152,2
2533,17,25,8,65097.0,799268.072,72330.0,72330.0,734171.072,2
2534,18,25,8,64719.00703,748185.624,71910.00781,71910.0,683466.61697,2
2535,19,25,8,64422.01407,700230.2,71580.01563,71580.0,635808.1859299999,2
2536,20,25,8,64395.01407,865243.896,71550.01563,71550.0,800848.8819299999,1
2537,10,26,8,55080.0,0.0,61200.0,0.0,-55080.0,10
2538,11,26,8,60048.0,107393.4912,66720.0,37520.0,47345.491200000004,8
2539,12,26,8,65124.0,535481.84,72360.0,72360.0,470357.83999999997,5
2540,13,26,8,65124.0,778313.896,72360.0,72360.0,713189.896,4
2541,14,26,8,65124.0,881328.04,72360.0,72360.0,816204.04,3
2542,15,26,8,65124.0,903895.912,72360.0,72360.0,838771.912,3
2543,16,26,8,65124.0,840545.176,72360.0,72360.0,775421.176,3
2544,17,26,8,65124.0,738199.216,72360.0,72360.0,673075.216,2
2545,18,26,8,65097.0,786018.936,72330.0,72330.0,720921.936,2
2546,19,26,8,64854.01407,901747.664,72060.01563,72060.0,836893.64993,2
2547,20,26,8,64476.01407,856082.744,71640.01563,71640.0,791606.7299299999,2
2548,9,27,8,56196.0,5444.688,62440.0,8040.0,-50751.312,12
2549,10,27,8,63756.0,0.0,70840.0,0.0,-63756.0,12
2550,11,27,8,65124.0,161627.2688,72360.0,72360.0,96503.26879999999,9
2551,12,27,8,65124.0,605731.776,72360.0,72360.0,540607.776,6
2552,13,27,8,65124.0,694704.344,72360.0,72360.0,629580.344,4
2553,14,27,8,65124.0,711239.216,72360.0,72360.0,646115.216,3
2554,15,27,8,65124.0,768705.624,72360.0,72360.0,703581.624,3
2555,16,27,8,65124.0,829867.696,72360.0,72360.0,764743.696,3
2556,17,27,8,65124.0,865271.568,72360.0,72360.0,800147.568,3
2557,18,27,8,65124.0,957236.536,72360.0,72360.0,892112.536,2
2558,19,27,8,65124.0,1124663.936,72360.0,72360.0,1059539.936,2
2559,20,27,8,64962.00703,1064537.712,72180.00781,72180.0,999575.7049700001,2
2560,9,28,8,60048.0,47473.9488,66720.0,37520.0,-12574.051200000002,14
2561,10,28,8,65124.0,237510.416,72360.0,72360.0,172386.416,12
2562,11,28,8,65124.0,447827.28,72360.0,72360.0,382703.28,10
2563,12,28,8,65124.0,654300.256,72360.0,72360.0,589176.256,8
2564,13,28,8,65124.0,657754.976,72360.0,72360.0,592630.976,6
2565,14,28,8,65124.0,695435.768,72360.0,72360.0,630311.768,5
2566,15,28,8,65124.0,731368.992,72360.0,72360.0,666244.992,4
2567,16,28,8,65124.0,738835.008,72360.0,72360.0,673711.008,3
2568,17,28,8,65124.0,787941.136,72360.0,72360.0,722817.136,3
2569,18,28,8,65124.0,953706.112,72360.0,72360.0,888582.112,3
2570,19,28,8,65124.0,1025637.488,72360.0,72360.0,960513.488,3
2571,10,29,8,65124.0,173694.7616,72360.0,72360.0,108570.7616,12
2572,11,29,8,65124.0,319077.776,72360.0,72360.0,253953.776,10
2573,12,29,8,65124.0,473723.832,72360.0,72360.0,408599.832,9
2574,13,29,8,65124.0,596688.568,72360.0,72360.0,531564.568,8
2575,14,29,8,65124.0,647916.808,72360.0,72360.0,582792.808,7
2576,15,29,8,65124.0,633359.88,72360.0,72360.0,568235.88,5
2577,16,29,8,65124.0,635124.672,72360.0,72360.0,570000.672,4
2578,17,29,8,65124.0,683496.968,72360.0,72360.0,618372.968,4
2579,18,29,8,65124.0,884505.168,72360.0,72360.0,819381.168,4
2580,19,29,8,65124.0,943144.584,72360.0,72360.0,878020.584,4
2581,11,30,8,65124.0,113741.3504,72360.0,72360.0,48617.350399999996,12
2582,12,30,8,65124.0,225435.264,72360.0,72360.0,160311.264,10
2583,13,30,8,65124.0,254035.112,72360.0,72360.0,188911.112,9
2584,14,30,8,65124.0,362710.92,72360.0,72360.0,297586.92,8
2585,15,30,8,65124.0,561096.2592,72360.0,72360.0,495972.2592,8
2586,16,30,8,65124.0,607166.016,72360.0,72360.0,542042.016,7
2587,17,30,8,65124.0,727958.664,72360.0,72360.0,662834.664,7
2588,18,30,8,65124.0,887617.344,72360.0,72360.0,822493.344,7
2589,13,31,8,65124.0,41731.2448,72360.0,72360.0,-23392.7552,10
2590,14,31,8,65124.0,41886.4704,72360.0,72360.0,-23237.5296,9
2591,15,31,8,65124.0,192352.1232,72360.0,72360.0,127228.1232,8
2592,16,31,8,65124.0,514934.088,72360.0,72360.0,449810.088,8
2593,20,24,9,64395.01407,844901.04,71550.01563,71550.0,780506.02593,0
2594,21,24,9,64395.01407,646862.808,71550.01563,71550.0,582467.7939299999,1
2595,15,25,9,65124.0,778636.968,72360.0,72360.0,713512.968,2
2596,16,25,9,64989.00703,767085.248,72210.00781,72210.0,702096.24097,2
2597,17,25,9,64530.0211,686677.648,71700.02344,71700.0,622147.6269,2
2598,18,25,9,64395.01407,686400.344,71550.01563,71550.0,622005.32993,1
2599,19,25,9,64395.01407,600461.424,71550.01563,71550.0,536066.40993,0
2600,20,25,9,64395.01407,729904.536,71550.01563,71550.0,665509.5219299999,0
2601,21,25,9,64395.01407,764868.2,71550.01563,71550.0,700473.1859299999,0
2602,15,26,9,65124.0,814349.48,72360.0,72360.0,749225.48,2
2603,16,26,9,65124.0,818126.68,72360.0,72360.0,753002.68,2
2604,17,26,9,65043.00703,677332.688,72270.00781,72270.0,612289.68097,2
2605,18,26,9,64665.01407,683655.552,71850.01563,71850.0,618990.53793,2
2606,19,26,9,64422.01407,623510.088,71580.01563,71580.0,559088.07393,1
2607,20,26,9,64395.01407,694807.64,71550.01563,71550.0,630412.62593,1
2608,21,26,9,64395.01407,744365.856,71550.01563,71550.0,679970.84193,1
2609,15,27,9,65124.0,704015.296,72360.0,72360.0,638891.296,3
2610,16,27,9,65124.0,770869.688,72360.0,72360.0,705745.688,2
2611,17,27,9,65124.0,740191.008,72360.0,72360.0,675067.008,2
2612,18,27,9,65097.0,744632.9152,72330.0,72330.0,679535.9152,2
2613,19,27,9,64773.01407,797063.056,71970.01563,71970.0,732290.04193,2
2614,20,27,9,64422.01407,631012.368,71580.01563,71580.0,566590.35393,2
2615,21,27,9,64395.01407,657040.144,71550.01563,71550.0,592645.1299299999,2
2616,14,28,9,65124.0,637612.376,72360.0,72360.0,572488.376,3
2617,15,28,9,65124.0,668664.944,72360.0,72360.0,603540.944,3
2618,16,28,9,65124.0,679668.552,72360.0,72360.0,614544.552,3
2619,17,28,9,65124.0,682557.808,72360.0,72360.0,617433.808,2
2620,18,28,9,65124.0,743098.04,72360.0,72360.0,677974.04,2
2621,19,28,9,65124.0,774078.696,72360.0,72360.0,708954.696,2
2622,20,28,9,64935.00703,684738.296,72150.00781,72150.0,619803.28897,2
2623,14,29,9,65124.0,605488.72,72360.0,72360.0,540364.72,4
2624,15,29,9,65124.0,609029.248,72360.0,72360.0,543905.248,3
2625,16,29,9,65124.0,602157.424,72360.0,72360.0,537033.424,3
2626,17,29,9,65124.0,627426.432,72360.0,72360.0,562302.432,3
2627,18,29,9,65124.0,746086.296,72360.0,72360.0,680962.296,3
2628,19,29,9,65124.0,753517.4,72360.0,72360.0,688393.4,3
2629,20,29,9,65124.0,644786.536,72360.0,72360.0,579662.536,3
2630,14,30,9,65124.0,320899.5536,72360.0,72360.0,255775.55359999998,6
2631,15,30,9,65124.0,543786.4528,72360.0,72360.0,478662.45279999997,5
2632,16,30,9,65124.0,579318.096,72360.0,72360.0,514194.096,4
2633,17,30,9,65124.0,660312.056,72360.0,72360.0,595188.056,4
2634,18,30,9,65124.0,767282.136,72360.0,72360.0,702158.136,4
2635,19,30,9,65124.0,735297.632,72360.0,72360.0,670173.632,4
2636,14,31,9,65124.0,20435.7504,72360.0,72360.0,-44688.249599999996,8
2637,15,31,9,65124.0,119018.3712,72360.0,72360.0,53894.371199999994,7
2638,16,31,9,65124.0,432871.224,72360.0,72360.0,367747.224,7
2639,17,31,9,65124.0,540506.6,72360.0,72360.0,475382.6,7
2640,18,31,9,65124.0,666265.976,72360.0,72360.0,601141.976,7
2641,14,32,9,63756.0,8651.04,70840.0,61640.0,-55104.96,8
2642,15,32,9,65124.0,155976.9408,72360.0,72360.0,90852.94080000001,8
2643,16,32,9,65124.0,392785.992,72360.0,72360.0,327661.992,8
2644,15,12,11,59040.0,102884.728,65600.0,26800.0,43844.728,6
2645,16,12,11,63756.0,211838.0096,70840.0,61640.0,148082.0096,6
2646,17,12,11,65124.0,213920.5696,72360.0,72360.0,148796.5696,6
2647,18,12,11,65124.0,222285.1728,72360.0,72360.0,157161.1728,6
2648,13,13,11,63000.0,163962.4032,70000.0,53600.0,100962.4032,6
2649,14,13,11,63756.0,229650.176,70840.0,61640.0,165894.176,6
2650,15,13,11,65124.0,387367.5136,72360.0,72360.0,322243.5136,6
2651,16,13,11,65124.0,503486.208,72360.0,72360.0,438362.208,5
2652,17,13,11,65124.0,515546.744,72360.0,72360.0,450422.744,5
2653,12,14,11,65124.0,220350.3424,72360.0,72360.0,155226.3424,6
2654,13,14,11,65124.0,305431.776,72360.0,72360.0,240307.776,6
2655,14,14,11,65124.0,407468.104,72360.0,72360.0,342344.104,5
2656,15,14,11,65124.0,461869.176,72360.0,72360.0,396745.176,5
2657,16,14,11,65124.0,502907.208,72360.0,72360.0,437783.208,5
2658,17,14,11,65124.0,563617.192,72360.0,72360.0,498493.19200000004,5
2659,10,15,11,64395.01407,11371.256,71550.01563,71550.0,-53023.758069999996,8
2660,11,15,11,64422.01407,44704.516,71580.01563,71580.0,-19717.498069999994,7
2661,12,15,11,64854.00703,176110.996,72060.00781,72060.0,111256.98897,6
2662,13,15,11,65124.0,387619.48,72360.0,72360.0,322495.48,5
2663,14,15,11,65124.0,424833.664,72360.0,72360.0,359709.664,5
2664,15,15,11,65124.0,418639.752,72360.0,72360.0,353515.752,5
2665,16,15,11,65124.0,444309.256,72360.0,72360.0,379185.256,5
2666,17,15,11,65124.0,498406.288,72360.0,72360.0,433282.288,5
2667,9,16,11,62190.0,0.0,69100.0,0.0,-62190.0,8
2668,7,18,11,55080.0,0.0,61200.0,0.0,-55080.0,11
2669,6,20,11,55080.0,0.0,61200.0,0.0,-55080.0,11
2670,14,11,12,55080.0,0.0,61200.0,0.0,-55080.0,6
2671,15,11,12,55080.0,0.0,61200.0,0.0,-55080.0,6
2672,16,11,12,55080.0,0.0,61200.0,0.0,-55080.0,6
2673,17,11,12,57312.0,0.0,63680.0,0.0,-57312.0,6
2674,18,11,12,57312.0,0.0,63680.0,0.0,-57312.0,6
2675,19,11,12,55080.0,0.0,61200.0,0.0,-55080.0,6
2676,20,11,12,55080.0,0.0,61200.0,0.0,-55080.0,6
2677,21,11,12,55080.0,0.0,61200.0,0.0,-55080.0,6
2678,22,11,12,55080.0,0.0,61200.0,0.0,-55080.0,6
2679,23,11,12,55080.0,0.0,61200.0,0.0,-55080.0,6
2680,24,11,12,55080.0,0.0,61200.0,0.0,-55080.0,6
2681,25,11,12,55080.0,0.0,61200.0,0.0,-55080.0,7
2682,26,11,12,55080.0,0.0,61200.0,0.0,-55080.0,8
2683,13,12,12,55080.0,0.0,61200.0,0.0,-55080.0,6
2684,14,12,12,55080.0,0.0,61200.0,0.0,-55080.0,6
2685,15,12,12,58932.0,43624.3968,65480.0,29480.0,-15307.603199999998,5
2686,16,12,12,62892.0,16687.3952,69880.0,56280.0,-46204.6048,5
2687,17,12,12,63864.0,0.0,70960.0,0.0,-63864.0,5
2688,18,12,12,65124.0,0.0,72360.0,0.0,-65124.0,5
2689,19,12,12,62892.0,0.0,69880.0,0.0,-62892.0,5
2690,20,12,12,55944.0,0.0,62160.0,0.0,-55944.0,5
2691,21,12,12,55080.0,0.0,61200.0,0.0,-55080.0,5
2692,22,12,12,55080.0,0.0,61200.0,0.0,-55080.0,5
2693,23,12,12,55080.0,0.0,61200.0,0.0,-55080.0,6
2694,24,12,12,55080.0,0.0,61200.0,0.0,-55080.0,6
2695,25,12,12,55080.0,0.0,61200.0,0.0,-55080.0,6
2696,26,12,12,55080.0,0.0,61200.0,0.0,-55080.0,7
2697,27,12,12,55080.0,0.0,61200.0,0.0,-55080.0,8
2698,28,12,12,55080.0,0.0,61200.0,0.0,-55080.0,9
2699,11,13,12,64620.0,0.0,71800.0,0.0,-64620.0,6
2700,12,13,12,63612.0,26641.1296,70680.0,56280.0,-36970.8704,6
2701,13,13,12,58788.0,36041.712,65320.0,24120.0,-22746.288,6
2702,14,13,12,62640.0,91380.5984,69600.0,53600.0,28740.598400000003,5
2703,15,13,12,65124.0,170723.1328,72360.0,72360.0,105599.13279999999,5
2704,16,13,12,65124.0,246361.5568,72360.0,72360.0,181237.5568,5
2705,17,13,12,65124.0,225529.9888,72360.0,72360.0,160405.9888,5
2706,18,13,12,65124.0,206638.8192,72360.0,72360.0,141514.8192,5
2707,19,13,12,65124.0,106713.2544,72360.0,72360.0,41589.254400000005,5
2708,20,13,12,63504.0,0.0,70560.0,0.0,-63504.0,5
2709,21,13,12,55080.0,0.0,61200.0,0.0,-55080.0,5
2710,22,13,12,55080.0,0.0,61200.0,0.0,-55080.0,5
2711,23,13,12,55080.0,0.0,61200.0,0.0,-55080.0,5
2712,24,13,12,57672.0,0.0,64080.0,0.0,-57672.0,5
2713,25,13,12,55944.0,0.0,62160.0,0.0,-55944.0,6
2714,26,13,12,55080.0,0.0,61200.0,0.0,-55080.0,6
2715,27,13,12,55080.0,0.0,61200.0,0.0,-55080.0,7
2716,28,13,12,55080.0,0.0,61200.0,0.0,-55080.0,8
2717,29,13,12,55080.0,0.0,61200.0,0.0,-55080.0,9
2718,10,14,12,64800.00703,0.0,72000.00781,0.0,-64800.00703,7
2719,11,14,12,65097.0,48932.3904,72330.0,72330.0,-16164.609600000003,6
2720,12,14,12,65124.0,124760.3232,72360.0,72360.0,59636.3232,6
2721,13,14,12,65124.0,175006.3488,72360.0,72360.0,109882.3488,5
2722,14,14,12,65124.0,298806.632,72360.0,72360.0,233682.63199999998,5
2723,15,14,12,65124.0,403956.096,72360.0,72360.0,338832.096,5
2724,16,14,12,65124.0,397671.1824,72360.0,72360.0,332547.1824,5
2725,17,14,12,65124.0,377438.2416,72360.0,72360.0,312314.2416,5
2726,18,14,12,65124.0,244174.0944,72360.0,72360.0,179050.0944,5
2727,19,14,12,65124.0,214959.7216,72360.0,72360.0,149835.7216,5
2728,20,14,12,64008.0,2553.0752,71120.0,64320.0,-61454.9248,5
2729,21,14,12,55944.0,0.0,62160.0,0.0,-55944.0,5
2730,22,14,12,63000.0,0.0,70000.0,0.0,-63000.0,5
2731,23,14,12,63864.00703,0.0,70960.00781,0.0,-63864.00703,5
2732,24,14,12,62856.01407,38892.1696,69840.01563,69840.0,-23963.844469999996,5
2733,25,14,12,61992.0,31972.8256,68880.0,62080.0,-30019.1744,5
2734,26,14,12,58788.0,0.0,65320.0,0.0,-58788.0,6
2735,27,14,12,55944.0,0.0,62160.0,0.0,-55944.0,6
2736,28,14,12,55080.0,0.0,61200.0,0.0,-55080.0,7
2737,29,14,12,55080.0,0.0,61200.0,0.0,-55080.0,8
2738,8,15,12,63585.0,0.0,70650.0,0.0,-63585.0,10
2739,19,15,12,65124.0,205014.1344,72360.0,72360.0,139890.1344,4
2740,20,15,12,65124.0,23145.3824,72360.0,72360.0,-41978.6176,4
2741,21,15,12,65124.0,0.0,72360.0,0.0,-65124.0,4
2742,22,15,12,65124.0,56875.5984,72360.0,72360.0,-8248.401599999997,4
2743,23,15,12,65124.0,173751.0784,72360.0,72360.0,108627.0784,4
2744,24,15,12,64872.0,184391.7024,72080.0,72080.0,119519.70240000001,5
2745,25,15,12,63360.00703,163877.7248,70400.00781,70400.0,100517.71776999999,5
2746,26,15,12,62856.01407,73856.2064,69840.01563,69840.0,11000.192329999998,6
2747,27,15,12,60624.0,0.0,67360.0,0.0,-60624.0,6
2748,28,15,12,55080.0,0.0,61200.0,0.0,-55080.0,7
2749,29,15,12,55080.0,0.0,61200.0,0.0,-55080.0,8
2750,30,15,12,55080.0,0.0,61200.0,0.0,-55080.0,9
2751,7,16,12,55080.0,0.0,61200.0,0.0,-55080.0,10
2752,21,16,12,64872.0,95547.624,72080.0,69680.0,30675.623999999996,1
2753,22,16,12,65124.0,195440.544,72360.0,72360.0,130316.544,1
2754,23,16,12,65124.0,229179.3568,72360.0,72360.0,164055.3568,3
2755,24,16,12,65124.0,187220.4688,72360.0,72360.0,122096.4688,4
2756,25,16,12,65124.0,198386.1936,72360.0,72360.0,133262.1936,5
2757,26,16,12,64368.00703,254702.4032,71520.00781,71520.0,190334.39617,5
2758,27,16,12,63108.00703,24121.0688,70120.00781,70120.0,-38986.93823,6
2759,28,16,12,58284.0,0.0,64760.0,0.0,-58284.0,7
2760,29,16,12,55080.0,0.0,61200.0,0.0,-55080.0,8
2761,30,16,12,55080.0,0.0,61200.0,0.0,-55080.0,9
2762,6,17,12,55080.0,0.0,61200.0,0.0,-55080.0,11
2763,22,17,12,65124.0,314697.2528,72360.0,72360.0,249573.25280000002,1
2764,23,17,12,65124.0,278864.4272,72360.0,72360.0,213740.42719999998,1
2765,24,17,12,65124.0,204687.6384,72360.0,72360.0,139563.6384,3
2766,25,17,12,65124.0,239421.3264,72360.0,72360.0,174297.3264,4
2767,26,17,12,65124.0,216849.336,72360.0,72360.0,151725.336,5
2768,27,17,12,64872.0,30467.224,72080.0,72080.0,-34404.776,6
2769,28,17,12,62856.0,0.0,69840.0,0.0,-62856.0,6
2770,29,17,12,57528.0,0.0,63920.0,0.0,-57528.0,7
2771,30,17,12,59760.0,0.0,66400.0,0.0,-59760.0,9
2772,31,17,12,56556.0,0.0,62840.0,0.0,-56556.0,10
2773,22,18,12,65124.0,375150.2512,72360.0,72360.0,310026.2512,1
2774,23,18,12,65124.0,282830.2224,72360.0,72360.0,217706.22240000003,1
2775,24,18,12,65124.0,199253.1344,72360.0,72360.0,134129.1344,1
2776,25,18,12,65124.0,177533.2048,72360.0,72360.0,112409.2048,3
2777,26,18,12,65124.0,71568.4112,72360.0,72360.0,6444.411200000002,4
2778,27,18,12,65124.0,0.0,72360.0,0.0,-65124.0,5
2779,28,18,12,64872.0,0.0,72080.0,0.0,-64872.0,6
2780,29,18,12,63108.0,0.0,70120.0,0.0,-63108.0,7
2781,30,18,12,62856.01407,0.0,69840.01563,0.0,-62856.01407,8
2782,31,18,12,57420.0,0.0,63800.0,0.0,-57420.0,9
2783,23,19,12,65124.0,199752.8304,72360.0,72360.0,134628.8304,1
2784,24,19,12,65124.0,141258.4272,72360.0,72360.0,76134.4272,1
2785,25,19,12,65124.0,77957.4304,72360.0,72360.0,12833.430399999997,3
2786,26,19,12,65124.0,0.0,72360.0,0.0,-65124.0,3
2787,27,19,12,64512.0,0.0,71680.0,0.0,-64512.0,4
2788,28,19,12,65124.0,0.0,72360.0,0.0,-65124.0,6
2789,29,19,12,64620.0,5759.1744,71800.0,71800.0,-58860.8256,7
2790,30,19,12,61128.0,23319.2784,67920.0,51920.0,-37808.721600000004,8
2791,24,20,12,65124.0,61850.7504,72360.0,72360.0,-3273.249600000003,1
2792,25,20,12,65124.0,24602.096,72360.0,72360.0,-40521.903999999995,2
2793,26,20,12,64512.0,7780.7904,71680.0,69680.0,-56731.2096,3
2794,27,20,12,57096.0,0.0,63440.0,0.0,-57096.0,4
2795,28,20,12,57564.0,0.0,63960.0,0.0,-57564.0,6
2796,29,20,12,59040.0,162.3008,65600.0,26800.0,-58877.6992,7
2797,30,20,12,57168.0,0.0,63520.0,0.0,-57168.0,8
2798,24,21,12,65124.0,78347.5536,72360.0,72360.0,13223.5536,1
2799,25,21,12,65124.0,41738.5296,72360.0,72360.0,-23385.4704,1
2800,26,21,12,65124.0,19085.4144,72360.0,72360.0,-46038.5856,3
2801,27,21,12,61776.0,11239.232,68640.0,48240.0,-50536.768,4
2802,28,21,12,55584.0,7091.0656,61760.0,5360.0,-48492.9344,4
2803,29,21,12,55080.0,0.0,61200.0,0.0,-55080.0,6
2804,24,22,12,65124.0,181014.0208,72360.0,72360.0,115890.0208,1
2805,25,22,12,65124.0,122026.6672,72360.0,72360.0,56902.667199999996,1
2806,26,22,12,65124.0,101206.5776,72360.0,72360.0,36082.577600000004,3
2807,27,22,12,65124.0,111988.7488,72360.0,72360.0,46864.7488,4
2808,28,22,12,64260.0,33438.976,71400.0,67000.0,-30821.023999999998,4
2809,29,22,12,57312.0,0.0,63680.0,0.0,-57312.0,6
2810,24,23,12,65124.0,295577.616,72360.0,72360.0,230453.61599999998,1
2811,25,23,12,65124.0,249049.3488,72360.0,72360.0,183925.3488,1
2812,26,23,12,65124.0,226422.6544,72360.0,72360.0,161298.6544,3
2813,27,23,12,65124.0,238144.0624,72360.0,72360.0,173020.0624,3
2814,28,23,12,64116.0,106693.2432,71240.0,61640.0,42577.2432,4
2815,29,23,12,55080.0,0.0,61200.0,0.0,-55080.0,6
2816,25,24,12,65124.0,245361.04,72360.0,72360.0,180237.04,1
2817,26,24,12,65124.0,222256.0848,72360.0,72360.0,157132.0848,1
2818,27,24,12,65124.0,110950.3344,72360.0,72360.0,45826.33440000001,3
2819,28,24,12,63000.0,0.0,70000.0,0.0,-63000.0,4
2820,25,25,12,65124.0,390546.9696,72360.0,72360.0,325422.9696,1
2821,26,25,12,65124.0,175021.1824,72360.0,72360.0,109897.18239999999,1
2822,27,25,12,64872.0,0.0,72080.0,0.0,-64872.0,3
2823,28,25,12,60516.0,0.0,67240.0,0.0,-60516.0,4
2824,25,26,12,65124.0,361392.5344,72360.0,72360.0,296268.5344,1
2825,26,26,12,65124.0,137256.248,72360.0,72360.0,72132.24799999999,3
2826,27,26,12,65124.0,0.0,72360.0,0.0,-65124.0,3
2827,25,27,12,64638.01407,351793.9552,71820.01563,71820.0,287155.94113000005,1
2828,26,27,12,64962.00703,91817.1216,72180.00781,72180.0,26855.114569999998,3
2829,24,28,12,64395.01407,502033.312,71550.01563,71550.0,437638.29793,1
2830,25,28,12,64395.01407,436637.44,71550.01563,71550.0,372242.42593,2
2831,24,29,12,64395.01407,466529.024,71550.01563,71550.0,402134.00993,2
2832,27,28,13,58320.0,0.0,64800.0,0.0,-58320.0,3
2833,26,29,13,58320.01758,167428.608,64800.01953,64800.0,109108.59042000001,3
2834,27,29,13,58320.0,25568.256,64800.0,38400.0,-32751.744,3
2835,25,30,13,58320.01758,185107.776,64800.01953,64800.0,126787.75842000001,3
2836,26,30,13,58320.01758,111601.536,64800.01953,64800.0,53281.51841999999,3
2837,27,30,13,58320.0,60261.696,64800.0,62400.0,1941.6960000000036,4
2838,25,31,13,58320.01758,113246.592,64800.01953,64800.0,54926.574420000004,3
2839,26,31,13,58320.01758,76806.336,64800.01953,64800.0,18486.318419999996,4
2840,27,31,13,58320.01758,47224.704,64800.01953,64800.0,-11095.313580000002,6
2841,24,32,13,58320.0,7080.768,64800.0,52800.0,-51239.232,3
2842,25,32,13,58320.01758,20392.32,64800.01953,64800.0,-37927.69758,4
2843,26,32,13,58320.0,15431.808,64800.0,57600.0,-42888.191999999995,6
2844,27,32,13,58276.8,0.0,64752.0,0.0,-58276.8,7
2845,23,33,13,60588.01407,0.0,67320.01563,0.0,-60588.01407,3
2846,24,33,13,58320.0,0.0,64800.0,0.0,-58320.0,4
2847,25,33,13,58320.0,0.0,64800.0,0.0,-58320.0,6
2848,26,33,13,58320.01758,8374.656,64800.01953,64800.0,-49945.36158,7
2849,27,33,13,56300.40703,3346.3592,62556.00781,62556.0,-52954.04783,7
2850,22,34,13,60588.01407,16088.7072,67320.01563,67320.0,-44499.30687,4
2851,23,34,13,60336.0,0.0,67040.0,0.0,-60336.0,4
2852,24,34,13,58320.0,0.0,64800.0,0.0,-58320.0,6
2853,25,34,13,58320.0,0.0,64800.0,0.0,-58320.0,7
2854,26,34,13,56787.3,0.0,63097.0,0.0,-56787.3,7
2855,27,34,13,51952.5,16798.8224,57725.0,52925.0,-35153.677599999995,8
2856,21,35,13,57396.6,0.0,63774.0,0.0,-57396.6,7
2857,22,35,13,58698.0,0.0,65220.0,0.0,-58698.0,7
2858,23,35,13,58320.0,0.0,64800.0,0.0,-58320.0,7
2859,24,35,13,58149.0,0.0,64610.0,0.0,-58149.0,7
2860,25,35,13,56061.0,0.0,62290.0,0.0,-56061.0,8
2861,26,35,13,51903.0,0.0,57670.0,0.0,-51903.0,8
2862,19,36,13,55422.0,0.0,61580.0,0.0,-55422.0,8
2863,20,36,13,55233.0,0.0,61370.0,0.0,-55233.0,8
2864,21,36,13,56295.0,0.0,62550.0,0.0,-56295.0,8
2865,22,36,13,55764.0,0.0,61960.0,0.0,-55764.0,8
2866,23,36,13,55440.0,0.0,61600.0,0.0,-55440.0,8
2867,24,36,13,53955.0,0.0,59950.0,0.0,-53955.0,8
2868,25,36,13,49923.0,0.0,55470.0,0.0,-49923.0,9
2869,26,36,13,45846.0,0.0,50940.0,0.0,-45846.0,9
2870,14,37,13,55080.0,0.0,61200.0,0.0,-55080.0,8
2871,15,37,13,55080.0,0.0,61200.0,0.0,-55080.0,8
2872,16,37,13,55080.0,0.0,61200.0,0.0,-55080.0,8
2873,17,37,13,55080.0,0.0,61200.0,0.0,-55080.0,8
2874,18,37,13,54891.0,0.0,60990.0,0.0,-54891.0,8
2875,19,37,13,56430.0,0.0,62700.0,0.0,-56430.0,8
2876,20,37,13,55035.0,0.0,61150.0,0.0,-55035.0,8
2877,21,37,13,53172.0,0.0,59080.0,0.0,-53172.0,8
2878,22,37,13,51201.0,0.0,56890.0,0.0,-51201.0,8
2879,23,37,13,50220.0,0.0,55800.0,0.0,-50220.0,8
2880,24,37,13,47871.0,0.0,53190.0,0.0,-47871.0,9
2881,25,37,13,44595.0,0.0,49550.0,0.0,-44595.0,9
2882,26,37,13,44145.0,0.0,49050.0,0.0,-44145.0,10
2883,13,38,13,55080.0,0.0,61200.0,0.0,-55080.0,10
2884,14,38,13,55080.0,0.0,61200.0,0.0,-55080.0,9
2885,15,38,13,55080.0,0.0,61200.0,0.0,-55080.0,9
2886,16,38,13,55080.0,0.0,61200.0,0.0,-55080.0,9
2887,17,38,13,54855.0,0.0,60950.0,0.0,-54855.0,9
2888,18,38,13,55134.0,0.0,61260.0,0.0,-55134.0,9
2889,19,38,13,54189.0,0.0,60210.0,0.0,-54189.0,9
2890,20,38,13,52416.0,0.0,58240.0,0.0,-52416.0,9
2891,21,38,13,50085.0,0.0,55650.0,0.0,-50085.0,9
2892,22,38,13,47466.0,0.0,52740.0,0.0,-47466.0,9
2893,23,38,13,45279.0,0.0,50310.0,0.0,-45279.0,9
2894,24,38,13,44397.0,0.0,49330.0,0.0,-44397.0,9
2895,25,38,13,45378.0,0.0,50420.0,0.0,-45378.0,10
2896,26,38,13,47070.0,0.0,52300.0,0.0,-47070.0,10
2897,13,39,13,55080.0,0.0,61200.0,0.0,-55080.0,12
2898,14,39,13,55080.0,0.0,61200.0,0.0,-55080.0,10
2899,15,39,13,55080.0,0.0,61200.0,0.0,-55080.0,10
2900,16,39,13,54891.0,0.0,60990.0,0.0,-54891.0,10
2901,17,39,13,54378.0,0.0,60420.0,0.0,-54378.0,10
2902,18,39,13,55512.0,0.0,61680.0,0.0,-55512.0,10
2903,19,39,13,53388.0,0.0,59320.0,0.0,-53388.0,10
2904,20,39,13,50157.0,0.0,55730.0,0.0,-50157.0,10
2905,21,39,13,46593.0,0.0,51770.0,0.0,-46593.0,10
2906,22,39,13,43938.0,0.0,48820.0,0.0,-43938.0,10
2907,23,39,13,41841.0,0.0,46490.0,0.0,-41841.0,10
2908,24,39,13,43317.0,0.0,48130.0,0.0,-43317.0,10
2909,25,39,13,47592.0,0.0,52880.0,0.0,-47592.0,11
2910,26,39,13,49806.0,0.0,55340.0,0.0,-49806.0,12
2911,13,40,13,55080.0,0.0,61200.0,0.0,-55080.0,14
2912,14,40,13,55080.0,0.0,61200.0,0.0,-55080.0,12
2913,15,40,13,53622.0,0.0,59580.0,0.0,-53622.0,12
2914,16,40,13,50409.0,0.0,56010.0,0.0,-50409.0,12
2915,17,40,13,47043.0,0.0,52270.0,0.0,-47043.0,12
2916,18,40,13,49437.0,0.0,54930.0,0.0,-49437.0,12
2917,19,40,13,50850.0,0.0,56500.0,0.0,-50850.0,12
2918,20,40,13,46377.0,0.0,51530.0,0.0,-46377.0,12
2919,21,40,13,43011.0,0.0,47790.0,0.0,-43011.0,12
2920,22,40,13,41202.0,0.0,45780.0,0.0,-41202.0,12
2921,23,40,13,35108.388,0.0,43880.0,0.0,-35108.388,12
2922,24,40,13,32112.63,0.0,43780.0,0.0,-32112.63,12
2923,25,40,13,45909.0,0.0,51010.0,0.0,-45909.0,12
2924,26,40,13,51309.0,0.0,57010.0,0.0,-51309.0,14
2925,14,41,13,55278.0,0.0,61420.0,0.0,-55278.0,14
2926,15,41,13,49662.0,0.0,55180.0,0.0,-49662.0,14
2927,16,41,13,46962.0,0.0,52180.0,0.0,-46962.0,14
2928,17,41,13,43974.0,0.0,48860.0,0.0,-43974.0,14
2929,18,41,13,45459.0,0.0,50510.0,0.0,-45459.0,14
2930,19,41,13,47097.0,0.0,52330.0,0.0,-47097.0,14
2931,20,41,13,42390.0,0.0,47100.0,0.0,-42390.0,14
2932,21,41,13,40158.0,0.0,44620.0,0.0,-40158.0,14
2933,22,41,13,39996.0,0.0,44440.0,0.0,-39996.0,14
2934,23,41,13,40032.0,0.0,44480.0,0.0,-40032.0,14
2935,24,41,13,43317.0,0.0,48130.0,0.0,-43317.0,14
2936,25,41,13,50139.0,0.0,55710.0,0.0,-50139.0,14
2937,26,41,13,54657.0,0.0,60730.0,0.0,-54657.0,15
2938,16,15,8,65124.0,549525.976,72360.0,72360.0,484401.976,6
2939,17,15,8,65124.0,646789.792,72360.0,72360.0,581665.792,6
2940,18,15,8,65124.0,750323.224,72360.0,72360.0,685199.224,6
2941,19,15,8,65187.0,433877.0528,72430.0,72430.0,368690.0528,6
2942,15,16,8,65070.0,517948.736,72300.0,72300.0,452878.736,6
2943,16,16,8,65124.0,597569.416,72360.0,72360.0,532445.416,6
2944,17,16,8,65124.0,652988.88,72360.0,72360.0,587864.88,5
2945,18,16,8,65250.0,698631.416,72500.0,72500.0,633381.416,5
2946,19,16,8,66510.0,707279.872,73900.0,73900.0,640769.872,5
2947,20,16,8,66825.0,698440.72,74250.0,74250.0,631615.72,5
2948,21,16,8,66825.0,652277.0,74250.0,74250.0,585452.0,5
2949,22,16,8,66825.0,675205.56,74250.0,74250.0,608380.56,6
2950,13,17,8,64395.01407,204016.008,71550.01563,71550.0,139620.99393,8
2951,14,17,8,64395.01407,312175.828,71550.01563,71550.0,247780.81392999997,6
2952,15,17,8,64530.01407,454162.46,71700.01563,71700.0,389632.44593000005,6
2953,16,17,8,65070.0,655174.42,72300.0,72300.0,590104.42,5
2954,17,17,8,65187.0,700330.168,72430.0,72430.0,635143.168,5
2955,18,17,8,66510.0,704045.24,73900.0,73900.0,637535.24,5
2956,19,17,8,66825.0,713837.8,74250.0,74250.0,647012.8,5
2957,20,17,8,66825.0,768189.664,74250.0,74250.0,701364.664,5
2958,21,17,8,66825.0,736752.864,74250.0,74250.0,669927.864,5
2959,22,17,8,66825.0,693109.792,74250.0,74250.0,626284.792,5
2960,12,18,8,64584.01407,125999.0416,71760.01563,71760.0,61415.02753,8
2961,13,18,8,64395.01407,249029.324,71550.01563,71550.0,184634.30993,6
2962,14,18,8,64395.01407,400529.2,71550.01563,71550.0,336134.18593000004,6
2963,15,18,8,64395.01407,520440.432,71550.01563,71550.0,456045.41793,5
2964,16,18,8,64530.01407,587957.856,71700.01563,71700.0,523427.84193000005,5
2965,17,18,8,66015.0,670862.976,73350.0,73350.0,604847.976,5
2966,18,18,8,66825.0,681447.392,74250.0,74250.0,614622.392,5
2967,19,18,8,66825.0,735286.264,74250.0,74250.0,668461.264,5
2968,20,18,8,66825.0,764678.664,74250.0,74250.0,697853.664,5
2969,21,18,8,66825.0,749471.312,74250.0,74250.0,682646.312,5
2970,22,18,8,66195.0,736387.68,73550.0,73550.0,670192.68,5
2971,18,19,8,66285.0,681248.976,73650.0,73650.0,614963.976,4
2972,19,19,8,66825.0,743725.504,74250.0,74250.0,676900.504,4
2973,20,19,8,66825.0,769936.24,74250.0,74250.0,703111.24,4
2974,21,19,8,66069.00703,772287.272,73410.00781,73410.0,706218.26497,4
2975,22,19,8,65187.00703,729073.496,72430.00781,72430.0,663886.4889700001,4
2976,19,20,8,65592.00703,765356.056,72880.00781,72880.0,699764.04897,2
2977,20,20,8,65880.00703,726929.3744,73200.00781,73200.0,661049.36737,1
2978,21,20,8,65124.0,701111.632,72360.0,72360.0,635987.632,3
2979,22,20,8,65124.0,659340.5792,72360.0,72360.0,594216.5792,4
2980,20,21,8,64476.01407,788241.152,71640.01563,71640.0,723765.13793,1
2981,21,21,8,64854.00703,683476.648,72060.00781,72060.0,618622.6409700001,1
2982,22,21,8,65124.0,613812.416,72360.0,72360.0,548688.416,3
2983,20,22,8,64395.01407,769733.184,71550.01563,71550.0,705338.16993,1
2984,21,22,8,64395.01407,640430.256,71550.01563,71550.0,576035.24193,1
2985,20,23,8,64395.01407,871377.168,71550.01563,71550.0,806982.1539299999,1
2986,21,23,8,64395.01407,720918.776,71550.01563,71550.0,656523.7619299999,1
2987,21,24,8,64395.01407,808455.032,71550.01563,71550.0,744060.01793,1
2988,21,25,8,64395.01407,900605.688,71550.01563,71550.0,836210.6739299999,1
2989,21,26,8,64395.01407,804993.672,71550.01563,71550.0,740598.65793,2
2990,16,14,9,65124.0,603440.216,72360.0,72360.0,538316.216,6
2991,17,14,9,65124.0,684188.712,72360.0,72360.0,619064.712,6
2992,18,14,9,65124.0,720753.536,72360.0,72360.0,655629.536,6
2993,19,14,9,65124.0,484669.344,72360.0,72360.0,419545.344,6
2994,24,14,9,65124.0,185402.8464,72360.0,72360.0,120278.84640000001,7
2995,25,14,9,65124.0,125980.5408,72360.0,72360.0,60856.5408,9
2996,14,15,9,65124.0,494677.728,72360.0,72360.0,429553.728,6
2997,15,15,9,65124.0,517389.008,72360.0,72360.0,452265.008,6
2998,16,15,9,65124.0,543613.376,72360.0,72360.0,478489.37600000005,6
2999,17,15,9,65124.0,611688.664,72360.0,72360.0,546564.664,5
3000,18,15,9,65124.0,680175.776,72360.0,72360.0,615051.776,5
3001,19,15,9,65124.0,312711.1536,72360.0,72360.0,247587.15360000002,5
3002,20,15,9,65124.0,22102.7504,72360.0,72360.0,-43021.249599999996,5
3003,21,15,9,65124.0,0.0,72360.0,0.0,-65124.0,5
3004,22,15,9,65124.0,110972.9152,72360.0,72360.0,45848.9152,6
3005,23,15,9,65124.0,578848.2576,72360.0,72360.0,513724.2576,6
3006,24,15,9,65124.0,686496.344,72360.0,72360.0,621372.344,6
3007,25,15,9,65124.0,525249.384,72360.0,72360.0,460125.38399999996,7
3008,26,15,9,65124.0,196254.0288,72360.0,72360.0,131130.0288,9
3009,13,16,9,64395.01407,174751.988,71550.01563,71550.0,110356.97393000001,7
3010,14,16,9,64692.01407,300680.336,71880.01563,71880.0,235988.32193,6
3011,15,16,9,65124.0,451035.16,72360.0,72360.0,385911.16,5
3012,16,16,9,65124.0,511145.376,72360.0,72360.0,446021.376,5
3013,17,16,9,65124.0,595308.512,72360.0,72360.0,530184.512,5
3014,18,16,9,65124.0,618974.416,72360.0,72360.0,553850.416,5
3015,19,16,9,66069.00703,592793.1072,73410.00781,73410.0,526724.10017,5
3016,20,16,9,66447.0,456013.3264,73830.0,73830.0,389566.3264,5
3017,21,16,9,66447.0,376402.4736,73830.0,73830.0,309955.4736,5
3018,22,16,9,66258.0,585572.2,73620.0,73620.0,519314.19999999995,5
3019,23,16,9,66195.0,748658.944,73550.0,73550.0,682463.944,5
3020,24,16,9,66069.0,765063.208,73410.0,73410.0,698994.208,6
3021,25,16,9,65439.0,741975.312,72710.0,72710.0,676536.312,7
3022,26,16,9,65250.0,477633.664,72500.0,72500.0,412383.664,8
3023,27,16,9,65124.0,87754.0224,72360.0,72360.0,22630.0224,9
3024,11,17,9,64422.01407,74951.5344,71580.01563,71580.0,10529.520330000007,8
3025,12,17,9,64395.01407,128761.288,71550.01563,71550.0,64366.27393,7
3026,13,17,9,64395.01407,173887.636,71550.01563,71550.0,109492.62193,6
3027,14,17,9,64395.01407,218740.948,71550.01563,71550.0,154345.93393,5
3028,15,17,9,64773.00703,363221.096,71970.00781,71970.0,298448.08897000004,5
3029,16,17,9,65124.0,494010.856,72360.0,72360.0,428886.856,5
3030,17,17,9,65124.0,606276.816,72360.0,72360.0,541152.816,5
3031,18,17,9,65943.00703,672102.496,73270.00781,73270.0,606159.4889700001,5
3032,19,17,9,66825.0,731597.96,74250.0,74250.0,664772.96,5
3033,20,17,9,66825.0,582430.016,74250.0,74250.0,515605.01599999995,5
3034,21,17,9,66825.0,549253.688,74250.0,74250.0,482428.68799999997,5
3035,22,17,9,66384.0,660684.4,73760.0,73760.0,594300.4,5
3036,23,17,9,65502.00703,784286.368,72780.00781,72780.0,718784.36097,5
3037,24,17,9,65124.0,722536.216,72360.0,72360.0,657412.216,6
3038,25,17,9,65124.0,650558.216,72360.0,72360.0,585434.216,6
3039,26,17,9,65124.0,313141.5504,72360.0,72360.0,248017.5504,7
3040,27,17,9,65124.0,125210.4512,72360.0,72360.0,60086.451199999996,9
3041,28,17,9,65124.0,157128.928,72360.0,72360.0,92004.92800000001,10
3042,10,18,9,55584.0,0.0,61760.0,0.0,-55584.0,10
3043,18,18,9,66762.0,649603.096,74180.0,74180.0,582841.096,4
3044,19,18,9,66825.0,666392.096,74250.0,74250.0,599567.096,4
3045,20,18,9,66825.0,598527.112,74250.0,74250.0,531702.112,4
3046,21,18,9,66258.0,666359.856,73620.0,73620.0,600101.856,4
3047,22,18,9,65187.00703,859851.016,72430.00781,72430.0,794664.00897,4
3048,23,18,9,65124.0,672694.344,72360.0,72360.0,607570.344,5
3049,24,18,9,65124.0,444893.0848,72360.0,72360.0,379769.0848,5
3050,25,18,9,65124.0,291337.376,72360.0,72360.0,226213.376,6
3051,26,18,9,65124.0,66017.6192,72360.0,72360.0,893.619200000001,7
3052,27,18,9,65124.0,54866.032,72360.0,72360.0,-10257.968,8
3053,28,18,9,65124.0,118323.712,72360.0,72360.0,53199.712,9
3054,9,19,9,55080.0,0.0,61200.0,0.0,-55080.0,11
3055,19,19,9,66825.0,647502.064,74250.0,74250.0,580677.064,1
3056,20,19,9,66195.0,671535.808,73550.0,73550.0,605340.808,1
3057,21,19,9,65187.00703,896155.832,72430.00781,72430.0,830968.8249700001,1
3058,22,19,9,65124.0,835760.96,72360.0,72360.0,770636.96,3
3059,23,19,9,65124.0,460465.8384,72360.0,72360.0,395341.8384,4
3060,24,19,9,65124.0,302498.48,72360.0,72360.0,237374.47999999998,5
3061,25,19,9,65124.0,203730.8624,72360.0,72360.0,138606.8624,6
3062,26,19,9,65124.0,63197.1872,72360.0,72360.0,-1926.8127999999997,7
3063,27,19,9,65124.0,27654.384,72360.0,72360.0,-37469.616,8
3064,20,20,9,65187.00703,738459.6512,72430.00781,72430.0,673272.64417,1
3065,21,20,9,65124.0,724099.496,72360.0,72360.0,658975.496,1
3066,22,20,9,65124.0,615603.1696,72360.0,72360.0,550479.1696,3
3067,23,20,9,65124.0,421699.9632,72360.0,72360.0,356575.9632,4
3068,24,20,9,65124.0,343302.9472,72360.0,72360.0,278178.9472,4
3069,25,20,9,65124.0,342910.192,72360.0,72360.0,277786.192,6
3070,26,20,9,65124.0,73243.8688,72360.0,72360.0,8119.868799999997,7
3071,27,20,9,65124.0,33355.4944,72360.0,72360.0,-31768.505599999997,8
3072,21,21,9,65097.0,596860.4048,72330.0,72330.0,531763.4048,1
3073,22,21,9,65124.0,462765.2416,72360.0,72360.0,397641.2416,1
3074,23,21,9,65124.0,438430.7728,72360.0,72360.0,373306.7728,3
3075,24,21,9,65124.0,545600.368,72360.0,72360.0,480476.368,4
3076,25,21,9,65124.0,632314.752,72360.0,72360.0,567190.752,4
3077,26,21,9,65124.0,618879.2176,72360.0,72360.0,553755.2176,6
3078,21,22,9,64530.01407,516138.0192,71700.01563,71700.0,451608.00513,1
3079,22,22,9,64962.00703,460040.2208,72180.00781,72180.0,395078.21377000003,1
3080,23,22,9,65124.0,416178.5088,72360.0,72360.0,351054.5088,3
3081,24,22,9,65124.0,608808.392,72360.0,72360.0,543684.392,4
3082,25,22,9,65124.0,691765.344,72360.0,72360.0,626641.344,4
3083,26,22,9,65124.0,618763.008,72360.0,72360.0,553639.008,6
3084,21,23,9,64395.01407,556578.488,71550.01563,71550.0,492183.47393000004,1
3085,22,23,9,64422.01407,440241.184,71580.01563,71580.0,375819.16993000003,1
3086,23,23,9,64746.00703,517715.56,71940.00781,71940.0,452969.55297,3
3087,24,23,9,65097.0,695566.976,72330.0,72330.0,630469.976,3
3088,25,23,9,65124.0,567054.328,72360.0,72360.0,501930.328,4
3089,22,24,9,64395.01407,528346.464,71550.01563,71550.0,463951.44993000006,1
3090,23,24,9,64395.01407,575494.048,71550.01563,71550.0,511099.03393,1
3091,24,24,9,64557.00703,586964.3744,71730.00781,71730.0,522407.36737,3
3092,22,25,9,64395.01407,805458.264,71550.01563,71550.0,741063.2499299999,1
3093,23,25,9,64395.01407,887626.856,71550.01563,71550.0,823231.84193,1
3094,22,26,9,64395.01407,795178.624,71550.01563,71550.0,730783.6099299999,1
3095,15,13,10,65124.0,534395.92,72360.0,72360.0,469271.92000000004,6
3096,16,13,10,65124.0,618459.992,72360.0,72360.0,553335.992,6
3097,17,13,10,65124.0,645796.272,72360.0,72360.0,580672.272,6
3098,18,13,10,65124.0,641210.704,72360.0,72360.0,576086.704,6
3099,19,13,10,65124.0,386039.152,72360.0,72360.0,320915.152,6
3100,20,13,10,65124.0,0.0,72360.0,0.0,-65124.0,6
3101,23,13,10,61272.0,0.0,68080.0,0.0,-61272.0,6
3102,24,13,10,61524.0,0.0,68360.0,0.0,-61524.0,7
3103,25,13,10,60408.0,0.0,67120.0,0.0,-60408.0,8
3104,26,13,10,56808.0,0.0,63120.0,0.0,-56808.0,9
3105,14,14,10,65124.0,471236.4,72360.0,72360.0,406112.4,6
3106,15,14,10,65124.0,503324.616,72360.0,72360.0,438200.616,6
3107,16,14,10,65124.0,579498.576,72360.0,72360.0,514374.576,5
3108,17,14,10,65124.0,626058.576,72360.0,72360.0,560934.576,5
3109,18,14,10,65124.0,645688.336,72360.0,72360.0,580564.336,5
3110,19,14,10,65124.0,427206.584,72360.0,72360.0,362082.584,5
3111,20,14,10,65124.0,4746.3872,72360.0,72360.0,-60377.6128,5
3112,21,14,10,61272.0,0.0,68080.0,0.0,-61272.0,5
3113,22,14,10,65124.0,0.0,72360.0,0.0,-65124.0,5
3114,23,14,10,65124.0,85867.92,72360.0,72360.0,20743.92,6
3115,24,14,10,65124.0,161559.0912,72360.0,72360.0,96435.0912,6
3116,25,14,10,65124.0,107999.672,72360.0,72360.0,42875.672000000006,7
3117,26,14,10,65124.0,0.0,72360.0,0.0,-65124.0,8
3118,27,14,10,59652.0,0.0,66280.0,0.0,-59652.0,9
3119,12,15,10,64422.01407,108072.244,71580.01563,71580.0,43650.22993000001,8
3120,13,15,10,64881.00703,365415.668,72090.00781,72090.0,300534.66097,6
3121,14,15,10,65124.0,468155.584,72360.0,72360.0,403031.584,6
3122,15,15,10,65124.0,471261.616,72360.0,72360.0,406137.616,5
3123,16,15,10,65124.0,500114.624,72360.0,72360.0,434990.624,5
3124,17,15,10,65124.0,561263.696,72360.0,72360.0,496139.696,5
3125,18,15,10,65124.0,608174.664,72360.0,72360.0,543050.664,5
3126,19,15,10,65124.0,314905.424,72360.0,72360.0,249781.424,5
3127,20,15,10,65124.0,31753.5376,72360.0,72360.0,-33370.462400000004,5
3128,21,15,10,65124.0,44038.648,72360.0,72360.0,-21085.352,5
3129,22,15,10,65124.0,207928.2848,72360.0,72360.0,142804.2848,5
3130,23,15,10,65124.0,595094.936,72360.0,72360.0,529970.936,5
3131,24,15,10,65124.0,713167.816,72360.0,72360.0,648043.816,6
3132,25,15,10,65124.0,505199.9184,72360.0,72360.0,440075.9184,6
3133,26,15,10,65124.0,199751.696,72360.0,72360.0,134627.696,7
3134,27,15,10,65124.0,0.0,72360.0,0.0,-65124.0,8
3135,11,16,10,64395.01407,34022.396,71550.01563,71550.0,-30372.618069999997,8
3136,12,16,10,64395.01407,77960.032,71550.01563,71550.0,13565.017930000009,6
3137,13,16,10,64422.01407,123036.98,71580.01563,71580.0,58614.96593,6
3138,14,16,10,64989.00703,348341.196,72210.00781,72210.0,283352.18897,5
3139,15,16,10,65124.0,386168.944,72360.0,72360.0,321044.944,5
3140,16,16,10,65124.0,418899.592,72360.0,72360.0,353775.592,5
3141,17,16,10,65124.0,528156.4,72360.0,72360.0,463032.4,5
3142,18,16,10,65124.0,585434.216,72360.0,72360.0,520310.216,5
3143,19,16,10,65124.0,491554.3632,72360.0,72360.0,426430.3632,5
3144,20,16,10,65124.0,307859.7872,72360.0,72360.0,242735.78720000002,5
3145,21,16,10,65124.0,228943.104,72360.0,72360.0,163819.104,5
3146,22,16,10,65124.0,569088.512,72360.0,72360.0,503964.512,5
3147,23,16,10,65124.0,730666.776,72360.0,72360.0,665542.776,5
3148,24,16,10,65124.0,716951.968,72360.0,72360.0,651827.968,5
3149,25,16,10,65124.0,642105.72,72360.0,72360.0,576981.72,6
3150,26,16,10,65124.0,541258.28,72360.0,72360.0,476134.28,7
3151,27,16,10,65124.0,39361.1408,72360.0,72360.0,-25762.8592,8
3152,28,16,10,65124.0,0.0,72360.0,0.0,-65124.0,9
3153,9,17,10,55944.0,0.0,62160.0,0.0,-55944.0,10
3154,19,17,10,65124.0,559161.4688,72360.0,72360.0,494037.46880000003,4
3155,20,17,10,65124.0,496406.592,72360.0,72360.0,431282.592,4
3156,21,17,10,65124.0,537460.536,72360.0,72360.0,472336.53599999996,4
3157,22,17,10,65124.0,734829.592,72360.0,72360.0,669705.592,4
3158,23,17,10,65124.0,775516.04,72360.0,72360.0,710392.04,5
3159,24,17,10,65124.0,719239.296,72360.0,72360.0,654115.296,5
3160,25,17,10,65124.0,612300.608,72360.0,72360.0,547176.608,6
3161,26,17,10,65124.0,395923.464,72360.0,72360.0,330799.464,6
3162,27,17,10,65124.0,131294.3168,72360.0,72360.0,66170.3168,7
3163,28,17,10,65124.0,2339.5328,72360.0,72360.0,-62784.4672,9
3164,29,17,10,65124.0,12598.3984,72360.0,72360.0,-52525.6016,10
3165,20,18,10,65124.0,567201.0816,72360.0,72360.0,502077.08160000003,1
3166,21,18,10,65124.0,708903.104,72360.0,72360.0,643779.104,1
3167,22,18,10,65124.0,802459.4,72360.0,72360.0,737335.4,1
3168,23,18,10,65124.0,626327.024,72360.0,72360.0,561203.024,4
3169,24,18,10,65124.0,420775.6416,72360.0,72360.0,355651.6416,5
3170,25,18,10,65124.0,309657.4608,72360.0,72360.0,244533.4608,5
3171,26,18,10,65124.0,133858.4448,72360.0,72360.0,68734.4448,6
3172,27,18,10,65124.0,56858.4512,72360.0,72360.0,-8265.548799999997,7
3173,28,18,10,65124.0,56737.3152,72360.0,72360.0,-8386.684800000003,8
3174,29,18,10,65124.0,73073.304,72360.0,72360.0,7949.304000000004,9
3175,20,19,10,65124.0,663939.2752,72360.0,72360.0,598815.2752,1
3176,21,19,10,65124.0,907778.184,72360.0,72360.0,842654.184,1
3177,22,19,10,65124.0,817912.056,72360.0,72360.0,752788.056,1
3178,23,19,10,65124.0,418388.9408,72360.0,72360.0,353264.9408,3
3179,24,19,10,65124.0,247658.3776,72360.0,72360.0,182534.3776,4
3180,25,19,10,65124.0,176146.6176,72360.0,72360.0,111022.6176,5
3181,26,19,10,65124.0,75694.7776,72360.0,72360.0,10570.777600000001,6
3182,27,19,10,65124.0,22099.9232,72360.0,72360.0,-43024.076799999995,7
3183,28,19,10,65124.0,60756.672,72360.0,72360.0,-4367.328000000001,8
3184,21,20,10,65124.0,671250.8272,72360.0,72360.0,606126.8272,1
3185,22,20,10,65124.0,525631.2128,72360.0,72360.0,460507.2128,1
3186,23,20,10,65124.0,388005.6976,72360.0,72360.0,322881.6976,3
3187,24,20,10,65124.0,300565.0256,72360.0,72360.0,235441.0256,3
3188,25,20,10,65124.0,326060.0944,72360.0,72360.0,260936.0944,4
3189,26,20,10,65124.0,161652.5104,72360.0,72360.0,96528.5104,6
3190,27,20,10,64872.0,54511.8432,72080.0,69680.0,-10360.156799999997,7
3191,28,20,10,58176.0,14858.1344,64640.0,21440.0,-43317.8656,8
3192,7,21,10,55080.0,0.0,61200.0,0.0,-55080.0,11
3193,22,21,10,65124.0,390156.4496,72360.0,72360.0,325032.4496,1
3194,23,21,10,65124.0,369995.3584,72360.0,72360.0,304871.3584,1
3195,24,21,10,65124.0,503162.088,72360.0,72360.0,438038.088,3
3196,25,21,10,65124.0,563787.024,72360.0,72360.0,498663.024,4
3197,26,21,10,65124.0,548107.72,72360.0,72360.0,482983.72,4
3198,27,21,10,65124.0,333887.4112,72360.0,72360.0,268763.4112,6
3199,22,22,10,65124.0,402012.0064,72360.0,72360.0,336888.0064,1
3200,23,22,10,65124.0,366324.9344,72360.0,72360.0,301200.9344,1
3201,24,22,10,65124.0,595152.36,72360.0,72360.0,530028.36,3
3202,25,22,10,65124.0,637149.104,72360.0,72360.0,572025.104,4
3203,26,22,10,65124.0,601482.328,72360.0,72360.0,536358.328,4
3204,27,22,10,65124.0,480913.736,72360.0,72360.0,415789.736,6
3205,22,23,10,64773.00703,412344.9936,71970.00781,71970.0,347571.98657,1
3206,23,23,10,65070.0,534131.2848,72300.0,72300.0,469061.2848,1
3207,24,23,10,65124.0,692084.112,72360.0,72360.0,626960.112,3
3208,25,23,10,65124.0,573183.872,72360.0,72360.0,508059.872,3
3209,26,23,10,65124.0,450126.3952,72360.0,72360.0,385002.3952,4
3210,23,24,10,64584.01407,595188.7168,71760.01563,71760.0,530604.70273,1
3211,24,24,10,64989.00703,534208.1168,72210.00781,72210.0,469219.10977,1
3212,25,24,10,65124.0,370800.7408,72360.0,72360.0,305676.7408,3
3213,26,24,10,65124.0,320097.8784,72360.0,72360.0,254973.8784,4
3214,23,25,10,64395.01407,707679.912,71550.01563,71550.0,643284.89793,1
3215,24,25,10,64449.01407,480239.776,71610.01563,71610.0,415790.76193000004,1
3216,25,25,10,64800.00703,391354.2384,72000.00781,72000.0,326554.23137,3
3217,23,26,10,64395.01407,595901.416,71550.01563,71550.0,531506.4019299999,1
3218,24,26,10,64395.01407,485036.856,71550.01563,71550.0,420641.84193000005,3
3219,23,27,10,64395.01407,539919.92,71550.01563,71550.0,475524.90593000007,2
3220,22,28,10,64395.01407,488924.648,71550.01563,71550.0,424529.63393,2
3221,19,12,11,64368.0,25009.12,71520.0,64320.0,-39358.880000000005,6
3222,20,12,11,58536.0,0.0,65040.0,0.0,-58536.0,6
3223,23,12,11,55080.0,0.0,61200.0,0.0,-55080.0,6
3224,24,12,11,55080.0,0.0,61200.0,0.0,-55080.0,6
3225,25,12,11,55080.0,0.0,61200.0,0.0,-55080.0,7
3226,26,12,11,55080.0,0.0,61200.0,0.0,-55080.0,9
3227,18,13,11,65124.0,495414.696,72360.0,72360.0,430290.696,5
3228,19,13,11,65124.0,287902.0416,72360.0,72360.0,222778.0416,5
3229,20,13,11,64872.0,0.0,72080.0,0.0,-64872.0,5
3230,21,13,11,57060.0,0.0,63400.0,0.0,-57060.0,5
3231,22,13,11,55692.0,0.0,61880.0,0.0,-55692.0,5
3232,23,13,11,58428.0,0.0,64920.0,0.0,-58428.0,6
3233,24,13,11,60156.0,0.0,66840.0,0.0,-60156.0,6
3234,25,13,11,58896.0,0.0,65440.0,0.0,-58896.0,6
3235,26,13,11,55692.0,0.0,61880.0,0.0,-55692.0,7
3236,27,13,11,55080.0,0.0,61200.0,0.0,-55080.0,9
3237,18,14,11,65124.0,511691.528,72360.0,72360.0,446567.528,5
3238,19,14,11,65124.0,393319.488,72360.0,72360.0,328195.488,5
3239,20,14,11,65124.0,22798.224,72360.0,72360.0,-42325.776,5
3240,21,14,11,58176.0,0.0,64640.0,0.0,-58176.0,5
3241,22,14,11,63756.0,0.0,70840.0,0.0,-63756.0,5
3242,23,14,11,65124.0,33285.8144,72360.0,72360.0,-31838.185599999997,5
3243,24,14,11,65124.0,101510.168,72360.0,72360.0,36386.168000000005,6
3244,25,14,11,64872.0,71950.7104,72080.0,69680.0,7078.710399999996,6
3245,26,14,11,62496.0,0.0,69440.0,0.0,-62496.0,6
3246,27,14,11,57924.0,0.0,64360.0,0.0,-57924.0,7
3247,28,14,11,55080.0,0.0,61200.0,0.0,-55080.0,9
3248,18,15,11,65124.0,502275.616,72360.0,72360.0,437151.616,5
3249,19,15,11,65124.0,307796.1696,72360.0,72360.0,242672.16960000002,5
3250,20,15,11,65124.0,54522.4736,72360.0,72360.0,-10601.526400000002,5
3251,21,15,11,65124.0,4496.312,72360.0,72360.0,-60627.688,5
3252,22,15,11,65124.0,187791.6704,72360.0,72360.0,122667.6704,5
3253,23,15,11,65124.0,513444.4224,72360.0,72360.0,448320.4224,5
3254,24,15,11,65124.0,564833.92,72360.0,72360.0,499709.92000000004,5
3255,25,15,11,65124.0,442840.8944,72360.0,72360.0,377716.8944,6
3256,26,15,11,65124.0,180781.9584,72360.0,72360.0,115657.9584,6
3257,27,15,11,64620.0,0.0,71800.0,0.0,-64620.0,7
3258,28,15,11,55944.0,0.0,62160.0,0.0,-55944.0,8
3259,19,16,11,65124.0,494073.3712,72360.0,72360.0,428949.3712,4
3260,20,16,11,65124.0,302562.8256,72360.0,72360.0,237438.82559999998,4
3261,21,16,11,65124.0,202023.1984,72360.0,72360.0,136899.1984,4
3262,22,16,11,65124.0,505241.824,72360.0,72360.0,440117.824,4
3263,23,16,11,65124.0,631463.448,72360.0,72360.0,566339.448,4
3264,24,16,11,65124.0,587743.56,72360.0,72360.0,522619.56000000006,5
3265,25,16,11,65124.0,488054.256,72360.0,72360.0,422930.256,5
3266,26,16,11,65124.0,445775.032,72360.0,72360.0,380651.032,6
3267,27,16,11,65124.0,89142.9264,72360.0,72360.0,24018.926399999997,7
3268,28,16,11,62496.0,0.0,69440.0,0.0,-62496.0,8
3269,29,16,11,56916.0,0.0,63240.0,0.0,-56916.0,9
3270,20,17,11,65124.0,501057.3424,72360.0,72360.0,435933.3424,1
3271,21,17,11,65124.0,469162.0304,72360.0,72360.0,404038.0304,1
3272,22,17,11,65124.0,616132.44,72360.0,72360.0,551008.44,1
3273,23,17,11,65124.0,691836.488,72360.0,72360.0,626712.488,3
3274,24,17,11,65124.0,604705.504,72360.0,72360.0,539581.504,4
3275,25,17,11,65124.0,497508.304,72360.0,72360.0,432384.304,5
3276,26,17,11,65124.0,379624.928,72360.0,72360.0,314500.928,6
3277,27,17,11,65124.0,132340.4064,72360.0,72360.0,67216.4064,6
3278,28,17,11,65124.0,0.0,72360.0,0.0,-65124.0,7
3279,29,17,11,64116.0,0.0,71240.0,0.0,-64116.0,9
3280,30,17,11,64872.0,0.0,72080.0,0.0,-64872.0,10
3281,21,18,11,65124.0,553231.2944,72360.0,72360.0,488107.2944,1
3282,22,18,11,65124.0,594348.032,72360.0,72360.0,529224.032,1
3283,23,18,11,65124.0,522814.2768,72360.0,72360.0,457690.2768,1
3284,24,18,11,65124.0,398823.0688,72360.0,72360.0,333699.0688,4
3285,25,18,11,65124.0,327297.32,72360.0,72360.0,262173.32,4
3286,26,18,11,65124.0,189310.8784,72360.0,72360.0,124186.87839999999,5
3287,27,18,11,65124.0,101339.4784,72360.0,72360.0,36215.47840000001,6
3288,28,18,11,65124.0,10732.4352,72360.0,72360.0,-54391.5648,7
3289,29,18,11,65124.0,0.0,72360.0,0.0,-65124.0,8
3290,30,18,11,65124.0,0.0,72360.0,0.0,-65124.0,9
3291,22,19,11,65124.0,584203.416,72360.0,72360.0,519079.41599999997,1
3292,23,19,11,65124.0,353972.84,72360.0,72360.0,288848.84,1
3293,24,19,11,65124.0,257295.5488,72360.0,72360.0,192171.5488,3
3294,25,19,11,65124.0,193769.4592,72360.0,72360.0,128645.45920000001,4
3295,26,19,11,64872.0,108228.9808,72080.0,69680.0,43356.980800000005,4
3296,27,19,11,64368.0,140730.2336,71520.0,64320.0,76362.2336,6
3297,28,19,11,64872.0,61213.344,72080.0,69680.0,-3658.6560000000027,7
3298,29,19,11,65124.0,0.0,72360.0,0.0,-65124.0,8
3299,23,20,11,65124.0,310518.4928,72360.0,72360.0,245394.4928,1
3300,24,20,11,65124.0,260732.3616,72360.0,72360.0,195608.3616,3
3301,25,20,11,65124.0,250106.568,72360.0,72360.0,184982.568,3
3302,26,20,11,64368.0,154496.3536,71520.0,64320.0,90128.3536,4
3303,27,20,11,58140.0,20164.752,64600.0,13400.0,-37975.248,6
3304,28,20,11,56808.0,6057.6576,63120.0,10720.0,-50750.3424,7
3305,29,20,11,59184.0,0.0,65760.0,0.0,-59184.0,8
3306,23,21,11,65124.0,328565.6464,72360.0,72360.0,263441.6464,1
3307,24,21,11,65124.0,369462.7264,72360.0,72360.0,304338.7264,1
3308,25,21,11,65124.0,373238.2096,72360.0,72360.0,308114.2096,3
3309,26,21,11,65124.0,315020.2672,72360.0,72360.0,249896.2672,4
3310,27,21,11,62496.0,227562.0512,69440.0,48240.0,165066.0512,4
3311,28,21,11,56556.0,21179.12,62840.0,8040.0,-35376.880000000005,6
3312,23,22,11,65124.0,335564.256,72360.0,72360.0,270440.256,1
3313,24,22,11,65124.0,489216.4784,72360.0,72360.0,424092.4784,1
3314,25,22,11,65124.0,489663.328,72360.0,72360.0,424539.328,3
3315,26,22,11,65124.0,419863.784,72360.0,72360.0,354739.784,4
3316,27,22,11,65124.0,386664.1232,72360.0,72360.0,321540.1232,4
3317,28,22,11,64872.0,124350.5328,72080.0,69680.0,59478.5328,6
3318,23,23,11,65124.0,476487.0496,72360.0,72360.0,411363.0496,1
3319,24,23,11,65124.0,619276.008,72360.0,72360.0,554152.008,1
3320,25,23,11,65124.0,508640.3328,72360.0,72360.0,443516.3328,3
3321,26,23,11,65124.0,412177.9776,72360.0,72360.0,347053.9776,3
3322,27,23,11,65124.0,355399.1488,72360.0,72360.0,290275.1488,4
3323,28,23,11,65124.0,174918.464,72360.0,72360.0,109794.464,6
3324,24,24,11,65124.0,489652.6208,72360.0,72360.0,424528.6208,1
3325,25,24,11,65124.0,387483.0752,72360.0,72360.0,322359.0752,1
3326,26,24,11,65124.0,372566.3152,72360.0,72360.0,307442.3152,3
3327,27,24,11,65124.0,215877.0912,72360.0,72360.0,150753.0912,4
3328,24,25,11,65016.00703,595971.032,72240.00781,72240.0,530955.02497,1
3329,25,25,11,65124.0,466685.424,72360.0,72360.0,401561.424,1
3330,26,25,11,65124.0,278490.0848,72360.0,72360.0,213366.0848,3
3331,24,26,11,64476.01407,508734.8,71640.01563,71640.0,444258.78593,1
3332,25,26,11,64773.00703,441781.9504,71970.00781,71970.0,377008.94337,3
3333,24,27,11,64395.01407,596940.144,71550.01563,71550.0,532545.1299299999,1
3334,23,28,11,64395.01407,535926.848,71550.01563,71550.0,471531.83393,2
3335,31,22,13,42840.0,0.0,47600.0,0.0,-42840.0,7
3336,31,23,13,45144.0,0.0,50160.0,0.0,-45144.0,7
3337,32,23,13,42732.0,0.0,47480.0,0.0,-42732.0,8
3338,31,24,13,48105.0,0.0,53450.0,0.0,-48105.0,7
3339,32,24,13,45864.0,0.0,50960.0,0.0,-45864.0,8
3340,30,25,13,53397.0,0.0,59330.0,0.0,-53397.0,6
3341,31,25,13,51264.0,0.0,56960.0,0.0,-51264.0,7
3342,32,25,13,49050.0,0.0,54500.0,0.0,-49050.0,8
3343,29,26,13,56430.0,0.0,62700.0,0.0,-56430.0,6
3344,30,26,13,55368.0,0.0,61520.0,0.0,-55368.0,7
3345,31,26,13,54261.0,0.0,60290.0,0.0,-54261.0,7
3346,32,26,13,52299.0,0.0,58110.0,0.0,-52299.0,9
3347,28,27,13,56160.0,0.0,62400.0,0.0,-56160.0,4
3348,29,27,13,57186.0,0.0,63540.0,0.0,-57186.0,6
3349,30,27,13,56475.0,0.0,62750.0,0.0,-56475.0,7
3350,31,27,13,55908.0,0.0,62120.0,0.0,-55908.0,8
3351,32,27,13,55053.0,0.0,61170.0,0.0,-55053.0,9
3352,28,28,13,58320.0,0.0,64800.0,0.0,-58320.0,4
3353,29,28,13,58203.0,0.0,64670.0,0.0,-58203.0,6
3354,30,28,13,58041.0,0.0,64490.0,0.0,-58041.0,7
3355,31,28,13,57555.0,0.0,63950.0,0.0,-57555.0,8
3356,32,28,13,56871.0,0.0,63190.0,0.0,-56871.0,9
3357,28,29,13,58320.0,2016.576,64800.0,2400.0,-56303.424,4
3358,29,29,13,58320.0,0.0,64800.0,0.0,-58320.0,6
3359,30,29,13,58320.0,0.0,64800.0,0.0,-58320.0,7
3360,31,29,13,58320.0,0.0,64800.0,0.0,-58320.0,8
3361,32,29,13,58293.0,0.0,64770.0,0.0,-58293.0,9
3362,28,30,13,58320.0,47807.616,64800.0,48000.0,-10512.383999999998,6
3363,29,30,13,58320.0,3485.376,64800.0,7200.0,-54834.623999999996,7
3364,30,30,13,58320.0,0.0,64800.0,0.0,-58320.0,7
3365,31,30,13,58320.0,0.0,64800.0,0.0,-58320.0,9
3366,32,30,13,58212.0,0.0,64680.0,0.0,-58212.0,9
3367,28,31,13,58320.01758,48113.088,64800.01953,64800.0,-10206.929579999996,7
3368,29,31,13,58320.0,0.0,64800.0,0.0,-58320.0,7
3369,30,31,13,58320.0,0.0,64800.0,0.0,-58320.0,8
3370,31,31,13,58212.0,0.0,64680.0,0.0,-58212.0,9
3371,32,31,13,57006.0,0.0,63340.0,0.0,-57006.0,10
3372,28,32,13,58231.81407,7256.752,64702.01563,64702.0,-50975.06207,7
3373,29,32,13,58306.5,0.0,64785.0,0.0,-58306.5,8
3374,30,32,13,58068.0,0.0,64520.0,0.0,-58068.0,9
3375,31,32,13,57222.0,0.0,63580.0,0.0,-57222.0,9
3376,32,32,13,54864.0,0.0,60960.0,0.0,-54864.0,10
3377,28,33,13,55401.30703,6271.088,61557.00781,61557.0,-49130.21903000001,8
3378,29,33,13,56917.81407,0.0,63242.01563,0.0,-56917.81407,9
3379,30,33,13,57348.0,0.0,63720.0,0.0,-57348.0,9
3380,31,33,13,56331.0,0.0,62590.0,0.0,-56331.0,10
3381,28,34,13,50701.50703,7492.3672,56335.00781,56335.0,-43209.13983,9
3382,29,34,13,53337.6,0.0,59264.0,0.0,-53337.6,9
3383,30,34,13,54756.0,0.0,60840.0,0.0,-54756.0,10
3384,31,34,13,56385.0,0.0,62650.0,0.0,-56385.0,11
3385,27,35,13,47295.9,0.0,52551.0,0.0,-47295.9,9
3386,28,35,13,45857.97,0.0,50953.3,0.0,-45857.97,9
3387,29,35,13,48967.2,0.0,54408.0,0.0,-48967.2,10
3388,30,35,13,51390.0,0.0,57100.0,0.0,-51390.0,11
3389,31,35,13,54846.0,0.0,60940.0,0.0,-54846.0,12
3390,27,36,13,43569.0,0.0,48410.0,0.0,-43569.0,9
3391,28,36,13,44568.0,0.0,49520.0,0.0,-44568.0,10
3392,29,36,13,46953.0,0.0,52170.0,0.0,-46953.0,11
3393,30,36,13,49401.0,0.0,54890.0,0.0,-49401.0,12
3394,31,36,13,50778.0,0.0,56420.0,0.0,-50778.0,12
3395,27,37,13,45621.0,0.0,50690.0,0.0,-45621.0,10
3396,28,37,13,47664.0,0.0,52960.0,0.0,-47664.0,11
3397,29,37,13,50121.0,0.0,55690.0,0.0,-50121.0,12
3398,30,37,13,52641.0,0.0,58490.0,0.0,-52641.0,12
3399,31,37,13,53442.0,0.0,59380.0,0.0,-53442.0,13
3400,27,38,13,48771.0,0.0,54190.0,0.0,-48771.0,11
3401,28,38,13,50778.0,0.0,56420.0,0.0,-50778.0,12
3402,29,38,13,53046.0,0.0,58940.0,0.0,-53046.0,13
3403,30,38,13,52965.0,0.0,58850.0,0.0,-52965.0,14
3404,31,38,13,49707.0,0.0,55230.0,0.0,-49707.0,14
3405,27,39,13,51732.0,0.0,57480.0,0.0,-51732.0,12
3406,28,39,13,52911.0,0.0,58790.0,0.0,-52911.0,13
3407,29,39,13,50571.0,0.0,56190.0,0.0,-50571.0,14
3408,30,39,13,46989.0,0.0,52210.0,0.0,-46989.0,14
3409,31,39,13,43425.0,0.0,48250.0,0.0,-43425.0,15
3410,27,40,13,55809.0,0.0,62010.0,0.0,-55809.0,14
3411,28,40,13,55098.0,0.0,61220.0,0.0,-55098.0,14
3412,29,40,13,48600.0,0.0,54000.0,0.0,-48600.0,15
3413,18,21,3,65124.0,886558.488,72360.0,72360.0,821434.488,6
3414,18,22,3,65124.0,861497.832,72360.0,72360.0,796373.832,6
3415,18,19,4,64395.01407,667080.16,71550.01563,71550.0,602685.14593,7
3416,18,20,4,64503.0211,692280.272,71670.02344,71670.0,627777.2509,6
3417,19,20,4,64395.01407,536705.016,71550.01563,71550.0,472310.00192999997,5
3418,20,20,4,64395.01407,504184.472,71550.01563,71550.0,439789.45793000003,6
3419,15,21,4,65124.0,878042.608,72360.0,72360.0,812918.608,8
3420,16,21,4,65124.0,974454.792,72360.0,72360.0,909330.792,7
3421,17,21,4,65124.0,852228.688,72360.0,72360.0,787104.688,6
3422,18,21,4,65016.00703,846083.184,72240.00781,72240.0,781067.17697,5
3423,19,21,4,64611.01407,608220.056,71790.01563,71790.0,543609.04193,5
3424,20,21,4,64395.01407,472414.928,71550.01563,71550.0,408019.91393000004,6
3425,14,22,4,65124.0,1040049.584,72360.0,72360.0,974925.584,11
3426,15,22,4,65124.0,1154745.36,72360.0,72360.0,1089621.36,7
3427,16,22,4,65124.0,1052906.368,72360.0,72360.0,987782.368,6
3428,17,22,4,65124.0,868314.584,72360.0,72360.0,803190.584,5
3429,18,22,4,65124.0,846596.208,72360.0,72360.0,781472.208,5
3430,19,22,4,65097.0,868238.456,72330.0,72330.0,803141.456,5
3431,16,23,4,65124.0,848884.696,72360.0,72360.0,783760.696,5
3432,17,23,4,65124.0,823090.032,72360.0,72360.0,757966.032,5
3433,18,23,4,65124.0,832713.712,72360.0,72360.0,767589.712,5
3434,18,18,5,66195.0,734117.92,73550.0,73550.0,667922.92,6
3435,17,19,5,64395.01407,659955.64,71550.01563,71550.0,595560.62593,6
3436,18,19,5,64485.01407,749178.336,71650.01563,71650.0,684693.32193,6
3437,19,19,5,65655.00703,727664.688,72950.00781,72950.0,662009.68097,5
3438,20,19,5,66645.0,702500.2,74050.0,74050.0,635855.2,6
3439,15,20,5,65124.0,776861.512,72360.0,72360.0,711737.512,8
3440,16,20,5,64827.01407,781633.608,72030.01563,72030.0,716806.59393,6
3441,17,20,5,64422.01407,732873.496,71580.01563,71580.0,668451.48193,6
3442,18,20,5,64395.01407,831831.784,71550.01563,71550.0,767436.76993,5
3443,19,20,5,64395.01407,692430.576,71550.01563,71550.0,628035.56193,5
3444,20,20,5,64485.01407,571371.328,71650.01563,71650.0,506886.31393,5
3445,21,20,5,65385.00703,621548.552,72650.00781,72650.0,556163.54497,6
3446,13,21,5,65124.0,587440.64,72360.0,72360.0,522316.64,11
3447,14,21,5,65124.0,823990.848,72360.0,72360.0,758866.848,8
3448,15,21,5,65124.0,1029789.592,72360.0,72360.0,964665.592,6
3449,16,21,5,65124.0,1123958.576,72360.0,72360.0,1058834.576,6
3450,17,21,5,64881.01407,959139.768,72090.01563,72090.0,894258.75393,5
3451,18,21,5,64503.0211,817522.152,71670.02344,71670.0,753019.1309,5
3452,19,21,5,64395.01407,665772.112,71550.01563,71550.0,601377.0979299999,5
3453,20,21,5,64395.01407,589501.256,71550.01563,71550.0,525106.24193,5
3454,21,21,5,64395.01407,685994.568,71550.01563,71550.0,621599.5539299999,6
3455,22,21,5,64422.01407,754979.232,71580.01563,71580.0,690557.2179299999,6
3456,16,22,5,65124.0,1152715.312,72360.0,72360.0,1087591.312,5
3457,17,22,5,65124.0,973364.736,72360.0,72360.0,908240.736,5
3458,18,22,5,64989.00703,827522.456,72210.00781,72210.0,762533.44897,4
3459,19,22,5,64530.0211,731564.024,71700.02344,71700.0,667034.0029,4
3460,20,22,5,64395.01407,685456.872,71550.01563,71550.0,621061.8579299999,4
3461,17,23,5,65124.0,857274.68,72360.0,72360.0,792150.68,4
3462,18,23,5,65124.0,918992.776,72360.0,72360.0,853868.776,4
3463,19,23,5,65043.00703,907558.504,72270.00781,72270.0,842515.49697,3
3464,20,23,5,64665.01407,974632.64,71850.01563,71850.0,909967.62593,3
3465,18,24,5,65124.0,1134697.6,72360.0,72360.0,1069573.6,3
3466,17,17,6,66105.0,713786.712,73450.0,73450.0,647681.712,6
3467,18,17,6,66825.0,793708.016,74250.0,74250.0,726883.016,6
3468,16,18,6,64395.01407,590484.376,71550.01563,71550.0,526089.36193,6
3469,17,18,6,65025.00703,710855.672,72250.00781,72250.0,645830.66497,6
3470,18,18,6,66735.0,800159.728,74150.0,74150.0,733424.728,5
3471,19,18,6,66825.0,857796.736,74250.0,74250.0,790971.736,5
3472,20,18,6,66825.0,867047.12,74250.0,74250.0,800222.12,5
3473,21,18,6,66825.0,723105.368,74250.0,74250.0,656280.368,6
3474,22,18,6,66825.0,543200.032,74250.0,74250.0,476375.032,6
3475,14,19,6,64854.01407,559169.384,72060.01563,72060.0,494315.36993,8
3476,15,19,6,64422.01407,566180.48,71580.01563,71580.0,501758.46593,7
3477,16,19,6,64395.01407,661409.896,71550.01563,71550.0,597014.8819299999,6
3478,17,19,6,64395.01407,738375.408,71550.01563,71550.0,673980.39393,5
3479,18,19,6,64935.01407,775495.136,72150.01563,72150.0,710560.12193,5
3480,19,19,6,66465.0,830364.872,73850.0,73850.0,763899.872,5
3481,20,19,6,66825.0,813571.72,74250.0,74250.0,746746.72,5
3482,21,19,6,66825.0,683539.432,74250.0,74250.0,616714.432,5
3483,22,19,6,66636.0,602295.616,74040.0,74040.0,535659.616,6
3484,23,19,6,65313.00703,654012.232,72570.00781,72570.0,588699.22497,7
3485,24,19,6,65124.0,647759.088,72360.0,72360.0,582635.088,8
3486,13,20,6,65124.0,552210.48,72360.0,72360.0,487086.48,8
3487,14,20,6,65124.0,769479.656,72360.0,72360.0,704355.656,7
3488,15,20,6,64854.01407,778112.224,72060.01563,72060.0,713258.20993,6
3489,16,20,6,64422.01407,729850.048,71580.01563,71580.0,665428.0339299999,5
3490,17,20,6,64395.01407,790678.704,71550.01563,71550.0,726283.68993,5
3491,18,20,6,64395.01407,844819.104,71550.01563,71550.0,780424.08993,5
3492,19,20,6,64485.01407,851040.888,71650.01563,71650.0,786555.87393,5
3493,20,20,6,65295.00703,727734.672,72550.00781,72550.0,662439.66497,5
3494,21,20,6,66159.0,674435.648,73510.0,73510.0,608276.648,5
3495,22,20,6,65313.00703,776875.24,72570.00781,72570.0,711562.23297,6
3496,23,20,6,65124.0,719655.816,72360.0,72360.0,654531.816,7
3497,24,20,6,65124.0,688643.768,72360.0,72360.0,623519.768,8
3498,16,21,6,64665.01407,921466.88,71850.01563,71850.0,856801.86593,5
3499,17,21,6,64422.01407,834588.56,71580.01563,71580.0,770166.54593,5
3500,18,21,6,64395.01407,812102.504,71550.01563,71550.0,747707.4899299999,4
3501,19,21,6,64395.01407,821269.832,71550.01563,71550.0,756874.81793,4
3502,20,21,6,64395.01407,780575.816,71550.01563,71550.0,716180.80193,4
3503,21,21,6,64395.01407,759060.472,71550.01563,71550.0,694665.4579299999,4
3504,22,21,6,64665.01407,789881.424,71850.01563,71850.0,725216.40993,5
3505,23,21,6,65070.0,801647.552,72300.0,72300.0,736577.552,6
3506,17,22,6,64800.01407,981812.632,72000.01563,72000.0,917012.61793,4
3507,18,22,6,64422.01407,742165.248,71580.01563,71580.0,677743.23393,3
3508,19,22,6,64395.01407,812171.712,71550.01563,71550.0,747776.69793,2
3509,20,22,6,64395.01407,833013.712,71550.01563,71550.0,768618.69793,3
3510,21,22,6,64395.01407,794132.68,71550.01563,71550.0,729737.66593,4
3511,22,22,6,64395.01407,750662.192,71550.01563,71550.0,686267.17793,4
3512,18,23,6,64881.01407,931353.856,72090.01563,72090.0,866472.84193,2
3513,19,23,6,64503.0211,862895.064,71670.02344,71670.0,798392.0429,2
3514,20,23,6,64395.01407,920393.456,71550.01563,71550.0,855998.44193,3
3515,21,23,6,64395.01407,853783.48,71550.01563,71550.0,789388.46593,3
3516,19,24,6,65016.00703,1247328.368,72240.00781,72240.0,1182312.36097,2
3517,20,24,6,64557.01407,1029298.56,71730.01563,71730.0,964741.54593,2
3518,19,25,6,65124.0,1305141.32,72360.0,72360.0,1240017.32,2
3519,17,16,7,65124.0,618616.064,72360.0,72360.0,553492.064,6
3520,18,16,7,65502.0,742180.52,72780.0,72780.0,676678.52,6
3521,19,16,7,66699.0,849954.128,74110.0,74110.0,783255.128,6
3522,25,16,7,66258.0,693901.832,73620.0,73620.0,627643.832,9
3523,16,17,7,64935.0,641987.444,72150.0,72150.0,577052.444,6
3524,17,17,7,65565.0,731313.408,72850.0,72850.0,665748.408,6
3525,18,17,7,66762.0,809475.72,74180.0,74180.0,742713.72,5
3526,19,17,7,66825.0,877496.992,74250.0,74250.0,810671.992,5
3527,20,17,7,66825.0,902523.24,74250.0,74250.0,835698.24,5
3528,21,17,7,66825.0,849782.68,74250.0,74250.0,782957.68,5
3529,22,17,7,66825.0,726096.336,74250.0,74250.0,659271.336,6
3530,23,17,7,66762.0,657482.392,74180.0,74180.0,590720.392,6
3531,24,17,7,65565.00703,679015.96,72850.00781,72850.0,613450.95297,7
3532,14,18,7,64395.01407,421081.992,71550.01563,71550.0,356686.97793000005,7
3533,15,18,7,64395.01407,555588.472,71550.01563,71550.0,491193.45793,6
3534,16,18,7,64422.01407,615727.628,71580.01563,71580.0,551305.61393,6
3535,17,18,7,66132.0,762181.984,73480.0,73480.0,696049.984,5
3536,18,18,7,66825.0,811616.52,74250.0,74250.0,744791.52,5
3537,19,18,7,66825.0,885303.912,74250.0,74250.0,818478.912,5
3538,20,18,7,66825.0,880344.888,74250.0,74250.0,813519.888,5
3539,21,18,7,66825.0,784922.888,74250.0,74250.0,718097.888,5
3540,22,18,7,66825.0,697627.448,74250.0,74250.0,630802.448,6
3541,23,18,7,65817.00703,624429.352,73130.00781,73130.0,558612.34497,6
3542,24,18,7,65124.0,568534.896,72360.0,72360.0,503410.89599999995,7
3543,12,19,7,65124.0,204411.5424,72360.0,72360.0,139287.5424,10
3544,13,19,7,64989.00703,382406.708,72210.00781,72210.0,317417.70097,8
3545,14,19,7,64476.01407,478610.328,71640.01563,71640.0,414134.31393,6
3546,15,19,7,64395.01407,623287.088,71550.01563,71550.0,558892.07393,6
3547,16,19,7,64395.01407,697997.808,71550.01563,71550.0,633602.7939299999,5
3548,17,19,7,64395.01407,753298.264,71550.01563,71550.0,688903.2499299999,5
3549,18,19,7,65475.00703,819325.776,72750.00781,72750.0,753850.76897,5
3550,19,19,7,66825.0,857130.568,74250.0,74250.0,790305.568,5
3551,20,19,7,66825.0,810592.592,74250.0,74250.0,743767.592,5
3552,21,19,7,66762.0,685126.84,74180.0,74180.0,618364.84,5
3553,22,19,7,65754.00703,672581.024,73060.00781,73060.0,606827.01697,5
3554,23,19,7,65124.0,588396.384,72360.0,72360.0,523272.38399999996,6
3555,24,19,7,65124.0,554245.632,72360.0,72360.0,489121.632,7
3556,25,19,7,65124.0,412746.584,72360.0,72360.0,347622.584,8
3557,11,20,7,65124.0,0.0,72360.0,0.0,-65124.0,11
3558,18,20,7,64395.01407,866145.264,71550.01563,71550.0,801750.2499299999,4
3559,19,20,7,64935.01407,903538.528,72150.01563,72150.0,838603.51393,4
3560,20,20,7,66132.0,787979.712,73480.0,73480.0,721847.712,4
3561,21,20,7,65754.00703,737255.288,73060.00781,73060.0,671501.28097,4
3562,22,20,7,65124.0,753124.976,72360.0,72360.0,688000.976,5
3563,23,20,7,65124.0,639658.392,72360.0,72360.0,574534.392,6
3564,24,20,7,65124.0,569554.504,72360.0,72360.0,504430.50399999996,7
3565,25,20,7,65124.0,421304.3824,72360.0,72360.0,356180.3824,8
3566,18,21,7,64395.01407,818346.344,71550.01563,71550.0,753951.32993,3
3567,19,21,7,64395.01407,847363.344,71550.01563,71550.0,782968.32993,2
3568,20,21,7,64395.01407,851317.064,71550.01563,71550.0,786922.04993,1
3569,21,21,7,64584.01407,767126.432,71760.01563,71760.0,702542.41793,3
3570,22,21,7,64989.00703,743215.736,72210.00781,72210.0,678226.72897,4
3571,23,21,7,65124.0,688121.712,72360.0,72360.0,622997.712,5
3572,24,21,7,65124.0,622953.784,72360.0,72360.0,557829.784,6
3573,19,22,7,64395.01407,842531.72,71550.01563,71550.0,778136.7059299999,2
3574,20,22,7,64395.01407,842081.088,71550.01563,71550.0,777686.07393,1
3575,21,22,7,64395.01407,767292.856,71550.01563,71550.0,702897.84193,3
3576,22,22,7,64422.01407,708346.976,71580.01563,71580.0,643924.96193,4
3577,23,22,7,64773.00703,635946.16,71970.00781,71970.0,571173.15297,4
3578,19,23,7,64395.01407,854557.208,71550.01563,71550.0,790162.19393,2
3579,20,23,7,64395.01407,937402.144,71550.01563,71550.0,873007.1299299999,1
3580,21,23,7,64395.01407,830855.312,71550.01563,71550.0,766460.29793,3
3581,22,23,7,64395.01407,732940.744,71550.01563,71550.0,668545.7299299999,3
3582,20,24,7,64395.01407,962669.392,71550.01563,71550.0,898274.37793,1
3583,21,24,7,64395.01407,886077.624,71550.01563,71550.0,821682.6099299999,1
3584,20,25,7,64503.0211,989366.808,71670.02344,71670.0,924863.7869,2
3585,24,15,8,65502.0,665413.248,72780.0,72780.0,599911.248,7
3586,25,15,8,65376.0,457368.632,72640.0,72640.0,391992.632,9
3587,23,16,8,66825.0,659500.008,74250.0,74250.0,592675.008,6
3588,24,16,8,66825.0,661831.408,74250.0,74250.0,595006.408,7
3589,25,16,8,66258.0,712568.848,73620.0,73620.0,646310.848,8
3590,26,16,8,65817.00703,518435.824,73130.00781,73130.0,452618.81697000004,9
3591,23,17,8,66006.00703,708568.592,73340.00781,73340.0,642562.58497,6
3592,24,17,8,65124.0,722135.328,72360.0,72360.0,657011.328,6
3593,25,17,8,65124.0,722640.544,72360.0,72360.0,657516.544,7
3594,23,18,8,65187.00703,638329.4,72430.00781,72430.0,573142.39297,5
3595,24,18,8,65124.0,516630.832,72360.0,72360.0,451506.832,6
3596,25,18,8,65124.0,374675.08,72360.0,72360.0,309551.08,7
3597,26,18,8,65124.0,124704.5824,72360.0,72360.0,59580.5824,8
3598,27,18,8,65124.0,132085.4016,72360.0,72360.0,66961.40160000001,9
3599,23,19,8,65124.0,531432.528,72360.0,72360.0,466308.52800000005,5
3600,24,19,8,65124.0,446458.3984,72360.0,72360.0,381334.3984,6
3601,25,19,8,65124.0,322846.4576,72360.0,72360.0,257722.45760000002,7
3602,26,19,8,65124.0,133810.256,72360.0,72360.0,68686.256,8
3603,23,20,8,65124.0,540105.88,72360.0,72360.0,474981.88,5
3604,24,20,8,65124.0,453384.784,72360.0,72360.0,388260.784,6
3605,25,20,8,65124.0,360737.304,72360.0,72360.0,295613.304,7
3606,26,20,8,65124.0,107786.9184,72360.0,72360.0,42662.918399999995,8
3607,23,21,8,65124.0,563570.248,72360.0,72360.0,498446.248,4
3608,24,21,8,65124.0,584599.144,72360.0,72360.0,519475.144,4
3609,25,21,8,65124.0,639777.696,72360.0,72360.0,574653.696,6
3610,22,22,8,64611.01407,551835.136,71790.01563,71790.0,487224.1219300001,3
3611,23,22,8,65070.0,562807.992,72300.0,72300.0,497737.99199999997,4
3612,24,22,8,65124.0,595041.576,72360.0,72360.0,529917.576,4
3613,22,23,8,64395.01407,572974.24,71550.01563,71550.0,508579.22593,3
3614,23,23,8,64476.01407,565342.064,71640.01563,71640.0,500866.04993000004,3
3615,24,23,8,64908.0,615376.456,72120.0,72120.0,550468.456,4
3616,22,24,8,64395.01407,641301.224,71550.01563,71550.0,576906.20993,1
3617,23,24,8,64395.01407,628896.664,71550.01563,71550.0,564501.64993,3
3618,22,25,8,64395.01407,903205.848,71550.01563,71550.0,838810.83393,2
3619,27,23,10,65124.0,381433.176,72360.0,72360.0,316309.176,6
3620,27,24,10,65124.0,204768.04,72360.0,72360.0,139644.04,6
3621,28,24,10,65124.0,0.0,72360.0,0.0,-65124.0,7
3622,26,25,10,65097.0,201173.8304,72330.0,72330.0,136076.8304,4
3623,27,25,10,65124.0,34542.4976,72360.0,72360.0,-30581.502399999998,6
3624,28,25,10,64260.0,0.0,71400.0,0.0,-64260.0,7
3625,25,26,10,64395.01407,424430.728,71550.01563,71550.0,360035.71393,3
3626,26,26,10,64584.01407,256822.9216,71760.01563,71760.0,192238.90753,6
3627,27,26,10,65070.0,17315.3976,72300.0,72300.0,-47754.6024,7
3628,28,26,10,65124.0,0.0,72360.0,0.0,-65124.0,7
3629,24,27,10,64395.01407,520850.384,71550.01563,71550.0,456455.36993000004,3
3630,25,27,10,64395.01407,435263.312,71550.01563,71550.0,370868.29793,4
3631,26,27,10,64395.01407,244318.4,71550.01563,71550.0,179923.38593,6
3632,27,27,10,64530.01407,0.0,71700.01563,0.0,-64530.01407,7
3633,28,27,10,59796.0,0.0,66440.0,0.0,-59796.0,8
3634,23,28,10,64395.01407,525981.392,71550.01563,71550.0,461586.37793,3
3635,24,28,10,64395.01407,504013.408,71550.01563,71550.0,439618.39393,3
3636,25,28,10,64395.01407,425156.352,71550.01563,71550.0,360761.33793000004,4
3637,26,28,10,64395.01407,265142.008,71550.01563,71550.0,200746.99392999997,6
3638,27,28,10,64395.01407,24862.088,71550.01563,71550.0,-39532.92607,7
3639,28,28,10,63495.0,0.0,70550.0,0.0,-63495.0,8
3640,22,29,10,64395.01407,403774.6,71550.01563,71550.0,339379.58593,3
3641,23,29,10,64395.01407,493974.0,71550.01563,71550.0,429578.98593,3
3642,24,29,10,64395.01407,458188.256,71550.01563,71550.0,393793.24193,4
3643,25,29,10,64395.01407,410888.704,71550.01563,71550.0,346493.68993000005,6
3644,26,29,10,64395.01407,271122.336,71550.01563,71550.0,206727.32193,7
3645,27,29,10,64395.01407,70190.444,71550.01563,71550.0,5795.429930000006,8
3646,28,29,10,63135.0,0.0,70150.0,0.0,-63135.0,9
3647,7,30,10,55080.0,0.0,61200.0,0.0,-55080.0,14
3648,22,30,10,64881.01407,352197.104,72090.01563,72090.0,287316.08993,3
3649,23,30,10,64476.01407,423458.968,71640.01563,71640.0,358982.95393,4
3650,24,30,10,64395.01407,353359.048,71550.01563,71550.0,288964.03393000003,6
3651,25,30,10,64395.01407,306748.184,71550.01563,71550.0,242353.16993,7
3652,26,30,10,64395.01407,221848.088,71550.01563,71550.0,157453.07392999998,8
3653,27,30,10,64395.01407,151508.556,71550.01563,71550.0,87113.54193,9
3654,28,30,10,64395.01407,74165.232,71550.01563,71550.0,9770.217930000006,9
3655,7,31,10,55080.0,0.0,61200.0,0.0,-55080.0,15
3656,8,31,10,55080.0,0.0,61200.0,0.0,-55080.0,14
3657,21,31,10,65124.0,257975.8896,72360.0,72360.0,192851.8896,4
3658,22,31,10,65124.0,306130.8016,72360.0,72360.0,241006.8016,4
3659,23,31,10,65043.00703,283257.984,72270.00781,72270.0,218214.97697,6
3660,24,31,10,64719.00703,281103.8784,71910.00781,71910.0,216384.87136999998,7
3661,25,31,10,64422.01407,301671.4976,71580.01563,71580.0,237249.48353,8
3662,26,31,10,64395.01407,234776.128,71550.01563,71550.0,170381.11393,9
3663,27,31,10,64395.01407,155072.148,71550.01563,71550.0,90677.13392999998,9
3664,28,31,10,64395.01407,174779.852,71550.01563,71550.0,110384.83793000001,10
3665,8,32,10,55080.0,0.0,61200.0,0.0,-55080.0,14
3666,9,32,10,55080.0,0.0,61200.0,0.0,-55080.0,12
3667,19,32,10,65124.0,321389.7424,72360.0,72360.0,256265.7424,7
3668,20,32,10,65124.0,244874.248,72360.0,72360.0,179750.248,7
3669,21,32,10,65124.0,211724.2496,72360.0,72360.0,146600.2496,7
3670,22,32,10,65124.0,164560.3216,72360.0,72360.0,99436.3216,7
3671,23,32,10,65124.0,218027.7312,72360.0,72360.0,152903.7312,7
3672,24,32,10,65124.0,196213.504,72360.0,72360.0,131089.504,8
3673,25,32,10,65097.0,162060.32,72330.0,72330.0,96963.32,9
3674,26,32,10,64881.01407,149738.0672,72090.01563,72090.0,84857.05312999999,9
3675,27,32,10,64611.01407,87899.5016,71790.01563,71790.0,23288.487530000006,10
3676,28,32,10,64395.01407,97857.08,71550.01563,71550.0,33462.065930000004,10
3677,9,33,10,55080.0,0.0,61200.0,0.0,-55080.0,14
3678,10,33,10,55080.0,0.0,61200.0,0.0,-55080.0,12
3679,11,33,10,56196.0,0.0,62440.0,0.0,-56196.0,12
3680,17,33,10,65124.0,369411.696,72360.0,72360.0,304287.696,8
3681,18,33,10,65124.0,359552.552,72360.0,72360.0,294428.552,8
3682,19,33,10,65124.0,287779.0112,72360.0,72360.0,222655.0112,8
3683,20,33,10,65124.0,243753.9056,72360.0,72360.0,178629.9056,8
3684,21,33,10,65124.0,216353.4576,72360.0,72360.0,151229.4576,8
3685,22,33,10,65124.0,170255.9824,72360.0,72360.0,105131.98240000001,8
3686,23,33,10,65124.0,137201.4656,72360.0,72360.0,72077.4656,8
3687,24,33,10,65124.0,95083.4784,72360.0,72360.0,29959.478400000007,9
3688,25,33,10,65124.0,71675.6352,72360.0,72360.0,6551.635200000004,9
3689,26,33,10,64008.0,91804.3648,71120.0,64320.0,27796.364799999996,10
3690,27,33,10,60912.0,82414.7168,67680.0,42880.0,21502.716799999995,10
3691,28,33,10,65043.00703,130959.4808,72270.00781,72270.0,65916.47377000001,11
3692,10,34,10,55080.0,0.0,61200.0,0.0,-55080.0,14
3693,11,34,10,55080.0,0.0,61200.0,0.0,-55080.0,12
3694,12,34,10,55080.0,0.0,61200.0,0.0,-55080.0,12
3695,13,34,10,55080.0,0.0,61200.0,0.0,-55080.0,10
3696,14,34,10,55080.0,0.0,61200.0,0.0,-55080.0,9
3697,15,34,10,55584.0,12783.6,61760.0,5360.0,-42800.4,8
3698,16,34,10,60660.0,181522.8912,67400.0,40200.0,120862.89120000001,8
3699,17,34,10,65124.0,335865.8848,72360.0,72360.0,270741.8848,8
3700,18,34,10,63900.0,300292.4,71000.0,67000.0,236392.40000000002,8
3701,19,34,10,64512.0,271815.7104,71680.0,69680.0,207303.71039999998,8
3702,20,34,10,65124.0,240489.1376,72360.0,72360.0,175365.1376,8
3703,21,34,10,65124.0,187406.408,72360.0,72360.0,122282.408,8
3704,22,34,10,65124.0,135646.1632,72360.0,72360.0,70522.16320000001,8
3705,23,34,10,65124.0,64197.792,72360.0,72360.0,-926.2079999999987,9
3706,24,34,10,63144.0,24226.3424,70160.0,58960.0,-38917.6576,9
3707,25,34,10,60660.0,17597.3088,67400.0,40200.0,-43062.6912,10
3708,26,34,10,56196.0,1045.8432,62440.0,8040.0,-55150.1568,10
3709,27,34,10,55080.0,0.0,61200.0,0.0,-55080.0,11
3710,28,34,10,56340.0,14873.1424,62600.0,13400.0,-41466.8576,12
3711,11,35,10,55080.0,0.0,61200.0,0.0,-55080.0,15
3712,12,35,10,55080.0,0.0,61200.0,0.0,-55080.0,13
3713,13,35,10,55080.0,0.0,61200.0,0.0,-55080.0,12
3714,14,35,10,55080.0,0.0,61200.0,0.0,-55080.0,10
3715,15,35,10,55080.0,0.0,61200.0,0.0,-55080.0,9
3716,16,35,10,55080.0,0.0,61200.0,0.0,-55080.0,9
3717,17,35,10,55080.0,0.0,61200.0,0.0,-55080.0,9
3718,18,35,10,55584.0,15585.2496,61760.0,5360.0,-39998.750400000004,9
3719,19,35,10,55584.0,16158.7296,61760.0,5360.0,-39425.2704,9
3720,20,35,10,59688.0,102531.5488,66320.0,37520.0,42843.548800000004,9
3721,21,35,10,61776.0,112171.5872,68640.0,48240.0,50395.587199999994,9
3722,22,35,10,58932.0,59304.3264,65480.0,29480.0,372.3263999999981,9
3723,23,35,10,58428.0,36222.6656,64920.0,24120.0,-22205.3344,9
3724,24,35,10,55080.0,0.0,61200.0,0.0,-55080.0,10
3725,25,35,10,55080.0,0.0,61200.0,0.0,-55080.0,10
3726,26,35,10,55080.0,0.0,61200.0,0.0,-55080.0,12
3727,27,35,10,55080.0,0.0,61200.0,0.0,-55080.0,12
3728,28,35,10,55080.0,0.0,61200.0,0.0,-55080.0,13
3729,13,36,10,55080.0,0.0,61200.0,0.0,-55080.0,14
3730,14,36,10,55080.0,0.0,61200.0,0.0,-55080.0,12
3731,15,36,10,55080.0,0.0,61200.0,0.0,-55080.0,11
3732,16,36,10,55080.0,0.0,61200.0,0.0,-55080.0,10
3733,17,36,10,55080.0,0.0,61200.0,0.0,-55080.0,10
3734,18,36,10,55080.0,0.0,61200.0,0.0,-55080.0,10
3735,19,36,10,55080.0,0.0,61200.0,0.0,-55080.0,10
3736,20,36,10,55080.0,0.0,61200.0,0.0,-55080.0,10
3737,21,36,10,55080.0,0.0,61200.0,0.0,-55080.0,10
3738,22,36,10,55080.0,0.0,61200.0,0.0,-55080.0,10
3739,23,36,10,55080.0,0.0,61200.0,0.0,-55080.0,10
3740,24,36,10,55080.0,0.0,61200.0,0.0,-55080.0,11
3741,25,36,10,55080.0,0.0,61200.0,0.0,-55080.0,12
3742,26,36,10,55080.0,0.0,61200.0,0.0,-55080.0,12
3743,27,36,10,55080.0,0.0,61200.0,0.0,-55080.0,13
3744,14,37,10,55080.0,0.0,61200.0,0.0,-55080.0,14
3745,15,37,10,55080.0,0.0,61200.0,0.0,-55080.0,13
3746,16,37,10,55080.0,0.0,61200.0,0.0,-55080.0,12
3747,17,37,10,55080.0,0.0,61200.0,0.0,-55080.0,12
3748,18,37,10,55080.0,0.0,61200.0,0.0,-55080.0,12
3749,19,37,10,55080.0,0.0,61200.0,0.0,-55080.0,12
3750,20,37,10,55080.0,0.0,61200.0,0.0,-55080.0,12
3751,21,37,10,55080.0,0.0,61200.0,0.0,-55080.0,12
3752,22,37,10,55080.0,0.0,61200.0,0.0,-55080.0,12
3753,23,37,10,55080.0,0.0,61200.0,0.0,-55080.0,12
3754,24,37,10,55080.0,0.0,61200.0,0.0,-55080.0,12
3755,25,37,10,55080.0,0.0,61200.0,0.0,-55080.0,14
3756,26,37,10,55080.0,0.0,61200.0,0.0,-55080.0,14
3757,27,37,10,55080.0,0.0,61200.0,0.0,-55080.0,14
3758,16,38,10,55080.0,0.0,61200.0,0.0,-55080.0,14
3759,17,38,10,55080.0,0.0,61200.0,0.0,-55080.0,14
3760,18,38,10,55080.0,0.0,61200.0,0.0,-55080.0,14
3761,19,38,10,55080.0,0.0,61200.0,0.0,-55080.0,14
3762,20,38,10,55080.0,0.0,61200.0,0.0,-55080.0,14
3763,21,38,10,55080.0,0.0,61200.0,0.0,-55080.0,14
3764,22,38,10,55080.0,0.0,61200.0,0.0,-55080.0,14
3765,23,38,10,55080.0,0.0,61200.0,0.0,-55080.0,14
3766,24,38,10,55080.0,0.0,61200.0,0.0,-55080.0,14
3767,25,38,10,55080.0,0.0,61200.0,0.0,-55080.0,15
3768,29,23,11,57672.0,0.0,64080.0,0.0,-57672.0,7
3769,28,24,11,65124.0,0.0,72360.0,0.0,-65124.0,6
3770,29,24,11,56916.0,0.0,63240.0,0.0,-56916.0,7
3771,30,24,11,55080.0,0.0,61200.0,0.0,-55080.0,8
3772,31,24,11,55080.0,0.0,61200.0,0.0,-55080.0,9
3773,27,25,11,65124.0,64362.2272,72360.0,72360.0,-761.7727999999988,4
3774,28,25,11,64368.0,0.0,71520.0,0.0,-64368.0,6
3775,29,25,11,59364.0,0.0,65960.0,0.0,-59364.0,7
3776,30,25,11,55080.0,0.0,61200.0,0.0,-55080.0,8
3777,31,25,11,55080.0,0.0,61200.0,0.0,-55080.0,9
3778,32,25,11,55080.0,0.0,61200.0,0.0,-55080.0,10
3779,26,26,11,65043.00703,223650.0064,72270.00781,72270.0,158606.99937,3
3780,27,26,11,65124.0,29421.5984,72360.0,72360.0,-35702.4016,6
3781,28,26,11,65124.0,0.0,72360.0,0.0,-65124.0,7
3782,29,26,11,57312.0,0.0,63680.0,0.0,-57312.0,7
3783,30,26,11,55080.0,0.0,61200.0,0.0,-55080.0,9
3784,31,26,11,55080.0,0.0,61200.0,0.0,-55080.0,9
3785,32,26,11,55080.0,0.0,61200.0,0.0,-55080.0,11
3786,33,26,11,55080.0,0.0,61200.0,0.0,-55080.0,12
3787,25,27,11,64395.01407,453717.36,71550.01563,71550.0,389322.34593,3
3788,26,27,11,64476.01407,217710.8856,71640.01563,71640.0,153234.87153,4
3789,27,27,11,64989.00703,0.0,72210.00781,0.0,-64989.00703,6
3790,28,27,11,59184.0,0.0,65760.0,0.0,-59184.0,7
3791,29,27,11,55080.0,0.0,61200.0,0.0,-55080.0,8
3792,30,27,11,55080.0,0.0,61200.0,0.0,-55080.0,9
3793,31,27,11,55080.0,0.0,61200.0,0.0,-55080.0,10
3794,32,27,11,55080.0,0.0,61200.0,0.0,-55080.0,11
3795,33,27,11,55080.0,0.0,61200.0,0.0,-55080.0,12
3796,24,28,11,64395.01407,546074.568,71550.01563,71550.0,481679.55393,2
3797,25,28,11,64395.01407,467228.616,71550.01563,71550.0,402833.60193,3
3798,26,28,11,64395.01407,302837.16,71550.01563,71550.0,238442.14592999997,4
3799,27,28,11,64449.01407,78732.2448,71610.01563,71610.0,14283.230730000003,6
3800,28,28,11,57987.0,0.0,64430.0,0.0,-57987.0,7
3801,29,28,11,55080.0,0.0,61200.0,0.0,-55080.0,8
3802,30,28,11,55080.0,0.0,61200.0,0.0,-55080.0,9
3803,31,28,11,55080.0,0.0,61200.0,0.0,-55080.0,10
3804,32,28,11,55080.0,0.0,61200.0,0.0,-55080.0,11
3805,33,28,11,55080.0,0.0,61200.0,0.0,-55080.0,12
3806,34,28,11,55080.0,0.0,61200.0,0.0,-55080.0,14
3807,23,29,11,64395.01407,483759.112,71550.01563,71550.0,419364.09793000005,2
3808,24,29,11,64395.01407,522005.104,71550.01563,71550.0,457610.08993,3
3809,25,29,11,64395.01407,446706.296,71550.01563,71550.0,382311.28193,3
3810,26,29,11,64395.01407,332618.072,71550.01563,71550.0,268223.05793,6
3811,27,29,11,64395.01407,134938.424,71550.01563,71550.0,70543.40993,7
3812,28,29,11,63360.0,0.0,70400.0,0.0,-63360.0,7
3813,29,29,11,58905.0,0.0,65450.0,0.0,-58905.0,8
3814,30,29,11,55080.0,0.0,61200.0,0.0,-55080.0,9
3815,31,29,11,55080.0,0.0,61200.0,0.0,-55080.0,10
3816,32,29,11,55080.0,0.0,61200.0,0.0,-55080.0,12
3817,33,29,11,55080.0,0.0,61200.0,0.0,-55080.0,13
3818,34,29,11,55080.0,0.0,61200.0,0.0,-55080.0,14
3819,23,30,11,64395.01407,390549.616,71550.01563,71550.0,326154.60193,3
3820,24,30,11,64395.01407,395061.64,71550.01563,71550.0,330666.62593000004,4
3821,25,30,11,64395.01407,331788.896,71550.01563,71550.0,267393.88193000003,6
3822,26,30,11,64395.01407,275904.7,71550.01563,71550.0,211509.68593,7
3823,27,30,11,64395.01407,206267.356,71550.01563,71550.0,141872.34193,7
3824,28,30,11,64395.01407,96501.34,71550.01563,71550.0,32106.32593,8
3825,29,30,11,64170.0,24103.128,71300.0,68900.0,-40066.872,9
3826,30,30,11,60165.0,0.0,66850.0,0.0,-60165.0,9
3827,31,30,11,55665.0,0.0,61850.0,0.0,-55665.0,11
3828,32,30,11,55080.0,0.0,61200.0,0.0,-55080.0,12
3829,33,30,11,55080.0,0.0,61200.0,0.0,-55080.0,14
3830,34,30,11,55080.0,0.0,61200.0,0.0,-55080.0,14
3831,6,31,11,55080.0,0.0,61200.0,0.0,-55080.0,14
3832,22,31,11,65043.00703,252946.4736,72270.00781,72270.0,187903.46657,3
3833,23,31,11,64692.01407,262440.68,71880.01563,71880.0,197748.66593,4
3834,24,31,11,64422.01407,314875.136,71580.01563,71580.0,250453.12193,6
3835,25,31,11,64395.01407,292804.988,71550.01563,71550.0,228409.97393,7
3836,26,31,11,64395.01407,238960.916,71550.01563,71550.0,174565.90193,7
3837,27,31,11,64395.01407,178831.236,71550.01563,71550.0,114436.22193,8
3838,28,31,11,64395.01407,192178.056,71550.01563,71550.0,127783.04193,9
3839,29,31,11,64395.01407,93277.392,71550.01563,71550.0,28882.37793000001,9
3840,30,31,11,64395.01407,0.0,71550.01563,0.0,-64395.01407,10
3841,31,31,11,62235.0,0.0,69150.0,0.0,-62235.0,11
3842,32,31,11,55665.0,0.0,61850.0,0.0,-55665.0,12
3843,33,31,11,55080.0,0.0,61200.0,0.0,-55080.0,14
3844,34,31,11,55080.0,0.0,61200.0,0.0,-55080.0,15
3845,35,31,11,55080.0,0.0,61200.0,0.0,-55080.0,15
3846,7,32,11,55080.0,0.0,61200.0,0.0,-55080.0,14
3847,21,32,11,65124.0,162342.08,72360.0,72360.0,97218.07999999999,4
3848,22,32,11,65124.0,181369.1216,72360.0,72360.0,116245.12160000001,4
3849,23,32,11,65124.0,291614.8224,72360.0,72360.0,226490.8224,6
3850,24,32,11,65097.0,321139.0352,72330.0,72330.0,256042.03519999998,7
3851,25,32,11,64908.00703,269710.1608,72120.00781,72120.0,204802.15377,7
3852,26,32,11,64638.01407,182601.5584,71820.01563,71820.0,117963.54433,8
3853,27,32,11,64197.0,125660.1368,71330.0,68930.0,61463.13679999999,9
3854,28,32,11,64395.01407,110863.068,71550.01563,71550.0,46468.05393,9
3855,29,32,11,64395.01407,39102.036,71550.01563,71550.0,-25292.978069999997,10
3856,30,32,11,62190.0,0.0,69100.0,0.0,-62190.0,11
3857,31,32,11,61200.0,0.0,68000.0,0.0,-61200.0,12
3858,32,32,11,55080.0,0.0,61200.0,0.0,-55080.0,13
3859,33,32,11,55080.0,0.0,61200.0,0.0,-55080.0,14
3860,34,32,11,55080.0,0.0,61200.0,0.0,-55080.0,15
3861,7,33,11,55080.0,0.0,61200.0,0.0,-55080.0,15
3862,8,33,11,55080.0,0.0,61200.0,0.0,-55080.0,14
3863,20,33,11,65124.0,154850.0064,72360.0,72360.0,89726.00640000001,7
3864,21,33,11,65124.0,138084.6448,72360.0,72360.0,72960.64480000001,7
3865,22,33,11,65124.0,158551.3776,72360.0,72360.0,93427.3776,7
3866,23,33,11,65124.0,187429.3952,72360.0,72360.0,122305.3952,7
3867,24,33,11,65124.0,154662.3328,72360.0,72360.0,89538.3328,8
3868,25,33,11,65124.0,121174.8128,72360.0,72360.0,56050.8128,8
3869,26,33,11,63252.0,95368.3328,70280.0,56280.0,32116.332800000004,9
3870,27,33,11,62226.0,97194.6488,69140.0,53540.0,34968.648799999995,9
3871,28,33,11,64719.00703,96061.1952,71910.00781,71910.0,31342.18817,10
3872,29,33,11,64422.01407,61529.7464,71580.01563,71580.0,-2892.267669999994,11
3873,30,33,11,64170.0,0.0,71300.0,0.0,-64170.0,12
3874,31,33,11,60075.0,0.0,66750.0,0.0,-60075.0,12
3875,32,33,11,55080.0,0.0,61200.0,0.0,-55080.0,13
3876,33,33,11,55080.0,0.0,61200.0,0.0,-55080.0,14
3877,34,33,11,55080.0,0.0,61200.0,0.0,-55080.0,15
3878,8,34,11,55080.0,0.0,61200.0,0.0,-55080.0,15
3879,9,34,11,55080.0,0.0,61200.0,0.0,-55080.0,14
3880,10,34,11,55080.0,0.0,61200.0,0.0,-55080.0,12
3881,18,34,11,65124.0,235186.24,72360.0,72360.0,170062.24,8
3882,19,34,11,65124.0,196762.5232,72360.0,72360.0,131638.5232,8
3883,20,34,11,65124.0,163204.5776,72360.0,72360.0,98080.57759999999,8
3884,21,34,11,65124.0,125526.9968,72360.0,72360.0,60402.99679999999,8
3885,22,34,11,65124.0,83671.9584,72360.0,72360.0,18547.958400000003,8
3886,23,34,11,65124.0,52717.744,72360.0,72360.0,-12406.256000000001,8
3887,24,34,11,63504.0,14031.6224,70560.0,58960.0,-49472.3776,9
3888,25,34,11,59040.0,3017.4656,65600.0,26800.0,-56022.5344,9
3889,26,34,11,55080.0,0.0,61200.0,0.0,-55080.0,9
3890,27,34,11,55080.0,0.0,61200.0,0.0,-55080.0,10
3891,28,34,11,60048.0,52338.0416,66720.0,37520.0,-7709.958400000003,11
3892,29,34,11,62001.0,43767.6976,68890.0,50890.0,-18233.3024,12
3893,30,34,11,62199.0,0.0,69110.0,0.0,-62199.0,12
3894,31,34,11,56277.0,0.0,62530.0,0.0,-56277.0,13
3895,32,34,11,55080.0,0.0,61200.0,0.0,-55080.0,14
3896,33,34,11,55080.0,0.0,61200.0,0.0,-55080.0,14
3897,34,34,11,55080.0,0.0,61200.0,0.0,-55080.0,15
3898,9,35,11,55080.0,0.0,61200.0,0.0,-55080.0,15
3899,10,35,11,55080.0,0.0,61200.0,0.0,-55080.0,14
3900,11,35,11,55080.0,0.0,61200.0,0.0,-55080.0,12
3901,12,35,11,55080.0,0.0,61200.0,0.0,-55080.0,10
3902,13,35,11,55080.0,0.0,61200.0,0.0,-55080.0,9
3903,14,35,11,55080.0,0.0,61200.0,0.0,-55080.0,9
3904,15,35,11,55080.0,0.0,61200.0,0.0,-55080.0,8
3905,16,35,11,55080.0,0.0,61200.0,0.0,-55080.0,8
3906,17,35,11,55080.0,0.0,61200.0,0.0,-55080.0,8
3907,18,35,11,58428.0,51083.2384,64920.0,24120.0,-7344.761599999998,8
3908,19,35,11,60048.0,63927.8128,66720.0,37520.0,3879.8127999999997,8
3909,20,35,11,61776.0,71072.0496,68640.0,48240.0,9296.049599999998,8
3910,21,35,11,61776.0,56885.4656,68640.0,48240.0,-4890.534399999997,8
3911,22,35,11,59544.0,33921.7248,66160.0,32160.0,-25622.275199999996,8
3912,23,35,11,58176.0,17928.3424,64640.0,21440.0,-40247.6576,9
3913,24,35,11,55080.0,0.0,61200.0,0.0,-55080.0,9
3914,25,35,11,55080.0,0.0,61200.0,0.0,-55080.0,9
3915,26,35,11,55080.0,0.0,61200.0,0.0,-55080.0,10
3916,27,35,11,55080.0,0.0,61200.0,0.0,-55080.0,11
3917,28,35,11,55080.0,0.0,61200.0,0.0,-55080.0,12
3918,29,35,11,55080.0,0.0,61200.0,0.0,-55080.0,12
3919,30,35,11,55080.0,0.0,61200.0,0.0,-55080.0,13
3920,31,35,11,55080.0,0.0,61200.0,0.0,-55080.0,14
3921,32,35,11,55080.0,0.0,61200.0,0.0,-55080.0,14
3922,33,35,11,55080.0,0.0,61200.0,0.0,-55080.0,15
3923,11,36,11,55080.0,0.0,61200.0,0.0,-55080.0,14
3924,12,36,11,55080.0,0.0,61200.0,0.0,-55080.0,12
3925,13,36,11,55080.0,0.0,61200.0,0.0,-55080.0,11
3926,14,36,11,55080.0,0.0,61200.0,0.0,-55080.0,10
3927,15,36,11,55080.0,0.0,61200.0,0.0,-55080.0,9
3928,16,36,11,55080.0,0.0,61200.0,0.0,-55080.0,9
3929,17,36,11,55080.0,0.0,61200.0,0.0,-55080.0,9
3930,18,36,11,55080.0,0.0,61200.0,0.0,-55080.0,9
3931,19,36,11,55080.0,0.0,61200.0,0.0,-55080.0,9
3932,20,36,11,55080.0,0.0,61200.0,0.0,-55080.0,9
3933,21,36,11,55080.0,0.0,61200.0,0.0,-55080.0,9
3934,22,36,11,55080.0,0.0,61200.0,0.0,-55080.0,9
3935,23,36,11,55080.0,0.0,61200.0,0.0,-55080.0,9
3936,24,36,11,55080.0,0.0,61200.0,0.0,-55080.0,10
3937,25,36,11,55080.0,0.0,61200.0,0.0,-55080.0,10
3938,26,36,11,55080.0,0.0,61200.0,0.0,-55080.0,11
3939,27,36,11,55080.0,0.0,61200.0,0.0,-55080.0,12
3940,28,36,11,55080.0,0.0,61200.0,0.0,-55080.0,12
3941,29,36,11,55080.0,0.0,61200.0,0.0,-55080.0,13
3942,30,36,11,55080.0,0.0,61200.0,0.0,-55080.0,14
3943,31,36,11,55080.0,0.0,61200.0,0.0,-55080.0,14
3944,32,36,11,55080.0,0.0,61200.0,0.0,-55080.0,15
3945,12,37,11,55080.0,0.0,61200.0,0.0,-55080.0,14
3946,13,37,11,55080.0,0.0,61200.0,0.0,-55080.0,13
3947,14,37,11,55080.0,0.0,61200.0,0.0,-55080.0,12
3948,15,37,11,55080.0,0.0,61200.0,0.0,-55080.0,10
3949,16,37,11,55080.0,0.0,61200.0,0.0,-55080.0,10
3950,17,37,11,55080.0,0.0,61200.0,0.0,-55080.0,10
3951,18,37,11,55080.0,0.0,61200.0,0.0,-55080.0,10
3952,19,37,11,55080.0,0.0,61200.0,0.0,-55080.0,10
3953,20,37,11,55080.0,0.0,61200.0,0.0,-55080.0,10
3954,21,37,11,55080.0,0.0,61200.0,0.0,-55080.0,10
3955,22,37,11,55080.0,0.0,61200.0,0.0,-55080.0,10
3956,23,37,11,55080.0,0.0,61200.0,0.0,-55080.0,10
3957,24,37,11,55080.0,0.0,61200.0,0.0,-55080.0,11
3958,25,37,11,55080.0,0.0,61200.0,0.0,-55080.0,12
3959,26,37,11,55080.0,0.0,61200.0,0.0,-55080.0,12
3960,27,37,11,55080.0,0.0,61200.0,0.0,-55080.0,13
3961,28,37,11,55080.0,0.0,61200.0,0.0,-55080.0,14
3962,29,37,11,55080.0,0.0,61200.0,0.0,-55080.0,14
3963,30,37,11,55080.0,0.0,61200.0,0.0,-55080.0,15
3964,14,38,11,55080.0,0.0,61200.0,0.0,-55080.0,14
3965,15,38,11,55080.0,0.0,61200.0,0.0,-55080.0,12
3966,16,38,11,55080.0,0.0,61200.0,0.0,-55080.0,12
3967,17,38,11,55080.0,0.0,61200.0,0.0,-55080.0,12
3968,18,38,11,55080.0,0.0,61200.0,0.0,-55080.0,12
3969,19,38,11,55080.0,0.0,61200.0,0.0,-55080.0,12
3970,20,38,11,55080.0,0.0,61200.0,0.0,-55080.0,12
3971,21,38,11,55080.0,0.0,61200.0,0.0,-55080.0,12
3972,22,38,11,55080.0,0.0,61200.0,0.0,-55080.0,12
3973,23,38,11,55080.0,0.0,61200.0,0.0,-55080.0,12
3974,24,38,11,55080.0,0.0,61200.0,0.0,-55080.0,12
3975,25,38,11,55080.0,0.0,61200.0,0.0,-55080.0,12
3976,26,38,11,55080.0,0.0,61200.0,0.0,-55080.0,14
3977,27,38,11,55080.0,0.0,61200.0,0.0,-55080.0,14
3978,28,38,11,55080.0,0.0,61200.0,0.0,-55080.0,15
3979,15,39,11,55080.0,0.0,61200.0,0.0,-55080.0,14
3980,16,39,11,55080.0,0.0,61200.0,0.0,-55080.0,14
3981,17,39,11,55080.0,0.0,61200.0,0.0,-55080.0,14
3982,18,39,11,55080.0,0.0,61200.0,0.0,-55080.0,14
3983,19,39,11,55080.0,0.0,61200.0,0.0,-55080.0,14
3984,20,39,11,55080.0,0.0,61200.0,0.0,-55080.0,14
3985,21,39,11,55080.0,0.0,61200.0,0.0,-55080.0,14
3986,22,39,11,55080.0,0.0,61200.0,0.0,-55080.0,14
3987,23,39,11,55080.0,0.0,61200.0,0.0,-55080.0,14
3988,24,39,11,55080.0,0.0,61200.0,0.0,-55080.0,14
3989,25,39,11,55080.0,0.0,61200.0,0.0,-55080.0,14
3990,30,22,12,55080.0,0.0,61200.0,0.0,-55080.0,7
3991,30,23,12,55080.0,0.0,61200.0,0.0,-55080.0,7
3992,31,23,12,55080.0,0.0,61200.0,0.0,-55080.0,8
3993,29,24,12,55080.0,0.0,61200.0,0.0,-55080.0,6
3994,30,24,12,55080.0,0.0,61200.0,0.0,-55080.0,7
3995,31,24,12,55080.0,0.0,61200.0,0.0,-55080.0,8
3996,32,24,12,55080.0,0.0,61200.0,0.0,-55080.0,9
3997,29,25,12,55080.0,0.0,61200.0,0.0,-55080.0,6
3998,30,25,12,55080.0,0.0,61200.0,0.0,-55080.0,7
3999,31,25,12,55080.0,0.0,61200.0,0.0,-55080.0,8
4000,32,25,12,55080.0,0.0,61200.0,0.0,-55080.0,9
4001,33,25,12,55080.0,0.0,61200.0,0.0,-55080.0,10
4002,28,26,12,63360.0,0.0,70400.0,0.0,-63360.0,6
4003,29,26,12,55080.0,0.0,61200.0,0.0,-55080.0,7
4004,30,26,12,55080.0,0.0,61200.0,0.0,-55080.0,7
4005,31,26,12,55080.0,0.0,61200.0,0.0,-55080.0,9
4006,32,26,12,55080.0,0.0,61200.0,0.0,-55080.0,9
4007,33,26,12,55080.0,0.0,61200.0,0.0,-55080.0,11
4008,34,26,12,55080.0,0.0,61200.0,0.0,-55080.0,12
4009,4,27,12,55080.0,0.0,61200.0,0.0,-55080.0,14
4010,27,27,12,63864.0,0.0,70960.0,0.0,-63864.0,4
4011,28,27,12,58536.0,0.0,65040.0,0.0,-58536.0,6
4012,29,27,12,55080.0,0.0,61200.0,0.0,-55080.0,7
4013,30,27,12,55080.0,0.0,61200.0,0.0,-55080.0,8
4014,31,27,12,55080.0,0.0,61200.0,0.0,-55080.0,9
4015,32,27,12,55080.0,0.0,61200.0,0.0,-55080.0,10
4016,33,27,12,55080.0,0.0,61200.0,0.0,-55080.0,11
4017,34,27,12,55080.0,0.0,61200.0,0.0,-55080.0,12
4018,4,28,12,55080.0,0.0,61200.0,0.0,-55080.0,14
4019,26,28,12,64422.01407,273257.3456,71580.01563,71580.0,208835.33153,3
4020,27,28,12,62478.0,31042.1592,69420.0,50620.0,-31435.8408,4
4021,28,28,12,55080.0,0.0,61200.0,0.0,-55080.0,6
4022,29,28,12,55080.0,0.0,61200.0,0.0,-55080.0,7
4023,30,28,12,55080.0,0.0,61200.0,0.0,-55080.0,8
4024,31,28,12,55080.0,0.0,61200.0,0.0,-55080.0,9
4025,32,28,12,55080.0,0.0,61200.0,0.0,-55080.0,10
4026,33,28,12,55080.0,0.0,61200.0,0.0,-55080.0,11
4027,34,28,12,55080.0,0.0,61200.0,0.0,-55080.0,12
4028,35,28,12,55080.0,0.0,61200.0,0.0,-55080.0,14
4029,4,29,12,55080.0,0.0,61200.0,0.0,-55080.0,14
4030,25,29,12,64395.01407,420109.064,71550.01563,71550.0,355714.04993000004,3
4031,26,29,12,64395.01407,332617.096,71550.01563,71550.0,268222.08193000004,3
4032,27,29,12,64170.0,187823.236,71300.0,68900.0,123653.236,4
4033,28,29,12,59940.0,14780.004,66600.0,31800.0,-45159.996,6
4034,29,29,12,55080.0,0.0,61200.0,0.0,-55080.0,7
4035,30,29,12,55080.0,0.0,61200.0,0.0,-55080.0,8
4036,31,29,12,55080.0,0.0,61200.0,0.0,-55080.0,9
4037,32,29,12,55080.0,0.0,61200.0,0.0,-55080.0,10
4038,33,29,12,55080.0,0.0,61200.0,0.0,-55080.0,12
4039,34,29,12,55080.0,0.0,61200.0,0.0,-55080.0,13
4040,35,29,12,55080.0,0.0,61200.0,0.0,-55080.0,14
4041,4,30,12,55080.0,0.0,61200.0,0.0,-55080.0,15
4042,24,30,12,64395.01407,361060.204,71550.01563,71550.0,296665.18993000005,3
4043,25,30,12,64395.01407,313671.976,71550.01563,71550.0,249276.96193000002,3
4044,26,30,12,64395.01407,267248.6,71550.01563,71550.0,202853.58592999997,4
4045,27,30,12,64395.01407,206909.328,71550.01563,71550.0,142514.31393,6
4046,28,30,12,64395.01407,102794.984,71550.01563,71550.0,38399.96993,7
4047,29,30,12,61425.0,14194.884,68250.0,45050.0,-47230.116,8
4048,30,30,12,55665.0,0.0,61850.0,0.0,-55665.0,9
4049,31,30,12,55080.0,0.0,61200.0,0.0,-55080.0,9
4050,32,30,12,55080.0,0.0,61200.0,0.0,-55080.0,11
4051,33,30,12,55080.0,0.0,61200.0,0.0,-55080.0,12
4052,34,30,12,55080.0,0.0,61200.0,0.0,-55080.0,14
4053,35,30,12,55080.0,0.0,61200.0,0.0,-55080.0,14
4054,5,31,12,55080.0,0.0,61200.0,0.0,-55080.0,14
4055,24,31,12,64395.01407,228582.176,71550.01563,71550.0,164187.16193,3
4056,25,31,12,64395.01407,245282.964,71550.01563,71550.0,180887.94993,4
4057,26,31,12,64395.01407,204369.692,71550.01563,71550.0,139974.67793,6
4058,27,31,12,64395.01407,175695.572,71550.01563,71550.0,111300.55792999998,7
4059,28,31,12,64395.01407,139458.264,71550.01563,71550.0,75063.24992999999,8
4060,29,31,12,64395.01407,8465.944,71550.01563,71550.0,-55929.07007,9
4061,30,31,12,62370.0,0.0,69300.0,0.0,-62370.0,9
4062,31,31,12,55665.0,0.0,61850.0,0.0,-55665.0,10
4063,32,31,12,55080.0,0.0,61200.0,0.0,-55080.0,11
4064,33,31,12,55080.0,0.0,61200.0,0.0,-55080.0,12
4065,34,31,12,55080.0,0.0,61200.0,0.0,-55080.0,14
4066,35,31,12,55080.0,0.0,61200.0,0.0,-55080.0,15
4067,36,31,12,55080.0,0.0,61200.0,0.0,-55080.0,15
4068,5,32,12,55080.0,0.0,61200.0,0.0,-55080.0,14
4069,23,32,12,65097.0,158138.4336,72330.0,72330.0,93041.43359999999,4
4070,24,32,12,64404.0,160031.1784,71560.0,66760.0,95627.1784,4
4071,25,32,12,64665.01407,205692.1472,71850.01563,71850.0,141027.13313,6
4072,26,32,12,63972.0,75663.384,71080.0,66280.0,11691.384000000005,7
4073,27,32,12,64170.0,102681.528,71300.0,68900.0,38511.528000000006,8
4074,28,32,12,64395.01407,64664.664,71550.01563,71550.0,269.6499299999996,9
4075,29,32,12,64395.01407,0.0,71550.01563,0.0,-64395.01407,9
4076,30,32,12,62595.0,0.0,69550.0,0.0,-62595.0,10
4077,31,32,12,56250.0,0.0,62500.0,0.0,-56250.0,10
4078,32,32,12,55080.0,0.0,61200.0,0.0,-55080.0,12
4079,33,32,12,55080.0,0.0,61200.0,0.0,-55080.0,13
4080,34,32,12,55080.0,0.0,61200.0,0.0,-55080.0,14
4081,35,32,12,55080.0,0.0,61200.0,0.0,-55080.0,15
4082,6,33,12,55080.0,0.0,61200.0,0.0,-55080.0,14
4083,22,33,12,65124.0,33610.7152,72360.0,72360.0,-31513.2848,4
4084,23,33,12,65124.0,77682.52,72360.0,72360.0,12558.520000000004,6
4085,24,33,12,64620.0,67540.0288,71800.0,67000.0,2920.0288,7
4086,25,33,12,64872.0,56870.6752,72080.0,69680.0,-8001.324800000002,7
4087,26,33,12,62865.0,55773.9088,69850.0,56250.0,-7091.091200000003,8
4088,27,33,12,64215.0,82675.8296,71350.0,69350.0,18460.829599999997,9
4089,28,33,12,64476.01407,59271.592,71640.01563,71640.0,-5204.4220700000005,9
4090,29,33,12,64395.01407,12070.008,71550.01563,71550.0,-52325.006069999996,10
4091,30,33,12,59940.0,0.0,66600.0,0.0,-59940.0,10
4092,31,33,12,55080.0,0.0,61200.0,0.0,-55080.0,11
4093,32,33,12,55080.0,0.0,61200.0,0.0,-55080.0,12
4094,33,33,12,55080.0,0.0,61200.0,0.0,-55080.0,13
4095,34,33,12,55080.0,0.0,61200.0,0.0,-55080.0,14
4096,35,33,12,55080.0,0.0,61200.0,0.0,-55080.0,15
4097,7,34,12,55080.0,0.0,61200.0,0.0,-55080.0,14
4098,8,34,12,55080.0,0.0,61200.0,0.0,-55080.0,12
4099,20,34,12,65124.0,53688.448,72360.0,72360.0,-11435.552000000003,7
4100,21,34,12,65124.0,39961.7168,72360.0,72360.0,-25162.283199999998,7
4101,22,34,12,65124.0,45050.9296,72360.0,72360.0,-20073.070399999997,7
4102,23,34,12,65124.0,22176.6784,72360.0,72360.0,-42947.321599999996,7
4103,24,34,12,59652.0,0.0,66280.0,0.0,-59652.0,7
4104,25,34,12,58176.0,0.0,64640.0,0.0,-58176.0,8
4105,26,34,12,55584.0,2502.6912,61760.0,5360.0,-53081.3088,9
4106,27,34,12,57708.0,26312.6688,64120.0,24120.0,-31395.3312,9
4107,28,34,12,63621.0,45436.8928,70690.0,64290.0,-18184.1072,10
4108,29,34,12,64827.01407,3750.0296,72030.01563,72030.0,-61076.984469999996,10
4109,30,34,12,58176.0,0.0,64640.0,0.0,-58176.0,11
4110,31,34,12,55080.0,0.0,61200.0,0.0,-55080.0,12
4111,32,34,12,55080.0,0.0,61200.0,0.0,-55080.0,13
4112,33,34,12,55080.0,0.0,61200.0,0.0,-55080.0,14
4113,34,34,12,55080.0,0.0,61200.0,0.0,-55080.0,14
4114,35,34,12,55080.0,0.0,61200.0,0.0,-55080.0,15
4115,8,35,12,55080.0,0.0,61200.0,0.0,-55080.0,14
4116,9,35,12,55080.0,0.0,61200.0,0.0,-55080.0,12
4117,10,35,12,55080.0,0.0,61200.0,0.0,-55080.0,12
4118,18,35,12,60300.0,30939.4208,67000.0,40200.0,-29360.5792,8
4119,19,35,12,61776.0,30510.192,68640.0,48240.0,-31265.808,8
4120,20,35,12,61776.0,26258.2112,68640.0,48240.0,-35517.788799999995,8
4121,21,35,12,61272.0,21349.3088,68080.0,42880.0,-39922.6912,8
4122,22,35,12,61164.0,13190.96,67960.0,45560.0,-47973.04,8
4123,23,35,12,59436.0,4339.0272,66040.0,34840.0,-55096.9728,8
4124,24,35,12,56592.0,0.0,62880.0,0.0,-56592.0,8
4125,25,35,12,55080.0,0.0,61200.0,0.0,-55080.0,9
4126,26,35,12,55080.0,0.0,61200.0,0.0,-55080.0,9
4127,27,35,12,55080.0,0.0,61200.0,0.0,-55080.0,10
4128,28,35,12,55332.0,0.0,61480.0,0.0,-55332.0,10
4129,29,35,12,56844.0,0.0,63160.0,0.0,-56844.0,11
4130,30,35,12,57060.0,0.0,63400.0,0.0,-57060.0,12
4131,31,35,12,55080.0,0.0,61200.0,0.0,-55080.0,13
4132,32,35,12,55080.0,0.0,61200.0,0.0,-55080.0,14
4133,33,35,12,55080.0,0.0,61200.0,0.0,-55080.0,14
4134,34,35,12,55080.0,0.0,61200.0,0.0,-55080.0,15
4135,9,36,12,55080.0,0.0,61200.0,0.0,-55080.0,14
4136,10,36,12,55080.0,0.0,61200.0,0.0,-55080.0,12
4137,11,36,12,55080.0,0.0,61200.0,0.0,-55080.0,11
4138,12,36,12,55080.0,0.0,61200.0,0.0,-55080.0,10
4139,13,36,12,55080.0,0.0,61200.0,0.0,-55080.0,9
4140,14,36,12,55080.0,0.0,61200.0,0.0,-55080.0,8
4141,15,36,12,55080.0,0.0,61200.0,0.0,-55080.0,8
4142,16,36,12,55080.0,0.0,61200.0,0.0,-55080.0,8
4143,17,36,12,55080.0,0.0,61200.0,0.0,-55080.0,8
4144,18,36,12,55080.0,0.0,61200.0,0.0,-55080.0,8
4145,19,36,12,55080.0,0.0,61200.0,0.0,-55080.0,8
4146,20,36,12,55080.0,0.0,61200.0,0.0,-55080.0,8
4147,21,36,12,55080.0,0.0,61200.0,0.0,-55080.0,8
4148,22,36,12,55080.0,0.0,61200.0,0.0,-55080.0,8
4149,23,36,12,55080.0,0.0,61200.0,0.0,-55080.0,9
4150,24,36,12,55080.0,0.0,61200.0,0.0,-55080.0,9
4151,25,36,12,55080.0,0.0,61200.0,0.0,-55080.0,9
4152,26,36,12,55080.0,0.0,61200.0,0.0,-55080.0,10
4153,27,36,12,55080.0,0.0,61200.0,0.0,-55080.0,10
4154,28,36,12,55080.0,0.0,61200.0,0.0,-55080.0,11
4155,29,36,12,55080.0,0.0,61200.0,0.0,-55080.0,12
4156,30,36,12,55080.0,0.0,61200.0,0.0,-55080.0,13
4157,31,36,12,55080.0,0.0,61200.0,0.0,-55080.0,14
4158,32,36,12,55080.0,0.0,61200.0,0.0,-55080.0,14
4159,33,36,12,55080.0,0.0,61200.0,0.0,-55080.0,15
4160,10,37,12,55080.0,0.0,61200.0,0.0,-55080.0,15
4161,11,37,12,55080.0,0.0,61200.0,0.0,-55080.0,13
4162,12,37,12,55080.0,0.0,61200.0,0.0,-55080.0,12
4163,13,37,12,55080.0,0.0,61200.0,0.0,-55080.0,10
4164,14,37,12,55080.0,0.0,61200.0,0.0,-55080.0,9
4165,15,37,12,55080.0,0.0,61200.0,0.0,-55080.0,9
4166,16,37,12,55080.0,0.0,61200.0,0.0,-55080.0,9
4167,17,37,12,55080.0,0.0,61200.0,0.0,-55080.0,9
4168,18,37,12,55080.0,0.0,61200.0,0.0,-55080.0,9
4169,19,37,12,55080.0,0.0,61200.0,0.0,-55080.0,9
4170,20,37,12,55080.0,0.0,61200.0,0.0,-55080.0,9
4171,21,37,12,55080.0,0.0,61200.0,0.0,-55080.0,9
4172,22,37,12,55080.0,0.0,61200.0,0.0,-55080.0,9
4173,23,37,12,55080.0,0.0,61200.0,0.0,-55080.0,9
4174,24,37,12,55080.0,0.0,61200.0,0.0,-55080.0,9
4175,25,37,12,55080.0,0.0,61200.0,0.0,-55080.0,10
4176,26,37,12,55080.0,0.0,61200.0,0.0,-55080.0,11
4177,27,37,12,55080.0,0.0,61200.0,0.0,-55080.0,12
4178,28,37,12,55080.0,0.0,61200.0,0.0,-55080.0,12
4179,29,37,12,55080.0,0.0,61200.0,0.0,-55080.0,13
4180,30,37,12,55080.0,0.0,61200.0,0.0,-55080.0,14
4181,31,37,12,55080.0,0.0,61200.0,0.0,-55080.0,14
4182,32,37,12,55080.0,0.0,61200.0,0.0,-55080.0,15
4183,12,38,12,55080.0,0.0,61200.0,0.0,-55080.0,14
4184,13,38,12,55080.0,0.0,61200.0,0.0,-55080.0,12
4185,14,38,12,55080.0,0.0,61200.0,0.0,-55080.0,11
4186,15,38,12,55080.0,0.0,61200.0,0.0,-55080.0,10
4187,16,38,12,55080.0,0.0,61200.0,0.0,-55080.0,10
4188,17,38,12,55080.0,0.0,61200.0,0.0,-55080.0,10
4189,18,38,12,55080.0,0.0,61200.0,0.0,-55080.0,10
4190,19,38,12,55080.0,0.0,61200.0,0.0,-55080.0,10
4191,20,38,12,55080.0,0.0,61200.0,0.0,-55080.0,10
4192,21,38,12,55080.0,0.0,61200.0,0.0,-55080.0,10
4193,22,38,12,55080.0,0.0,61200.0,0.0,-55080.0,10
4194,23,38,12,55080.0,0.0,61200.0,0.0,-55080.0,10
4195,24,38,12,55080.0,0.0,61200.0,0.0,-55080.0,10
4196,25,38,12,55080.0,0.0,61200.0,0.0,-55080.0,11
4197,26,38,12,55080.0,0.0,61200.0,0.0,-55080.0,12
4198,27,38,12,55080.0,0.0,61200.0,0.0,-55080.0,12
4199,28,38,12,55080.0,0.0,61200.0,0.0,-55080.0,13
4200,29,38,12,55080.0,0.0,61200.0,0.0,-55080.0,14
4201,30,38,12,55080.0,0.0,61200.0,0.0,-55080.0,14
4202,13,39,12,55080.0,0.0,61200.0,0.0,-55080.0,14
4203,14,39,12,55080.0,0.0,61200.0,0.0,-55080.0,13
4204,15,39,12,55080.0,0.0,61200.0,0.0,-55080.0,12
4205,16,39,12,55080.0,0.0,61200.0,0.0,-55080.0,12
4206,17,39,12,55080.0,0.0,61200.0,0.0,-55080.0,12
4207,18,39,12,55080.0,0.0,61200.0,0.0,-55080.0,12
4208,19,39,12,55080.0,0.0,61200.0,0.0,-55080.0,12
4209,20,39,12,55080.0,0.0,61200.0,0.0,-55080.0,12
4210,21,39,12,55080.0,0.0,61200.0,0.0,-55080.0,12
4211,22,39,12,55080.0,0.0,61200.0,0.0,-55080.0,12
4212,23,39,12,55080.0,0.0,61200.0,0.0,-55080.0,12
4213,24,39,12,55080.0,0.0,61200.0,0.0,-55080.0,12
4214,25,39,12,55080.0,0.0,61200.0,0.0,-55080.0,12
4215,26,39,12,55080.0,0.0,61200.0,0.0,-55080.0,14
4216,27,39,12,55080.0,0.0,61200.0,0.0,-55080.0,14
4217,28,39,12,55080.0,0.0,61200.0,0.0,-55080.0,14
4218,29,39,12,55080.0,0.0,61200.0,0.0,-55080.0,15
4219,15,40,12,55080.0,0.0,61200.0,0.0,-55080.0,14
4220,16,40,12,55080.0,0.0,61200.0,0.0,-55080.0,14
4221,17,40,12,55080.0,0.0,61200.0,0.0,-55080.0,14
4222,18,40,12,55080.0,0.0,61200.0,0.0,-55080.0,14
4223,19,40,12,55080.0,0.0,61200.0,0.0,-55080.0,14
4224,20,40,12,55080.0,0.0,61200.0,0.0,-55080.0,14
4225,21,40,12,55080.0,0.0,61200.0,0.0,-55080.0,14
4226,22,40,12,55080.0,0.0,61200.0,0.0,-55080.0,14
4227,23,40,12,55080.0,0.0,61200.0,0.0,-55080.0,14
4228,24,40,12,55080.0,0.0,61200.0,0.0,-55080.0,14
4229,25,40,12,55080.0,0.0,61200.0,0.0,-55080.0,14
4230,26,40,12,55080.0,0.0,61200.0,0.0,-55080.0,15
4231,33,24,13,43578.0,0.0,48420.0,0.0,-43578.0,9
4232,33,25,13,46719.0,0.0,51910.0,0.0,-46719.0,9
4233,34,25,13,43713.0,0.0,48570.0,0.0,-43713.0,10
4234,33,26,13,49986.0,0.0,55540.0,0.0,-49986.0,9
4235,34,26,13,46332.0,0.0,51480.0,0.0,-46332.0,11
4236,35,26,13,46890.0,0.0,52100.0,0.0,-46890.0,12
4237,33,27,13,53253.0,0.0,59170.0,0.0,-53253.0,10
4238,34,27,13,50598.0,0.0,56220.0,0.0,-50598.0,11
4239,35,27,13,50292.0,0.0,55880.0,0.0,-50292.0,12
4240,36,27,13,51660.0,0.0,57400.0,0.0,-51660.0,14
4241,33,28,13,55917.0,0.0,62130.0,0.0,-55917.0,10
4242,34,28,13,54621.0,0.0,60690.0,0.0,-54621.0,11
4243,35,28,13,53874.0,0.0,59860.0,0.0,-53874.0,12
4244,36,28,13,53559.0,0.0,59510.0,0.0,-53559.0,14
4245,33,29,13,57213.0,0.0,63570.0,0.0,-57213.0,10
4246,34,29,13,55440.0,0.0,61600.0,0.0,-55440.0,12
4247,35,29,13,54756.0,0.0,60840.0,0.0,-54756.0,13
4248,36,29,13,53118.0,0.0,59020.0,0.0,-53118.0,14
4249,33,30,13,56673.0,0.0,62970.0,0.0,-56673.0,11
4250,34,30,13,54927.0,0.0,61030.0,0.0,-54927.0,12
4251,35,30,13,54378.0,0.0,60420.0,0.0,-54378.0,14
4252,36,30,13,52794.0,0.0,58660.0,0.0,-52794.0,14
4253,33,31,13,55269.0,0.0,61410.0,0.0,-55269.0,11
4254,34,31,13,54225.0,0.0,60250.0,0.0,-54225.0,12
4255,35,31,13,55269.0,0.0,61410.0,0.0,-55269.0,14
4256,36,31,13,56691.0,0.0,62990.0,0.0,-56691.0,15
4257,37,31,13,57762.0,0.0,64180.0,0.0,-57762.0,15
4258,33,32,13,54198.0,0.0,60220.0,0.0,-54198.0,12
4259,34,32,13,56070.0,0.0,62300.0,0.0,-56070.0,13
4260,35,32,13,58041.0,0.0,64490.0,0.0,-58041.0,14
4261,36,32,13,58320.0,0.0,64800.0,0.0,-58320.0,15
4262,32,33,13,54441.0,0.0,60490.0,0.0,-54441.0,11
4263,33,33,13,56358.0,0.0,62620.0,0.0,-56358.0,12
4264,34,33,13,58212.0,0.0,64680.0,0.0,-58212.0,13
4265,35,33,13,58320.0,0.0,64800.0,0.0,-58320.0,14
4266,36,33,13,58320.0,0.0,64800.0,0.0,-58320.0,15
4267,32,34,13,56808.0,0.0,63120.0,0.0,-56808.0,12
4268,33,34,13,58239.0,0.0,64710.0,0.0,-58239.0,12
4269,34,34,13,58320.0,0.0,64800.0,0.0,-58320.0,14
4270,35,34,13,58320.0,0.0,64800.0,0.0,-58320.0,14
4271,36,34,13,58320.0,0.0,64800.0,0.0,-58320.0,15
4272,32,35,13,56160.0,0.0,62400.0,0.0,-56160.0,12
4273,33,35,13,57492.0,0.0,63880.0,0.0,-57492.0,13
4274,34,35,13,58320.0,0.0,64800.0,0.0,-58320.0,14
4275,35,35,13,58320.0,0.0,64800.0,0.0,-58320.0,15
4276,36,35,13,58320.0,0.0,64800.0,0.0,-58320.0,15
4277,32,36,13,51480.0,0.0,57200.0,0.0,-51480.0,13
4278,33,36,13,54531.0,0.0,60590.0,0.0,-54531.0,14
4279,34,36,13,56889.0,0.0,63210.0,0.0,-56889.0,15
4280,35,36,13,55881.0,0.0,62090.0,0.0,-55881.0,15
4281,32,37,13,49680.0,0.0,55200.0,0.0,-49680.0,14
4282,33,37,13,46800.0,0.0,52000.0,0.0,-46800.0,15
4283,34,37,13,48348.0,0.0,53720.0,0.0,-48348.0,15
4284,32,38,13,44955.0,0.0,49950.0,0.0,-44955.0,15
4285,14,28,4,65124.0,433717.328,72360.0,72360.0,368593.328,14
4286,13,28,5,65124.0,469885.864,72360.0,72360.0,404761.864,12
4287,11,28,6,65124.0,355525.168,72360.0,72360.0,290401.168,14
4288,21,25,7,64395.01407,943994.456,71550.01563,71550.0,879599.44193,2
4289,22,25,7,64395.01407,830608.6,71550.01563,71550.0,766213.58593,3
4290,23,25,7,64395.01407,662292.608,71550.01563,71550.0,597897.59393,4
4291,24,25,7,64395.01407,786672.528,71550.01563,71550.0,722277.51393,6
4292,20,26,7,65016.00703,1233684.096,72240.00781,72240.0,1168668.08897,2
4293,21,26,7,64611.01407,889366.312,71790.01563,71790.0,824755.29793,3
4294,22,26,7,64395.01407,726765.32,71550.01563,71550.0,662370.3059299999,3
4295,23,26,7,64395.01407,778426.384,71550.01563,71550.0,714031.3699299999,6
4296,24,26,7,64395.01407,808776.352,71550.01563,71550.0,744381.3379299999,7
4297,25,26,7,64395.01407,708276.184,71550.01563,71550.0,643881.16993,7
4298,26,26,7,64395.01407,541513.352,71550.01563,71550.0,477118.33793,9
4299,20,27,7,65124.0,1328906.696,72360.0,72360.0,1263782.696,3
4300,21,27,7,65070.0,906666.336,72300.0,72300.0,841596.336,3
4301,22,27,7,64800.01407,764003.688,72000.01563,72000.0,699203.6739299999,4
4302,23,27,7,64449.01407,879120.184,71610.01563,71610.0,814671.16993,6
4303,24,27,7,64395.01407,807953.92,71550.01563,71550.0,743558.90593,7
4304,25,27,7,64395.01407,629190.384,71550.01563,71550.0,564795.3699299999,8
4305,26,27,7,64395.01407,479815.912,71550.01563,71550.0,415420.89793000004,9
4306,27,27,7,64395.01407,292518.94,71550.01563,71550.0,228123.92593,10
4307,28,27,7,64449.01407,0.0,71610.01563,0.0,-64449.01407,11
4308,19,28,7,65124.0,1156745.128,72360.0,72360.0,1091621.128,4
4309,20,28,7,65124.0,1074174.776,72360.0,72360.0,1009050.7760000001,4
4310,21,28,7,65124.0,833518.296,72360.0,72360.0,768394.296,4
4311,22,28,7,65124.0,763215.632,72360.0,72360.0,698091.632,6
4312,23,28,7,64989.00703,822615.296,72210.00781,72210.0,757626.28897,7
4313,24,28,7,64584.01407,742869.52,71760.01563,71760.0,678285.50593,8
4314,25,28,7,64395.01407,628595.752,71550.01563,71550.0,564200.73793,9
4315,26,28,7,64395.01407,550897.78,71550.01563,71550.0,486502.76593000005,9
4316,27,28,7,64395.01407,329119.264,71550.01563,71550.0,264724.24993000005,10
4317,28,28,7,64395.01407,89628.596,71550.01563,71550.0,25233.581930000008,12
4318,29,28,7,64422.01407,5985.724,71580.01563,71580.0,-58436.290069999995,13
4319,10,29,7,65124.0,160302.368,72360.0,72360.0,95178.36799999999,14
4320,18,29,7,65124.0,908136.656,72360.0,72360.0,843012.656,7
4321,19,29,7,65124.0,977030.32,72360.0,72360.0,911906.32,7
4322,20,29,7,65124.0,866143.48,72360.0,72360.0,801019.48,7
4323,21,29,7,65124.0,705027.024,72360.0,72360.0,639903.024,7
4324,22,29,7,65124.0,687760.416,72360.0,72360.0,622636.416,7
4325,23,29,7,65124.0,831982.296,72360.0,72360.0,766858.296,8
4326,24,29,7,65097.0,717071.2,72330.0,72330.0,651974.2,9
4327,25,29,7,64665.01407,638628.944,71850.01563,71850.0,573963.92993,9
4328,26,29,7,64395.01407,544561.672,71550.01563,71550.0,480166.65793000004,10
4329,27,29,7,64395.01407,365314.236,71550.01563,71550.0,300919.22193,11
4330,28,29,7,64395.01407,204454.664,71550.01563,71550.0,140059.64992999999,12
4331,29,29,7,64395.01407,117476.796,71550.01563,71550.0,53081.781930000005,13
4332,11,30,7,65124.0,99865.4784,72360.0,72360.0,34741.47840000001,14
4333,12,30,7,65124.0,214544.496,72360.0,72360.0,149420.496,12
4334,16,30,7,65124.0,573950.632,72360.0,72360.0,508826.632,8
4335,17,30,7,65124.0,666212.728,72360.0,72360.0,601088.728,8
4336,18,30,7,65124.0,827952.76,72360.0,72360.0,762828.76,8
4337,19,30,7,65124.0,788407.216,72360.0,72360.0,723283.216,8
4338,20,30,7,65124.0,684482.008,72360.0,72360.0,619358.008,8
4339,21,30,7,65124.0,509477.88,72360.0,72360.0,444353.88,8
4340,22,30,7,65124.0,469145.312,72360.0,72360.0,404021.312,8
4341,23,30,7,65124.0,687913.6,72360.0,72360.0,622789.6,9
4342,24,30,7,65124.0,762343.592,72360.0,72360.0,697219.592,9
4343,25,30,7,65097.0,714069.248,72330.0,72330.0,648972.248,10
4344,26,30,7,64665.01407,567863.648,71850.01563,71850.0,503198.63393000007,10
4345,27,30,7,64395.01407,427278.776,71550.01563,71550.0,362883.76193000004,11
4346,28,30,7,64395.01407,305399.276,71550.01563,71550.0,241004.26193,12
4347,29,30,7,64395.01407,144471.44,71550.01563,71550.0,80076.42593,14
4348,30,30,7,64395.01407,207974.324,71550.01563,71550.0,143579.30993,14
4349,12,31,7,65124.0,0.0,72360.0,0.0,-65124.0,14
4350,13,31,7,65124.0,5696.608,72360.0,72360.0,-59427.392,12
4351,14,31,7,63648.0,7436.464,70720.0,64320.0,-56211.536,12
4352,15,31,7,65124.0,150452.2528,72360.0,72360.0,85328.25279999999,9
4353,16,31,7,65124.0,492803.776,72360.0,72360.0,427679.776,9
4354,17,31,7,65124.0,585711.112,72360.0,72360.0,520587.11199999996,8
4355,18,31,7,65124.0,703867.824,72360.0,72360.0,638743.824,8
4356,19,31,7,65124.0,726592.4,72360.0,72360.0,661468.4,8
4357,20,31,7,65124.0,635097.984,72360.0,72360.0,569973.984,8
4358,21,31,7,65124.0,488764.944,72360.0,72360.0,423640.944,8
4359,22,31,7,65124.0,407006.24,72360.0,72360.0,341882.24,9
4360,23,31,7,65124.0,535566.616,72360.0,72360.0,470442.61600000004,9
4361,24,31,7,65124.0,649814.512,72360.0,72360.0,584690.512,10
4362,25,31,7,65124.0,617676.744,72360.0,72360.0,552552.744,10
4363,26,31,7,65097.0,526664.908,72330.0,72330.0,461567.90800000005,11
4364,27,31,7,64908.00703,417440.076,72120.00781,72120.0,352532.06897,12
4365,28,31,7,64611.01407,394382.956,71790.01563,71790.0,329771.94193000003,13
4366,29,31,7,64395.01407,324446.444,71550.01563,71550.0,260051.42993,14
4367,30,31,7,64395.01407,349025.3,71550.01563,71550.0,284630.28593,15
4368,31,31,7,64395.01407,313837.52,71550.01563,71550.0,249442.50593,15
4369,13,32,7,56448.0,805.2864,62720.0,10720.0,-55642.7136,14
4370,14,32,7,55584.0,1347.0752,61760.0,5360.0,-54236.9248,12
4371,15,32,7,63036.0,160774.0544,70040.0,61640.0,97738.0544,11
4372,16,32,7,65124.0,438830.896,72360.0,72360.0,373706.896,10
4373,17,32,7,65124.0,495863.56,72360.0,72360.0,430739.56,9
4374,18,32,7,65124.0,543405.64,72360.0,72360.0,478281.64,9
4375,19,32,7,65124.0,612319.8,72360.0,72360.0,547195.8,9
4376,20,32,7,65124.0,592303.528,72360.0,72360.0,527179.528,9
4377,21,32,7,65124.0,577952.472,72360.0,72360.0,512828.47199999995,9
4378,22,32,7,65124.0,533699.704,72360.0,72360.0,468575.704,9
4379,23,32,7,65124.0,442270.768,72360.0,72360.0,377146.768,10
4380,24,32,7,65124.0,431281.104,72360.0,72360.0,366157.104,10
4381,25,32,7,65124.0,333977.424,72360.0,72360.0,268853.424,12
4382,26,32,7,65124.0,225208.88,72360.0,72360.0,160084.88,12
4383,27,32,7,59184.0,88870.192,65760.0,32160.0,29686.191999999995,13
4384,28,32,7,62424.0,153371.072,69360.0,58960.0,90947.07199999999,14
4385,29,32,7,64935.00703,205283.468,72150.00781,72150.0,140348.46097,14
4386,30,32,7,64476.01407,348002.916,71640.01563,71640.0,283526.90193000005,15
4387,14,33,7,55080.0,0.0,61200.0,0.0,-55080.0,15
4388,15,33,7,55836.0,29430.688,62040.0,8040.0,-26405.312,13
4389,16,33,7,59436.0,216052.384,66040.0,34840.0,156616.384,12
4390,17,33,7,63036.0,411005.008,70040.0,61640.0,347969.008,10
4391,18,33,7,65124.0,492352.416,72360.0,72360.0,427228.416,10
4392,19,33,7,65124.0,567497.96,72360.0,72360.0,502373.95999999996,10
4393,20,33,7,65124.0,579738.44,72360.0,72360.0,514614.43999999994,10
4394,21,33,7,65124.0,577820.608,72360.0,72360.0,512696.608,10
4395,22,33,7,65124.0,493882.328,72360.0,72360.0,428758.328,10
4396,23,33,7,65124.0,339099.856,72360.0,72360.0,273975.856,11
4397,24,33,7,65124.0,274557.856,72360.0,72360.0,209433.85600000003,12
4398,25,33,7,62532.0,202921.4304,69480.0,56280.0,140389.4304,12
4399,26,33,7,58068.0,73922.976,64520.0,24120.0,15854.975999999995,13
4400,27,33,7,55080.0,0.0,61200.0,0.0,-55080.0,14
4401,28,33,7,55584.0,13583.632,61760.0,5360.0,-42000.368,14
4402,16,34,7,55080.0,0.0,61200.0,0.0,-55080.0,14
4403,17,34,7,55080.0,0.0,61200.0,0.0,-55080.0,12
4404,18,34,7,56952.0,110884.784,63280.0,16080.0,53932.784,12
4405,19,34,7,60300.0,301456.712,67000.0,40200.0,241156.712,12
4406,20,34,7,64512.0,517287.584,71680.0,69680.0,452775.584,12
4407,21,34,7,65124.0,519032.584,72360.0,72360.0,453908.584,12
4408,22,34,7,62892.0,255637.8,69880.0,56280.0,192745.8,12
4409,23,34,7,59796.0,57572.3904,66440.0,34840.0,-2223.6096000000034,12
4410,24,34,7,56196.0,7859.6896,62440.0,8040.0,-48336.3104,14
4411,25,34,7,55080.0,0.0,61200.0,0.0,-55080.0,14
4412,26,34,7,55080.0,0.0,61200.0,0.0,-55080.0,14
4413,27,34,7,55080.0,0.0,61200.0,0.0,-55080.0,15
4414,17,35,7,55080.0,0.0,61200.0,0.0,-55080.0,14
4415,18,35,7,55080.0,0.0,61200.0,0.0,-55080.0,14
4416,19,35,7,55080.0,0.0,61200.0,0.0,-55080.0,14
4417,20,35,7,55080.0,0.0,61200.0,0.0,-55080.0,14
4418,21,35,7,56556.0,40543.68,62840.0,8040.0,-16012.32,14
4419,22,35,7,55080.0,0.0,61200.0,0.0,-55080.0,14
4420,23,35,7,55080.0,0.0,61200.0,0.0,-55080.0,14
4421,24,35,7,55080.0,0.0,61200.0,0.0,-55080.0,15
4422,24,24,8,64395.01407,668223.136,71550.01563,71550.0,603828.12193,4
4423,23,25,8,64395.01407,834927.416,71550.01563,71550.0,770532.4019299999,3
4424,24,25,8,64395.01407,771880.976,71550.01563,71550.0,707485.96193,4
4425,25,25,8,64395.01407,704038.928,71550.01563,71550.0,639643.9139299999,6
4426,26,25,8,64665.01407,530232.72,71850.01563,71850.0,465567.70593,7
4427,22,26,8,64395.01407,802023.696,71550.01563,71550.0,737628.68193,3
4428,23,26,8,64395.01407,867531.264,71550.01563,71550.0,803136.2499299999,3
4429,24,26,8,64395.01407,813098.808,71550.01563,71550.0,748703.7939299999,6
4430,25,26,8,64395.01407,723942.568,71550.01563,71550.0,659547.5539299999,7
4431,26,26,8,64395.01407,548745.472,71550.01563,71550.0,484350.45793,7
4432,27,26,8,64611.01407,299394.9152,71790.01563,71790.0,234783.90112999998,9
4433,28,26,8,65097.0,55875.4992,72330.0,72330.0,-9221.500800000002,9
4434,21,27,8,64530.0211,765292.336,71700.02344,71700.0,700762.3149,3
4435,22,27,8,64395.01407,776985.864,71550.01563,71550.0,712590.8499299999,3
4436,23,27,8,64395.01407,914282.776,71550.01563,71550.0,849887.7619299999,4
4437,24,27,8,64395.01407,888455.216,71550.01563,71550.0,824060.20193,6
4438,25,27,8,64395.01407,735646.224,71550.01563,71550.0,671251.20993,7
4439,26,27,8,64395.01407,514068.576,71550.01563,71550.0,449673.56193,8
4440,27,27,8,64395.01407,194047.696,71550.01563,71550.0,129652.68192999999,9
4441,28,27,8,64584.00703,0.0,71760.00781,0.0,-64584.00703,10
4442,29,27,8,63477.0,0.0,70530.0,0.0,-63477.0,11
4443,20,28,8,65124.0,985107.736,72360.0,72360.0,919983.736,3
4444,21,28,8,65070.0,844239.336,72300.0,72300.0,779169.336,3
4445,22,28,8,64800.01407,743893.976,72000.01563,72000.0,679093.96193,4
4446,23,28,8,64449.01407,774089.608,71610.01563,71610.0,709640.59393,6
4447,24,28,8,64395.01407,733472.032,71550.01563,71550.0,669077.01793,7
4448,25,28,8,64395.01407,691643.816,71550.01563,71550.0,627248.80193,7
4449,26,28,8,64395.01407,540135.056,71550.01563,71550.0,475740.04193,8
4450,27,28,8,64395.01407,256420.316,71550.01563,71550.0,192025.30193,9
4451,28,28,8,64395.01407,26205.56,71550.01563,71550.0,-38189.45406999999,10
4452,29,28,8,64053.0,0.0,71170.0,0.0,-64053.0,11
4453,30,28,8,55890.0,0.0,62100.0,0.0,-55890.0,12
4454,9,29,8,64512.0,49717.216,71680.0,69680.0,-14794.784,14
4455,20,29,8,65124.0,844324.16,72360.0,72360.0,779200.16,4
4456,21,29,8,65124.0,744414.8,72360.0,72360.0,679290.8,4
4457,22,29,8,65124.0,708775.056,72360.0,72360.0,643651.056,6
4458,23,29,8,64989.00703,706120.816,72210.00781,72210.0,641131.80897,7
4459,24,29,8,64584.01407,634959.584,71760.01563,71760.0,570375.56993,7
4460,25,29,8,64395.01407,598790.24,71550.01563,71550.0,534395.22593,8
4461,26,29,8,64395.01407,550674.728,71550.01563,71550.0,486279.71393,9
4462,27,29,8,64395.01407,351073.572,71550.01563,71550.0,286678.55793,9
4463,28,29,8,64395.01407,129888.216,71550.01563,71550.0,65493.20193,11
4464,29,29,8,64395.01407,19943.264,71550.01563,71550.0,-44451.750069999995,12
4465,30,29,8,62910.0,20851.684,69900.0,58300.0,-42058.316,13
4466,9,30,8,65124.0,0.0,72360.0,0.0,-65124.0,15
4467,10,30,8,65124.0,46694.816,72360.0,72360.0,-18429.184,14
4468,19,30,8,65124.0,880392.672,72360.0,72360.0,815268.672,7
4469,20,30,8,65124.0,656095.0,72360.0,72360.0,590971.0,7
4470,21,30,8,65124.0,471991.12,72360.0,72360.0,406867.12,7
4471,22,30,8,65124.0,441048.912,72360.0,72360.0,375924.912,7
4472,23,30,8,65124.0,641807.88,72360.0,72360.0,576683.88,8
4473,24,30,8,65097.0,785833.144,72330.0,72330.0,720736.144,8
4474,25,30,8,64665.01407,622243.64,71850.01563,71850.0,557578.62593,9
4475,26,30,8,64395.01407,513959.892,71550.01563,71550.0,449564.87793,9
4476,27,30,8,64395.01407,424799.252,71550.01563,71550.0,360404.23793,10
4477,28,30,8,64395.01407,261648.604,71550.01563,71550.0,197253.58993,11
4478,29,30,8,64395.01407,53863.504,71550.01563,71550.0,-10531.510069999997,12
4479,30,30,8,64395.01407,116143.076,71550.01563,71550.0,51748.06193,14
4480,31,30,8,63945.0,0.0,71050.0,0.0,-63945.0,14
4481,10,31,8,65124.0,0.0,72360.0,0.0,-65124.0,15
4482,11,31,8,65124.0,0.0,72360.0,0.0,-65124.0,14
4483,12,31,8,65124.0,27655.456,72360.0,72360.0,-37468.544,12
4484,17,31,8,65124.0,630830.448,72360.0,72360.0,565706.448,8
4485,18,31,8,65124.0,769966.576,72360.0,72360.0,704842.576,8
4486,19,31,8,65124.0,803816.904,72360.0,72360.0,738692.904,8
4487,20,31,8,65124.0,609609.504,72360.0,72360.0,544485.504,8
4488,21,31,8,65124.0,440360.088,72360.0,72360.0,375236.088,8
4489,22,31,8,65124.0,373089.552,72360.0,72360.0,307965.552,8
4490,23,31,8,65124.0,534370.824,72360.0,72360.0,469246.824,9
4491,24,31,8,65124.0,674046.64,72360.0,72360.0,608922.64,9
4492,25,31,8,65097.0,610531.176,72330.0,72330.0,545434.176,9
4493,26,31,8,64827.01407,451718.08,72030.01563,72030.0,386891.06593000004,10
4494,27,31,8,64530.01407,409458.544,71700.01563,71700.0,344928.52993,11
4495,28,31,8,64395.01407,393950.016,71550.01563,71550.0,329555.00193,12
4496,29,31,8,64395.01407,284542.024,71550.01563,71550.0,220147.00992999997,12
4497,30,31,8,64395.01407,256431.82,71550.01563,71550.0,192036.80593,14
4498,31,31,8,64395.01407,176725.524,71550.01563,71550.0,112330.50993,15
4499,32,31,8,61290.0,0.0,68100.0,0.0,-61290.0,15
4500,11,32,8,59940.0,0.0,66600.0,0.0,-59940.0,14
4501,12,32,8,62028.0,13530.1408,68920.0,50920.0,-48497.8592,12
4502,13,32,8,58068.0,14074.288,64520.0,24120.0,-43993.712,12
4503,14,32,8,59940.0,27766.7296,66600.0,40200.0,-32173.2704,10
4504,15,32,8,65124.0,205527.92,72360.0,72360.0,140403.92,9
4505,16,32,8,65124.0,477320.76,72360.0,72360.0,412196.76,8
4506,17,32,8,65124.0,557389.112,72360.0,72360.0,492265.11199999996,8
4507,18,32,8,65124.0,583997.896,72360.0,72360.0,518873.89599999995,8
4508,19,32,8,65124.0,607080.52,72360.0,72360.0,541956.52,8
4509,20,32,8,65124.0,559522.552,72360.0,72360.0,494398.552,8
4510,21,32,8,65124.0,505472.8,72360.0,72360.0,440348.8,8
4511,22,32,8,65124.0,448706.648,72360.0,72360.0,383582.648,9
4512,23,32,8,65124.0,451206.256,72360.0,72360.0,386082.256,9
4513,24,32,8,65124.0,465119.984,72360.0,72360.0,399995.984,9
4514,25,32,8,65124.0,372960.464,72360.0,72360.0,307836.464,10
4515,26,32,8,65124.0,280444.64,72360.0,72360.0,215320.64,11
4516,27,32,8,62784.0,192524.672,69760.0,58960.0,129740.67199999999,12
4517,28,32,8,64989.00703,243164.464,72210.00781,72210.0,178175.45697,13
4518,29,32,8,64584.01407,306160.168,71760.01563,71760.0,241576.15393,13
4519,30,32,8,64395.01407,310462.72,71550.01563,71550.0,246067.70592999997,14
4520,31,32,8,64395.01407,242004.4,71550.01563,71550.0,177609.38593,15
4521,12,33,8,55080.0,0.0,61200.0,0.0,-55080.0,15
4522,13,33,8,55080.0,0.0,61200.0,0.0,-55080.0,13
4523,14,33,8,55332.0,1527.3856,61480.0,2680.0,-53804.6144,12
4524,15,33,8,60300.0,122115.3856,67000.0,40200.0,61815.385599999994,10
4525,16,33,8,63900.0,453989.6,71000.0,67000.0,390089.6,9
4526,17,33,8,65124.0,523366.368,72360.0,72360.0,458242.368,9
4527,18,33,8,65124.0,521310.144,72360.0,72360.0,456186.144,9
4528,19,33,8,65124.0,532909.056,72360.0,72360.0,467785.056,9
4529,20,33,8,65124.0,517254.992,72360.0,72360.0,452130.992,9
4530,21,33,8,65124.0,496327.488,72360.0,72360.0,431203.488,9
4531,22,33,8,65124.0,434865.352,72360.0,72360.0,369741.352,9
4532,23,33,8,65124.0,337659.088,72360.0,72360.0,272535.088,10
4533,24,33,8,65124.0,281469.4528,72360.0,72360.0,216345.45280000003,10
4534,25,33,8,64512.0,238722.0704,71680.0,69680.0,174210.0704,11
4535,26,33,8,60912.0,149410.224,67680.0,42880.0,88498.22399999999,12
4536,27,33,8,56088.0,33450.688,62320.0,10720.0,-22637.311999999998,13
4537,28,33,8,59940.0,117065.84,66600.0,40200.0,57125.84,14
4538,29,33,8,62532.0,160615.7312,69480.0,56280.0,98083.73120000001,14
4539,30,33,8,63711.0,185471.948,70790.0,66790.0,121760.948,15
4540,31,33,8,64638.01407,228040.4976,71820.01563,71820.0,163402.48353,15
4541,14,34,8,55080.0,0.0,61200.0,0.0,-55080.0,14
4542,15,34,8,55080.0,0.0,61200.0,0.0,-55080.0,12
4543,16,34,8,55332.0,18991.6,61480.0,2680.0,-36340.4,11
4544,17,34,8,57816.0,154010.272,64240.0,21440.0,96194.272,10
4545,18,34,8,60300.0,290371.296,67000.0,40200.0,230071.29599999997,10
4546,19,34,8,63144.0,406887.792,70160.0,58960.0,343743.792,10
4547,20,34,8,65124.0,509637.728,72360.0,72360.0,444513.728,10
4548,21,34,8,65124.0,465803.232,72360.0,72360.0,400679.232,10
4549,22,34,8,64260.0,213137.6592,71400.0,67000.0,148877.6592,10
4550,23,34,8,61416.0,62899.9104,68240.0,48240.0,1483.9104000000007,11
4551,24,34,8,58068.0,16273.6032,64520.0,24120.0,-41794.3968,12
4552,25,34,8,55332.0,1527.3856,61480.0,2680.0,-53804.6144,12
4553,26,34,8,55080.0,0.0,61200.0,0.0,-55080.0,13
4554,27,34,8,55080.0,0.0,61200.0,0.0,-55080.0,14
4555,28,34,8,55080.0,0.0,61200.0,0.0,-55080.0,14
4556,29,34,8,55080.0,0.0,61200.0,0.0,-55080.0,15
4557,15,35,8,55080.0,0.0,61200.0,0.0,-55080.0,14
4558,16,35,8,55080.0,0.0,61200.0,0.0,-55080.0,13
4559,17,35,8,55080.0,0.0,61200.0,0.0,-55080.0,12
4560,18,35,8,55080.0,0.0,61200.0,0.0,-55080.0,12
4561,19,35,8,55080.0,0.0,61200.0,0.0,-55080.0,12
4562,20,35,8,55080.0,0.0,61200.0,0.0,-55080.0,12
4563,21,35,8,55332.0,10520.928,61480.0,2680.0,-44811.072,12
4564,22,35,8,55080.0,0.0,61200.0,0.0,-55080.0,12
4565,23,35,8,55080.0,0.0,61200.0,0.0,-55080.0,12
4566,24,35,8,55080.0,0.0,61200.0,0.0,-55080.0,14
4567,25,35,8,55080.0,0.0,61200.0,0.0,-55080.0,14
4568,26,35,8,55080.0,0.0,61200.0,0.0,-55080.0,14
4569,27,35,8,55080.0,0.0,61200.0,0.0,-55080.0,15
4570,17,36,8,55080.0,0.0,61200.0,0.0,-55080.0,14
4571,18,36,8,55080.0,0.0,61200.0,0.0,-55080.0,14
4572,19,36,8,55080.0,0.0,61200.0,0.0,-55080.0,14
4573,20,36,8,55080.0,0.0,61200.0,0.0,-55080.0,14
4574,21,36,8,55080.0,0.0,61200.0,0.0,-55080.0,14
4575,22,36,8,55080.0,0.0,61200.0,0.0,-55080.0,14
4576,23,36,8,55080.0,0.0,61200.0,0.0,-55080.0,14
4577,24,36,8,55080.0,0.0,61200.0,0.0,-55080.0,15
4578,25,24,9,64989.00703,426480.1504,72210.00781,72210.0,361491.14337,4
4579,26,24,9,65124.0,352758.64,72360.0,72360.0,287634.64,6
4580,27,24,9,65124.0,231082.424,72360.0,72360.0,165958.424,7
4581,24,25,9,64395.01407,651970.632,71550.01563,71550.0,587575.61793,3
4582,25,25,9,64422.01407,548548.1232,71580.01563,71580.0,484126.10913000006,4
4583,26,25,9,64908.0,278691.5872,72120.0,72120.0,213783.5872,6
4584,27,25,9,65124.0,56477.4624,72360.0,72360.0,-8646.537600000003,7
4585,28,25,9,64872.0,0.0,72080.0,0.0,-64872.0,8
4586,23,26,9,64395.01407,796776.912,71550.01563,71550.0,732381.89793,3
4587,24,26,9,64395.01407,675475.736,71550.01563,71550.0,611080.72193,3
4588,25,26,9,64395.01407,577935.68,71550.01563,71550.0,513540.6659300001,6
4589,26,26,9,64395.01407,431325.456,71550.01563,71550.0,366930.44193000003,7
4590,27,26,9,64881.00703,102190.9168,72090.00781,72090.0,37309.909770000006,7
4591,28,26,9,65124.0,27421.76,72360.0,72360.0,-37702.240000000005,9
4592,29,26,9,63756.0,0.0,70840.0,0.0,-63756.0,9
4593,30,26,9,55080.0,0.0,61200.0,0.0,-55080.0,11
4594,22,27,9,64395.01407,715703.824,71550.01563,71550.0,651308.80993,2
4595,23,27,9,64395.01407,757021.616,71550.01563,71550.0,692626.60193,3
4596,24,27,9,64395.01407,734073.984,71550.01563,71550.0,669678.96993,4
4597,25,27,9,64395.01407,589831.784,71550.01563,71550.0,525436.76993,6
4598,26,27,9,64395.01407,367305.576,71550.01563,71550.0,302910.56193,7
4599,27,27,9,64395.01407,42756.392,71550.01563,71550.0,-21638.622069999998,8
4600,28,27,9,62676.0,0.0,69640.0,0.0,-62676.0,9
4601,29,27,9,58644.0,0.0,65160.0,0.0,-58644.0,10
4602,30,27,9,55692.0,0.0,61880.0,0.0,-55692.0,11
4603,31,27,9,55080.0,0.0,61200.0,0.0,-55080.0,12
4604,21,28,9,64530.0211,571762.536,71700.02344,71700.0,507232.51489999995,3
4605,22,28,9,64395.01407,585575.08,71550.01563,71550.0,521180.06593,3
4606,23,28,9,64395.01407,663165.616,71550.01563,71550.0,598770.60193,3
4607,24,28,9,64395.01407,623133.072,71550.01563,71550.0,558738.05793,4
4608,25,28,9,64395.01407,556917.592,71550.01563,71550.0,492522.57792999997,6
4609,26,28,9,64395.01407,396500.768,71550.01563,71550.0,332105.75393,7
4610,27,28,9,64395.01407,108693.368,71550.01563,71550.0,44298.353930000005,8
4611,28,28,9,64395.01407,0.0,71550.01563,0.0,-64395.01407,9
4612,29,28,9,60165.0,0.0,66850.0,0.0,-60165.0,10
4613,30,28,9,55080.0,0.0,61200.0,0.0,-55080.0,11
4614,31,28,9,55080.0,0.0,61200.0,0.0,-55080.0,12
4615,21,29,9,65070.0,536298.936,72300.0,72300.0,471228.936,3
4616,22,29,9,64800.01407,493248.856,72000.01563,72000.0,428448.84193000005,4
4617,23,29,9,64449.01407,550012.456,71610.01563,71610.0,485563.44193000003,4
4618,24,29,9,64395.01407,532677.792,71550.01563,71550.0,468282.77793000004,6
4619,25,29,9,64395.01407,506117.216,71550.01563,71550.0,441722.20193000004,7
4620,26,29,9,64395.01407,418872.76,71550.01563,71550.0,354477.74593000003,8
4621,27,29,9,64395.01407,200044.66,71550.01563,71550.0,135649.64593,9
4622,28,29,9,63945.0,598.688,71050.0,66250.0,-63346.312,9
4623,29,29,9,64395.01407,0.0,71550.01563,0.0,-64395.01407,10
4624,30,29,9,60615.0,6663.372,67350.0,39750.0,-53951.628,12
4625,31,29,9,55080.0,0.0,61200.0,0.0,-55080.0,13
4626,32,29,9,55080.0,0.0,61200.0,0.0,-55080.0,14
4627,8,30,9,55080.0,0.0,61200.0,0.0,-55080.0,14
4628,20,30,9,65124.0,447988.7504,72360.0,72360.0,382864.7504,4
4629,21,30,9,65124.0,327104.5904,72360.0,72360.0,261980.5904,4
4630,22,30,9,65124.0,345833.9184,72360.0,72360.0,280709.9184,6
4631,23,30,9,64989.00703,492933.768,72210.00781,72210.0,427944.76097,7
4632,24,30,9,64584.01407,486514.616,71760.01563,71760.0,421930.60193,7
4633,25,30,9,64395.01407,424138.512,71550.01563,71550.0,359743.49793,8
4634,26,30,9,64395.01407,396078.392,71550.01563,71550.0,331683.37793,9
4635,27,30,9,64395.01407,296210.472,71550.01563,71550.0,231815.45793,9
4636,28,30,9,64395.01407,125870.116,71550.01563,71550.0,61475.10193,10
4637,29,30,9,64395.01407,0.0,71550.01563,0.0,-64395.01407,11
4638,30,30,9,64395.01407,44179.952,71550.01563,71550.0,-20215.06207,12
4639,31,30,9,61875.0,0.0,68750.0,0.0,-61875.0,14
4640,32,30,9,56115.0,0.0,62350.0,0.0,-56115.0,14
4641,9,31,9,62244.0,0.0,69160.0,0.0,-62244.0,14
4642,19,31,9,65124.0,658355.88,72360.0,72360.0,593231.88,7
4643,20,31,9,65124.0,403018.2,72360.0,72360.0,337894.2,7
4644,21,31,9,65124.0,292520.9344,72360.0,72360.0,227396.93440000003,7
4645,22,31,9,65124.0,289211.5712,72360.0,72360.0,224087.5712,7
4646,23,31,9,65124.0,365094.9904,72360.0,72360.0,299970.9904,7
4647,24,31,9,65097.0,432263.472,72330.0,72330.0,367166.472,8
4648,25,31,9,64773.00703,373739.904,71970.00781,71970.0,308966.89697,9
4649,26,31,9,64476.01407,376977.032,71640.01563,71640.0,312501.01793000003,9
4650,27,31,9,64395.01407,308138.18,71550.01563,71550.0,243743.16593,10
4651,28,31,9,64395.01407,252814.528,71550.01563,71550.0,188419.51393,11
4652,29,31,9,64395.01407,155051.676,71550.01563,71550.0,90656.66193,12
4653,30,31,9,64395.01407,110476.5,71550.01563,71550.0,46081.48593,12
4654,31,31,9,64395.01407,41535.676,71550.01563,71550.0,-22859.338069999998,14
4655,32,31,9,58185.0,0.0,64650.0,0.0,-58185.0,15
4656,33,31,9,55080.0,0.0,61200.0,0.0,-55080.0,15
4657,10,32,9,58032.0,0.0,64480.0,0.0,-58032.0,14
4658,11,32,9,62388.0,0.0,69320.0,0.0,-62388.0,12
4659,17,32,9,65124.0,430250.336,72360.0,72360.0,365126.336,8
4660,18,32,9,65124.0,477276.496,72360.0,72360.0,412152.496,8
4661,19,32,9,65124.0,444623.888,72360.0,72360.0,379499.888,8
4662,20,32,9,65124.0,327938.4192,72360.0,72360.0,262814.4192,8
4663,21,32,9,65124.0,277992.7456,72360.0,72360.0,212868.74560000002,8
4664,22,32,9,65124.0,204298.3104,72360.0,72360.0,139174.3104,8
4665,23,32,9,65124.0,275759.8608,72360.0,72360.0,210635.86080000002,8
4666,24,32,9,65124.0,263547.5872,72360.0,72360.0,198423.5872,9
4667,25,32,9,65124.0,223630.784,72360.0,72360.0,158506.784,9
4668,26,32,9,65097.0,178529.8504,72330.0,72330.0,113432.8504,10
4669,27,32,9,64935.00703,172943.9192,72150.00781,72150.0,108008.91217,11
4670,28,32,9,64638.01407,154898.916,71820.01563,71820.0,90260.90192999999,12
4671,29,32,9,64395.01407,194867.748,71550.01563,71550.0,130472.73392999999,12
4672,30,32,9,64395.01407,134432.86,71550.01563,71550.0,70037.84592999998,13
4673,31,32,9,64395.01407,93831.836,71550.01563,71550.0,29436.82193,14
4674,32,32,9,60390.0,7037.552,67100.0,37100.0,-53352.448000000004,15
4675,10,33,9,55080.0,0.0,61200.0,0.0,-55080.0,15
4676,11,33,9,55332.0,0.0,61480.0,0.0,-55332.0,14
4677,12,33,9,55836.0,0.0,62040.0,0.0,-55836.0,12
4678,13,33,9,55080.0,0.0,61200.0,0.0,-55080.0,10
4679,14,33,9,56196.0,1942.8928,62440.0,8040.0,-54253.1072,9
4680,15,33,9,63144.0,128982.0608,70160.0,58960.0,65838.0608,9
4681,16,33,9,65124.0,428791.976,72360.0,72360.0,363667.976,8
4682,17,33,9,65124.0,451575.864,72360.0,72360.0,386451.864,8
4683,18,33,9,65124.0,445959.688,72360.0,72360.0,380835.688,8
4684,19,33,9,65124.0,382774.744,72360.0,72360.0,317650.744,8
4685,20,33,9,65124.0,349270.8,72360.0,72360.0,284146.8,8
4686,21,33,9,65124.0,317789.64,72360.0,72360.0,252665.64,8
4687,22,33,9,65124.0,243757.4352,72360.0,72360.0,178633.4352,9
4688,23,33,9,65124.0,198058.2096,72360.0,72360.0,132934.2096,9
4689,24,33,9,65124.0,146559.6544,72360.0,72360.0,81435.6544,9
4690,25,33,9,65124.0,125906.1952,72360.0,72360.0,60782.1952,10
4691,26,33,9,63396.0,131806.688,70440.0,61640.0,68410.688,11
4692,27,33,9,58068.0,59346.128,64520.0,24120.0,1278.127999999997,12
4693,28,33,9,63648.0,160694.8384,70720.0,64320.0,97046.83840000001,12
4694,29,33,9,65016.00703,175011.4136,72240.00781,72240.0,109995.40656999999,13
4695,30,33,9,64692.01407,156841.4784,71880.01563,71880.0,92149.46432999999,14
4696,31,33,9,64422.01407,130076.2952,71580.01563,71580.0,65654.28112999999,14
4697,32,33,9,61290.0,11927.332,68100.0,47700.0,-49362.668,15
4698,12,34,9,55080.0,0.0,61200.0,0.0,-55080.0,14
4699,13,34,9,55080.0,0.0,61200.0,0.0,-55080.0,12
4700,14,34,9,55080.0,0.0,61200.0,0.0,-55080.0,11
4701,15,34,9,55080.0,0.0,61200.0,0.0,-55080.0,10
4702,16,34,9,57204.0,114172.744,63560.0,18760.0,56968.744000000006,9
4703,17,34,9,60804.0,271191.104,67560.0,45560.0,210387.104,9
4704,18,34,9,61164.0,266521.512,67960.0,45560.0,205357.512,9
4705,19,34,9,64008.0,337467.9312,71120.0,64320.0,273459.9312,9
4706,20,34,9,65124.0,334616.1264,72360.0,72360.0,269492.1264,9
4707,21,34,9,65124.0,276406.2752,72360.0,72360.0,211282.27519999997,9
4708,22,34,9,65124.0,106847.3696,72360.0,72360.0,41723.369600000005,9
4709,23,34,9,64512.0,13534.8576,71680.0,69680.0,-50977.1424,10
4710,24,34,9,61416.0,1436.6944,68240.0,48240.0,-59979.3056,10
4711,25,34,9,58068.0,739.8944,64520.0,24120.0,-57328.1056,11
4712,26,34,9,55332.0,1001.248,61480.0,2680.0,-54330.752,12
4713,27,34,9,55080.0,0.0,61200.0,0.0,-55080.0,12
4714,28,34,9,55080.0,0.0,61200.0,0.0,-55080.0,13
4715,29,34,9,55584.0,10493.5904,61760.0,5360.0,-45090.4096,14
4716,30,34,9,58068.0,34769.6736,64520.0,24120.0,-23298.326399999998,14
4717,31,34,9,62865.0,24761.7496,69850.0,56250.0,-38103.250400000004,15
4718,13,35,9,55080.0,0.0,61200.0,0.0,-55080.0,15
4719,14,35,9,55080.0,0.0,61200.0,0.0,-55080.0,13
4720,15,35,9,55080.0,0.0,61200.0,0.0,-55080.0,12
4721,16,35,9,55080.0,0.0,61200.0,0.0,-55080.0,10
4722,17,35,9,55080.0,0.0,61200.0,0.0,-55080.0,10
4723,18,35,9,55080.0,0.0,61200.0,0.0,-55080.0,10
4724,19,35,9,55080.0,0.0,61200.0,0.0,-55080.0,10
4725,20,35,9,55332.0,9463.568,61480.0,2680.0,-45868.432,10
4726,21,35,9,58320.0,89747.952,64800.0,26800.0,31427.952000000005,10
4727,22,35,9,57816.0,54504.6592,64240.0,21440.0,-3311.340799999998,10
4728,23,35,9,55584.0,5141.9552,61760.0,5360.0,-50442.0448,10
4729,24,35,9,55080.0,0.0,61200.0,0.0,-55080.0,11
4730,25,35,9,55080.0,0.0,61200.0,0.0,-55080.0,12
4731,26,35,9,55080.0,0.0,61200.0,0.0,-55080.0,13
4732,27,35,9,55080.0,0.0,61200.0,0.0,-55080.0,14
4733,28,35,9,55080.0,0.0,61200.0,0.0,-55080.0,14
4734,29,35,9,55080.0,0.0,61200.0,0.0,-55080.0,15
4735,15,36,9,55080.0,0.0,61200.0,0.0,-55080.0,14
4736,16,36,9,55080.0,0.0,61200.0,0.0,-55080.0,12
4737,17,36,9,55080.0,0.0,61200.0,0.0,-55080.0,12
4738,18,36,9,55080.0,0.0,61200.0,0.0,-55080.0,12
4739,19,36,9,55080.0,0.0,61200.0,0.0,-55080.0,12
4740,20,36,9,55080.0,0.0,61200.0,0.0,-55080.0,12
4741,21,36,9,55080.0,0.0,61200.0,0.0,-55080.0,12
4742,22,36,9,55080.0,0.0,61200.0,0.0,-55080.0,12
4743,23,36,9,55080.0,0.0,61200.0,0.0,-55080.0,12
4744,24,36,9,55080.0,0.0,61200.0,0.0,-55080.0,12
4745,25,36,9,55080.0,0.0,61200.0,0.0,-55080.0,14
4746,26,36,9,55080.0,0.0,61200.0,0.0,-55080.0,14
4747,27,36,9,55080.0,0.0,61200.0,0.0,-55080.0,15
4748,16,37,9,55080.0,0.0,61200.0,0.0,-55080.0,14
4749,17,37,9,55080.0,0.0,61200.0,0.0,-55080.0,14
4750,18,37,9,55080.0,0.0,61200.0,0.0,-55080.0,14
4751,19,37,9,55080.0,0.0,61200.0,0.0,-55080.0,14
4752,20,37,9,55080.0,0.0,61200.0,0.0,-55080.0,14
4753,21,37,9,55080.0,0.0,61200.0,0.0,-55080.0,14
4754,22,37,9,55080.0,0.0,61200.0,0.0,-55080.0,14
4755,23,37,9,55080.0,0.0,61200.0,0.0,-55080.0,14
4756,24,37,9,55080.0,0.0,61200.0,0.0,-55080.0,14
4757,29,24,10,60516.0,0.0,67240.0,0.0,-60516.0,8
4758,29,25,10,64368.0,0.0,71520.0,0.0,-64368.0,8
4759,30,25,10,55080.0,0.0,61200.0,0.0,-55080.0,9
4760,29,26,10,61380.0,0.0,68200.0,0.0,-61380.0,9
4761,30,26,10,55080.0,0.0,61200.0,0.0,-55080.0,9
4762,31,26,10,55080.0,0.0,61200.0,0.0,-55080.0,11
4763,29,27,10,55080.0,0.0,61200.0,0.0,-55080.0,9
4764,30,27,10,55080.0,0.0,61200.0,0.0,-55080.0,10
4765,31,27,10,55080.0,0.0,61200.0,0.0,-55080.0,11
4766,32,27,10,55080.0,0.0,61200.0,0.0,-55080.0,12
4767,29,28,10,57060.0,0.0,63400.0,0.0,-57060.0,9
4768,30,28,10,55080.0,0.0,61200.0,0.0,-55080.0,10
4769,31,28,10,55080.0,0.0,61200.0,0.0,-55080.0,11
4770,32,28,10,55080.0,0.0,61200.0,0.0,-55080.0,12
4771,29,29,10,63495.0,0.0,70550.0,0.0,-63495.0,9
4772,30,29,10,57060.0,1086.076,63400.0,10600.0,-55973.924,10
4773,31,29,10,55080.0,0.0,61200.0,0.0,-55080.0,12
4774,32,29,10,55080.0,0.0,61200.0,0.0,-55080.0,13
4775,33,29,10,55080.0,0.0,61200.0,0.0,-55080.0,14
4776,29,30,10,64395.01407,43889.936,71550.01563,71550.0,-20505.078069999996,10
4777,30,30,10,63945.0,23480.06,71050.0,66250.0,-40464.94,11
4778,31,30,10,59130.0,0.0,65700.0,0.0,-59130.0,12
4779,32,30,10,55080.0,0.0,61200.0,0.0,-55080.0,14
4780,33,30,10,55080.0,0.0,61200.0,0.0,-55080.0,14
4781,29,31,10,64395.01407,57688.168,71550.01563,71550.0,-6706.84607,10
4782,30,31,10,64395.01407,11353.236,71550.01563,71550.0,-53041.77807,11
4783,31,31,10,64395.01407,0.0,71550.01563,0.0,-64395.01407,12
4784,32,31,10,57960.0,0.0,64400.0,0.0,-57960.0,14
4785,33,31,10,55080.0,0.0,61200.0,0.0,-55080.0,15
4786,34,31,10,55080.0,0.0,61200.0,0.0,-55080.0,15
4787,29,32,10,64395.01407,57713.82,71550.01563,71550.0,-6681.194069999998,11
4788,30,32,10,63720.0,25661.752,70800.0,63600.0,-38058.248,12
4789,31,32,10,64170.0,0.0,71300.0,0.0,-64170.0,13
4790,32,32,10,58185.0,0.0,64650.0,0.0,-58185.0,14
4791,33,32,10,55080.0,0.0,61200.0,0.0,-55080.0,15
4792,29,33,10,64719.00703,84949.992,71910.00781,71910.0,20230.984969999998,12
4793,30,33,10,64476.01407,51949.564,71640.01563,71640.0,-12526.450069999999,13
4794,31,33,10,64395.01407,6534.9,71550.01563,71550.0,-57860.114069999996,14
4795,32,33,10,57960.0,0.0,64400.0,0.0,-57960.0,14
4796,33,33,10,55080.0,0.0,61200.0,0.0,-55080.0,15
4797,29,34,10,58932.0,46664.8,65480.0,29480.0,-12267.199999999997,13
4798,30,34,10,60525.0,30343.288,67250.0,42850.0,-30181.712,14
4799,31,34,10,63234.0,0.0,70260.0,0.0,-63234.0,14
4800,32,34,10,57312.0,0.0,63680.0,0.0,-57312.0,15
4801,29,35,10,55080.0,0.0,61200.0,0.0,-55080.0,14
4802,30,35,10,55080.0,0.0,61200.0,0.0,-55080.0,14
4803,31,35,10,55080.0,0.0,61200.0,0.0,-55080.0,15
4804,28,36,10,55080.0,0.0,61200.0,0.0,-55080.0,14
4805,29,36,10,55080.0,0.0,61200.0,0.0,-55080.0,14
4806,28,37,10,55080.0,0.0,61200.0,0.0,-55080.0,15
4807,13,11,12,55080.0,0.0,61200.0,0.0,-55080.0,6
4808,27,11,12,55080.0,0.0,61200.0,0.0,-55080.0,9
4809,28,11,12,55080.0,0.0,61200.0,0.0,-55080.0,10
4810,29,11,12,55080.0,0.0,61200.0,0.0,-55080.0,11
4811,30,11,12,55080.0,0.0,61200.0,0.0,-55080.0,11
4812,11,12,12,55080.0,0.0,61200.0,0.0,-55080.0,7
4813,12,12,12,55080.0,0.0,61200.0,0.0,-55080.0,6
4814,29,12,12,55080.0,0.0,61200.0,0.0,-55080.0,10
4815,30,12,12,55080.0,0.0,61200.0,0.0,-55080.0,11
4816,31,12,12,55080.0,0.0,61200.0,0.0,-55080.0,11
4817,10,13,12,63360.0,0.0,70400.0,0.0,-63360.0,8
4818,30,13,12,55080.0,0.0,61200.0,0.0,-55080.0,10
4819,31,13,12,55080.0,0.0,61200.0,0.0,-55080.0,11
4820,32,13,12,55080.0,0.0,61200.0,0.0,-55080.0,12
4821,8,14,12,64395.01407,0.0,71550.01563,0.0,-64395.01407,10
4822,9,14,12,64422.01407,0.0,71580.01563,0.0,-64422.01407,8
4823,30,14,12,55080.0,0.0,61200.0,0.0,-55080.0,9
4824,31,14,12,55080.0,0.0,61200.0,0.0,-55080.0,11
4825,32,14,12,55080.0,0.0,61200.0,0.0,-55080.0,11
4826,7,15,12,55530.0,0.0,61700.0,0.0,-55530.0,11
4827,31,15,12,55080.0,0.0,61200.0,0.0,-55080.0,10
4828,32,15,12,55080.0,0.0,61200.0,0.0,-55080.0,11
4829,6,16,12,55080.0,0.0,61200.0,0.0,-55080.0,11
4830,31,16,12,55080.0,0.0,61200.0,0.0,-55080.0,10
4831,32,16,12,55080.0,0.0,61200.0,0.0,-55080.0,11
4832,5,17,12,55080.0,0.0,61200.0,0.0,-55080.0,12
4833,32,17,12,55080.0,0.0,61200.0,0.0,-55080.0,11
4834,4,18,12,55080.0,0.0,61200.0,0.0,-55080.0,13
4835,5,18,12,55080.0,0.0,61200.0,0.0,-55080.0,12
4836,32,18,12,55080.0,0.0,61200.0,0.0,-55080.0,11
4837,4,19,12,55080.0,0.0,61200.0,0.0,-55080.0,13
4838,5,19,12,55080.0,0.0,61200.0,0.0,-55080.0,11
4839,31,19,12,55080.0,0.0,61200.0,0.0,-55080.0,9
4840,32,19,12,55080.0,0.0,61200.0,0.0,-55080.0,10
4841,4,20,12,55080.0,0.0,61200.0,0.0,-55080.0,13
4842,31,20,12,55080.0,0.0,61200.0,0.0,-55080.0,9
4843,32,20,12,55080.0,0.0,61200.0,0.0,-55080.0,10
4844,4,21,12,55080.0,0.0,61200.0,0.0,-55080.0,13
4845,30,21,12,55080.0,0.0,61200.0,0.0,-55080.0,7
4846,31,21,12,55080.0,0.0,61200.0,0.0,-55080.0,9
4847,32,21,12,55080.0,0.0,61200.0,0.0,-55080.0,10
4848,3,22,12,55080.0,0.0,61200.0,0.0,-55080.0,14
4849,4,22,12,55080.0,0.0,61200.0,0.0,-55080.0,13
4850,31,22,12,55080.0,0.0,61200.0,0.0,-55080.0,8
4851,32,22,12,55080.0,0.0,61200.0,0.0,-55080.0,9
4852,3,23,12,55080.0,0.0,61200.0,0.0,-55080.0,15
4853,4,23,12,55080.0,0.0,61200.0,0.0,-55080.0,13
4854,3,24,12,55080.0,0.0,61200.0,0.0,-55080.0,15
4855,4,24,12,55080.0,0.0,61200.0,0.0,-55080.0,13
4856,3,25,12,55080.0,0.0,61200.0,0.0,-55080.0,15
4857,4,25,12,55080.0,0.0,61200.0,0.0,-55080.0,13
4858,3,26,12,55080.0,0.0,61200.0,0.0,-55080.0,15
4859,4,26,12,55080.0,0.0,61200.0,0.0,-55080.0,13
4860,31,38,12,55080.0,0.0,61200.0,0.0,-55080.0,15
4861,12,1,13,55080.0,0.0,61200.0,0.0,-55080.0,15
4862,13,1,13,55080.0,0.0,61200.0,0.0,-55080.0,15
4863,14,1,13,55080.0,0.0,61200.0,0.0,-55080.0,15
4864,15,1,13,55080.0,0.0,61200.0,0.0,-55080.0,15
4865,16,1,13,55080.0,0.0,61200.0,0.0,-55080.0,15
4866,17,1,13,55080.0,0.0,61200.0,0.0,-55080.0,15
4867,18,1,13,55080.0,0.0,61200.0,0.0,-55080.0,15
4868,19,1,13,55080.0,0.0,61200.0,0.0,-55080.0,15
4869,20,1,13,55080.0,0.0,61200.0,0.0,-55080.0,15
4870,21,1,13,52785.0,0.0,58650.0,0.0,-52785.0,15
4871,22,1,13,48753.0,0.0,54170.0,0.0,-48753.0,15
4872,23,1,13,46746.0,0.0,51940.0,0.0,-46746.0,15
4873,24,1,13,46530.0,0.0,51700.0,0.0,-46530.0,15
4874,25,1,13,46206.0,0.0,51340.0,0.0,-46206.0,15
4875,26,1,13,44460.0,0.0,49400.0,0.0,-44460.0,15
4876,27,1,13,40122.0,0.0,44580.0,0.0,-40122.0,15
4877,10,2,13,55080.0,0.0,61200.0,0.0,-55080.0,15
4878,11,2,13,55080.0,0.0,61200.0,0.0,-55080.0,15
4879,12,2,13,55080.0,0.0,61200.0,0.0,-55080.0,15
4880,13,2,13,55080.0,0.0,61200.0,0.0,-55080.0,14
4881,14,2,13,55080.0,0.0,61200.0,0.0,-55080.0,14
4882,15,2,13,55080.0,0.0,61200.0,0.0,-55080.0,14
4883,16,2,13,55080.0,0.0,61200.0,0.0,-55080.0,14
4884,17,2,13,55080.0,0.0,61200.0,0.0,-55080.0,14
4885,18,2,13,55080.0,0.0,61200.0,0.0,-55080.0,14
4886,19,2,13,55080.0,0.0,61200.0,0.0,-55080.0,14
4887,20,2,13,55080.0,0.0,61200.0,0.0,-55080.0,14
4888,21,2,13,54846.0,0.0,60940.0,0.0,-54846.0,14
4889,22,2,13,52452.0,0.0,58280.0,0.0,-52452.0,14
4890,23,2,13,49320.0,0.0,54800.0,0.0,-49320.0,14
4891,24,2,13,47259.0,0.0,52510.0,0.0,-47259.0,14
4892,25,2,13,44541.0,0.0,49490.0,0.0,-44541.0,14
4893,26,2,13,41085.0,0.0,45650.0,0.0,-41085.0,14
4894,27,2,13,36124.056,0.0,41680.0,0.0,-36124.056,14
4895,28,2,13,21142.566,0.0,35220.0,0.0,-21142.566,15
4896,9,3,13,55080.0,0.0,61200.0,0.0,-55080.0,15
4897,10,3,13,55080.0,0.0,61200.0,0.0,-55080.0,15
4898,11,3,13,55080.0,0.0,61200.0,0.0,-55080.0,14
4899,12,3,13,55080.0,0.0,61200.0,0.0,-55080.0,14
4900,13,3,13,55080.0,0.0,61200.0,0.0,-55080.0,13
4901,14,3,13,55080.0,0.0,61200.0,0.0,-55080.0,13
4902,15,3,13,55080.0,0.0,61200.0,0.0,-55080.0,13
4903,16,3,13,55080.0,0.0,61200.0,0.0,-55080.0,13
4904,17,3,13,55080.0,0.0,61200.0,0.0,-55080.0,13
4905,18,3,13,55080.0,0.0,61200.0,0.0,-55080.0,13
4906,19,3,13,55080.0,0.0,61200.0,0.0,-55080.0,13
4907,20,3,13,55080.0,0.0,61200.0,0.0,-55080.0,13
4908,21,3,13,55080.0,0.0,61200.0,0.0,-55080.0,13
4909,22,3,13,54900.0,0.0,61000.0,0.0,-54900.0,13
4910,23,3,13,51606.0,0.0,57340.0,0.0,-51606.0,13
4911,24,3,13,45297.0,0.0,50330.0,0.0,-45297.0,13
4912,25,3,13,41463.0,0.0,46070.0,0.0,-41463.0,13
4913,26,3,13,37809.0,0.0,42010.0,0.0,-37809.0,13
4914,27,3,13,24076.8,0.0,38000.0,0.0,-24076.8,14
4915,28,3,13,20044.017,0.0,33390.0,0.0,-20044.017,14
4916,29,3,13,15301.647,0.0,25490.0,0.0,-15301.647,15
4917,30,3,13,6701.292,0.0,16770.0,0.0,-6701.292,15
4918,7,4,13,55080.0,0.0,61200.0,0.0,-55080.0,15
4919,8,4,13,55080.0,0.0,61200.0,0.0,-55080.0,15
4920,9,4,13,55080.0,0.0,61200.0,0.0,-55080.0,15
4921,10,4,13,55080.0,0.0,61200.0,0.0,-55080.0,14
4922,11,4,13,55080.0,0.0,61200.0,0.0,-55080.0,13
4923,12,4,13,55080.0,0.0,61200.0,0.0,-55080.0,13
4924,13,4,13,55080.0,0.0,61200.0,0.0,-55080.0,13
4925,14,4,13,55080.0,0.0,61200.0,0.0,-55080.0,13
4926,15,4,13,55080.0,0.0,61200.0,0.0,-55080.0,13
4927,16,4,13,55080.0,0.0,61200.0,0.0,-55080.0,13
4928,17,4,13,55080.0,0.0,61200.0,0.0,-55080.0,13
4929,18,4,13,55080.0,0.0,61200.0,0.0,-55080.0,13
4930,19,4,13,55080.0,0.0,61200.0,0.0,-55080.0,13
4931,20,4,13,55080.0,0.0,61200.0,0.0,-55080.0,13
4932,21,4,13,55080.0,0.0,61200.0,0.0,-55080.0,13
4933,22,4,13,55080.0,0.0,61200.0,0.0,-55080.0,13
4934,23,4,13,52479.0,0.0,58310.0,0.0,-52479.0,13
4935,24,4,13,43290.0,0.0,48100.0,0.0,-43290.0,13
4936,25,4,13,38988.0,0.0,43320.0,0.0,-38988.0,13
4937,26,4,13,28782.54,0.0,39240.0,0.0,-28782.54,13
4938,27,4,13,20986.488,0.0,34960.0,0.0,-20986.488,13
4939,28,4,13,18231.111,0.0,30370.0,0.0,-18231.111,13
4940,29,4,13,14635.314,0.0,24380.0,0.0,-14635.314,14
4941,30,4,13,6453.54,0.0,16150.0,0.0,-6453.54,15
4942,31,4,13,3044.952,0.0,10160.0,0.0,-3044.952,15
4943,7,5,13,55080.0,0.0,61200.0,0.0,-55080.0,15
4944,8,5,13,55080.0,0.0,61200.0,0.0,-55080.0,14
4945,9,5,13,55080.0,0.0,61200.0,0.0,-55080.0,14
4946,10,5,13,55080.0,0.0,61200.0,0.0,-55080.0,13
4947,11,5,13,55080.0,0.0,61200.0,0.0,-55080.0,13
4948,12,5,13,55080.0,0.0,61200.0,0.0,-55080.0,12
4949,13,5,13,55080.0,0.0,61200.0,0.0,-55080.0,11
4950,14,5,13,55080.0,0.0,61200.0,0.0,-55080.0,11
4951,15,5,13,57240.0,0.0,63600.0,0.0,-57240.0,11
4952,16,5,13,57240.0,0.0,63600.0,0.0,-57240.0,11
4953,17,5,13,57240.0,0.0,63600.0,0.0,-57240.0,11
4954,18,5,13,57240.0,0.0,63600.0,0.0,-57240.0,11
4955,19,5,13,56880.0,0.0,63200.0,0.0,-56880.0,11
4956,20,5,13,56160.0,0.0,62400.0,0.0,-56160.0,11
4957,21,5,13,56160.0,0.0,62400.0,0.0,-56160.0,11
4958,22,5,13,56160.0,0.0,62400.0,0.0,-56160.0,11
4959,23,5,13,53829.0,0.0,59810.0,0.0,-53829.0,11
4960,24,5,13,44559.0,0.0,49510.0,0.0,-44559.0,11
4961,25,5,13,35369.496,0.0,42440.0,0.0,-35369.496,11
4962,26,5,13,22823.406,0.0,38020.0,0.0,-22823.406,12
4963,27,5,13,20332.161,0.0,33870.0,0.0,-20332.161,13
4964,28,5,13,17324.658,0.0,28860.0,0.0,-17324.658,13
4965,29,5,13,14017.005,0.0,23350.0,0.0,-14017.005,13
4966,30,5,13,5551.11,0.0,16670.0,0.0,-5551.11,14
4967,31,5,13,3209.787,0.0,10710.0,0.0,-3209.787,15
4968,32,5,13,1836.2619,0.0,6127.0,0.0,-1836.2619,15
4969,6,6,13,55080.0,0.0,61200.0,0.0,-55080.0,15
4970,7,6,13,55080.0,0.0,61200.0,0.0,-55080.0,15
4971,8,6,13,55080.0,0.0,61200.0,0.0,-55080.0,14
4972,9,6,13,55080.0,0.0,61200.0,0.0,-55080.0,13
4973,10,6,13,55080.0,0.0,61200.0,0.0,-55080.0,13
4974,11,6,13,55080.0,0.0,61200.0,0.0,-55080.0,12
4975,12,6,13,55080.0,0.0,61200.0,0.0,-55080.0,11
4976,13,6,13,55080.0,0.0,61200.0,0.0,-55080.0,10
4977,14,6,13,55080.0,0.0,61200.0,0.0,-55080.0,10
4978,15,6,13,56520.0,0.0,62800.0,0.0,-56520.0,10
4979,16,6,13,58320.0,0.0,64800.0,0.0,-58320.0,10
4980,17,6,13,58320.0,0.0,64800.0,0.0,-58320.0,10
4981,18,6,13,58320.0,0.0,64800.0,0.0,-58320.0,10
4982,19,6,13,58320.0,0.0,64800.0,0.0,-58320.0,10
4983,20,6,13,58320.0,0.0,64800.0,0.0,-58320.0,10
4984,21,6,13,58320.0,0.0,64800.0,0.0,-58320.0,10
4985,22,6,13,58320.0,0.0,64800.0,0.0,-58320.0,10
4986,23,6,13,55413.0,0.0,61570.0,0.0,-55413.0,10
4987,24,6,13,46170.0,0.0,51300.0,0.0,-46170.0,10
4988,25,6,13,29856.528,0.0,42640.0,0.0,-29856.528,11
4989,26,6,13,23549.769,0.0,39230.0,0.0,-23549.769,11
4990,27,6,13,21190.59,0.0,35300.0,0.0,-21190.59,12
4991,28,6,13,17948.97,0.0,29900.0,0.0,-17948.97,12
4992,29,6,13,14425.209,0.0,24030.0,0.0,-14425.209,13
4993,30,6,13,5616.378,0.0,18740.0,0.0,-5616.378,13
4994,31,6,13,4132.863,0.0,13790.0,0.0,-4132.863,14
4995,32,6,13,2647.8495,0.0,8835.0,0.0,-2647.8495,15
4996,33,6,13,974.3247,0.0,3251.0,0.0,-974.3247,15
4997,5,7,13,55080.0,0.0,61200.0,0.0,-55080.0,15
4998,6,7,13,55080.0,0.0,61200.0,0.0,-55080.0,15
4999,7,7,13,55080.0,0.0,61200.0,0.0,-55080.0,14
5000,8,7,13,55080.0,0.0,61200.0,0.0,-55080.0,13
5001,9,7,13,55080.0,0.0,61200.0,0.0,-55080.0,12
5002,10,7,13,55080.0,0.0,61200.0,0.0,-55080.0,11
5003,11,7,13,55080.0,0.0,61200.0,0.0,-55080.0,11
5004,12,7,13,55080.0,0.0,61200.0,0.0,-55080.0,10
5005,13,7,13,55080.0,0.0,61200.0,0.0,-55080.0,9
5006,14,7,13,55080.0,0.0,61200.0,0.0,-55080.0,9
5007,15,7,13,55080.0,0.0,61200.0,0.0,-55080.0,9
5008,16,7,13,58320.0,0.0,64800.0,0.0,-58320.0,9
5009,17,7,13,58320.0,0.0,64800.0,0.0,-58320.0,9
5010,18,7,13,58320.0,0.0,64800.0,0.0,-58320.0,9
5011,19,7,13,58320.0,0.0,64800.0,0.0,-58320.0,9
5012,20,7,13,58320.0,0.0,64800.0,0.0,-58320.0,9
5013,21,7,13,58320.0,0.0,64800.0,0.0,-58320.0,9
5014,22,7,13,57888.0,0.0,64320.0,0.0,-57888.0,9
5015,23,7,13,51480.0,0.0,57200.0,0.0,-51480.0,9
5016,24,7,13,40613.562,0.0,46860.0,0.0,-40613.562,9
5017,25,7,13,23987.988,0.0,39960.0,0.0,-23987.988,10
5018,26,7,13,22595.292,0.0,37640.0,0.0,-22595.292,11
5019,27,7,13,20584.287,0.0,34290.0,0.0,-20584.287,11
5020,28,7,13,17456.724,0.0,29080.0,0.0,-17456.724,12
5021,29,7,13,14593.293,0.0,24310.0,0.0,-14593.293,12
5022,30,7,13,6623.37,0.0,19890.0,0.0,-6623.37,13
5023,31,7,13,4585.41,0.0,15300.0,0.0,-4585.41,13
5024,32,7,13,3080.916,0.0,10280.0,0.0,-3080.916,14
5025,33,7,13,1378.62,0.0,4600.0,0.0,-1378.62,15
5026,4,8,13,55080.0,0.0,61200.0,0.0,-55080.0,15
5027,5,8,13,55080.0,0.0,61200.0,0.0,-55080.0,15
5028,6,8,13,55080.0,0.0,61200.0,0.0,-55080.0,14
5029,7,8,13,55080.0,0.0,61200.0,0.0,-55080.0,13
5030,8,8,13,55080.0,0.0,61200.0,0.0,-55080.0,12
5031,9,8,13,55080.0,0.0,61200.0,0.0,-55080.0,12
5032,10,8,13,55080.0,0.0,61200.0,0.0,-55080.0,10
5033,11,8,13,55080.0,0.0,61200.0,0.0,-55080.0,10
5034,12,8,13,55080.0,0.0,61200.0,0.0,-55080.0,9
5035,13,8,13,55080.0,0.0,61200.0,0.0,-55080.0,8
5036,14,8,13,55080.0,0.0,61200.0,0.0,-55080.0,7
5037,15,8,13,55080.0,0.0,61200.0,0.0,-55080.0,7
5038,16,8,13,57240.0,0.0,63600.0,0.0,-57240.0,7
5039,17,8,13,58320.0,0.0,64800.0,0.0,-58320.0,7
5040,18,8,13,58320.0,0.0,64800.0,0.0,-58320.0,7
5041,19,8,13,58320.0,0.0,64800.0,0.0,-58320.0,7
5042,20,8,13,58320.0,0.0,64800.0,0.0,-58320.0,7
5043,21,8,13,57618.0,0.0,64020.0,0.0,-57618.0,7
5044,22,8,13,53478.0,0.0,59420.0,0.0,-53478.0,7
5045,23,8,13,47088.0,0.0,52320.0,0.0,-47088.0,7
5046,24,8,13,31320.45,0.0,42700.0,0.0,-31320.45,8
5047,25,8,13,22637.313,0.0,37710.0,0.0,-22637.313,9
5048,26,8,13,21424.707,0.0,35690.0,0.0,-21424.707,10
5049,27,8,13,19797.894,0.0,32980.0,0.0,-19797.894,10
5050,28,8,13,17342.667,0.0,28890.0,0.0,-17342.667,11
5051,29,8,13,14959.476,0.0,24920.0,0.0,-14959.476,12
5052,30,8,13,8299.692,0.0,20770.0,0.0,-8299.692,12
5053,31,8,13,4960.035,0.0,16550.0,0.0,-4960.035,13
5054,32,8,13,3491.505,0.0,11650.0,0.0,-3491.505,13
5055,33,8,13,1773.0252,0.0,5916.0,0.0,-1773.0252,14
5056,4,9,13,55080.0,0.0,61200.0,0.0,-55080.0,15
5057,5,9,13,55080.0,0.0,61200.0,0.0,-55080.0,14
5058,6,9,13,55080.0,0.0,61200.0,0.0,-55080.0,13
5059,7,9,13,55080.0,0.0,61200.0,0.0,-55080.0,12
5060,8,9,13,55080.0,0.0,61200.0,0.0,-55080.0,12
5061,9,9,13,55080.0,0.0,61200.0,0.0,-55080.0,11
5062,10,9,13,55080.0,0.0,61200.0,0.0,-55080.0,10
5063,11,9,13,55080.0,0.0,61200.0,0.0,-55080.0,9
5064,12,9,13,55080.0,0.0,61200.0,0.0,-55080.0,7
5065,13,9,13,55080.0,0.0,61200.0,0.0,-55080.0,7
5066,14,9,13,55080.0,0.0,61200.0,0.0,-55080.0,6
5067,15,9,13,55080.0,0.0,61200.0,0.0,-55080.0,6
5068,16,9,13,56520.0,0.0,62800.0,0.0,-56520.0,6
5069,17,9,13,58320.0,0.0,64800.0,0.0,-58320.0,6
5070,18,9,13,58320.0,0.0,64800.0,0.0,-58320.0,6
5071,19,9,13,58284.0,0.0,64760.0,0.0,-58284.0,6
5072,20,9,13,56610.0,0.0,62900.0,0.0,-56610.0,6
5073,21,9,13,52074.0,0.0,57860.0,0.0,-52074.0,6
5074,22,9,13,46854.0,0.0,52060.0,0.0,-46854.0,6
5075,23,9,13,39920.202,0.0,46060.0,0.0,-39920.202,6
5076,24,9,13,23399.694,0.0,38980.0,0.0,-23399.694,7
5077,25,9,13,21520.755,0.0,35850.0,0.0,-21520.755,7
5078,26,9,13,20542.266,0.0,34220.0,0.0,-20542.266,9
5079,27,9,13,18501.246,0.0,30820.0,0.0,-18501.246,10
5080,28,9,13,15661.827,0.0,26090.0,0.0,-15661.827,10
5081,29,9,13,11163.924,0.0,22310.0,0.0,-11163.924,11
5082,30,9,13,5604.39,0.0,18700.0,0.0,-5604.39,11
5083,31,9,13,4708.287,0.0,15710.0,0.0,-4708.287,12
5084,32,9,13,3857.139,0.0,12870.0,0.0,-3857.139,13
5085,33,9,13,2304.0936,0.0,7688.0,0.0,-2304.0936,13
5086,34,9,13,357.8418,0.0,1791.0,0.0,-357.8418,14
5087,3,10,13,55080.0,0.0,61200.0,0.0,-55080.0,15
5088,4,10,13,55080.0,0.0,61200.0,0.0,-55080.0,15
5089,5,10,13,55080.0,0.0,61200.0,0.0,-55080.0,14
5090,6,10,13,55080.0,0.0,61200.0,0.0,-55080.0,13
5091,7,10,13,55080.0,0.0,61200.0,0.0,-55080.0,12
5092,8,10,13,55080.0,0.0,61200.0,0.0,-55080.0,11
5093,9,10,13,55080.0,0.0,61200.0,0.0,-55080.0,10
5094,10,10,13,55080.0,0.0,61200.0,0.0,-55080.0,9
5095,11,10,13,55080.0,0.0,61200.0,0.0,-55080.0,7
5096,12,10,13,55080.0,0.0,61200.0,0.0,-55080.0,7
5097,13,10,13,55080.0,0.0,61200.0,0.0,-55080.0,6
5098,28,10,13,13245.12,0.0,23360.0,0.0,-13245.12,10
5099,29,10,13,5802.192,0.0,19360.0,0.0,-5802.192,10
5100,30,10,13,5010.984,0.0,16720.0,0.0,-5010.984,11
5101,31,10,13,4324.671,0.0,14430.0,0.0,-4324.671,11
5102,32,10,13,3371.625,0.0,11250.0,0.0,-3371.625,12
5103,33,10,13,2065.8321,0.0,6893.0,0.0,-2065.8321,13
5104,34,10,13,442.89,0.0,1900.0,0.0,-442.89,13
5105,3,11,13,55080.0,0.0,61200.0,0.0,-55080.0,15
5106,4,11,13,55080.0,0.0,61200.0,0.0,-55080.0,14
5107,5,11,13,55080.0,0.0,61200.0,0.0,-55080.0,13
5108,6,11,13,55080.0,0.0,61200.0,0.0,-55080.0,13
5109,7,11,13,55080.0,0.0,61200.0,0.0,-55080.0,11
5110,8,11,13,55080.0,0.0,61200.0,0.0,-55080.0,10
5111,9,11,13,55080.0,0.0,61200.0,0.0,-55080.0,9
5112,10,11,13,55080.0,0.0,61200.0,0.0,-55080.0,8
5113,11,11,13,55080.0,0.0,61200.0,0.0,-55080.0,7
5114,29,11,13,8355.636,0.0,20910.0,0.0,-8355.636,10
5115,30,11,13,5700.294,0.0,19020.0,0.0,-5700.294,10
5116,31,11,13,4966.029,0.0,16570.0,0.0,-4966.029,11
5117,32,11,13,3926.07,0.0,13100.0,0.0,-3926.07,11
5118,33,11,13,2315.7819,0.0,7727.0,0.0,-2315.7819,12
5119,34,11,13,810.3888,0.0,2704.0,0.0,-810.3888,13
5120,3,12,13,55080.0,0.0,61200.0,0.0,-55080.0,15
5121,4,12,13,55080.0,0.0,61200.0,0.0,-55080.0,14
5122,5,12,13,55080.0,0.0,61200.0,0.0,-55080.0,13
5123,6,12,13,55080.0,0.0,61200.0,0.0,-55080.0,12
5124,7,12,13,55080.0,0.0,61200.0,0.0,-55080.0,11
5125,8,12,13,55080.0,0.0,61200.0,0.0,-55080.0,10
5126,9,12,13,55080.0,0.0,61200.0,0.0,-55080.0,8
5127,10,12,13,55080.0,0.0,61200.0,0.0,-55080.0,7
5128,30,12,13,13471.92,0.0,23760.0,0.0,-13471.92,10
5129,31,12,13,8379.612,0.0,20970.0,0.0,-8379.612,10
5130,32,12,13,4765.23,0.0,15900.0,0.0,-4765.23,11
5131,33,12,13,3050.946,0.0,10180.0,0.0,-3050.946,12
5132,34,12,13,1475.1234,0.0,4922.0,0.0,-1475.1234,13
5133,3,13,13,55080.0,0.0,61200.0,0.0,-55080.0,15
5134,4,13,13,55080.0,0.0,61200.0,0.0,-55080.0,13
5135,5,13,13,55080.0,0.0,61200.0,0.0,-55080.0,13
5136,6,13,13,55080.0,0.0,61200.0,0.0,-55080.0,11
5137,7,13,13,55440.0,0.0,61600.0,0.0,-55440.0,10
5138,8,13,13,56745.0,0.0,63050.0,0.0,-56745.0,10
5139,31,13,13,13551.3,0.0,23900.0,0.0,-13551.3,10
5140,32,13,13,5478.516,0.0,18280.0,0.0,-5478.516,11
5141,33,13,13,3749.247,0.0,12510.0,0.0,-3749.247,12
5142,34,13,13,2063.4345,0.0,6885.0,0.0,-2063.4345,12
5143,35,13,13,1174.5243,0.0,3919.0,0.0,-1174.5243,13
5144,2,14,13,55080.0,0.0,61200.0,0.0,-55080.0,15
5145,3,14,13,55080.0,0.0,61200.0,0.0,-55080.0,14
5146,4,14,13,55080.0,0.0,61200.0,0.0,-55080.0,13
5147,5,14,13,55080.0,0.0,61200.0,0.0,-55080.0,12
5148,6,14,13,56160.0,0.0,62400.0,0.0,-56160.0,11
5149,7,14,13,58320.0,0.0,64800.0,0.0,-58320.0,10
5150,31,14,13,13471.92,0.0,23760.0,0.0,-13471.92,9
5151,32,14,13,5835.159,0.0,19470.0,0.0,-5835.159,11
5152,33,14,13,4345.65,0.0,14500.0,0.0,-4345.65,11
5153,34,14,13,2682.315,0.0,8950.0,0.0,-2682.315,12
5154,35,14,13,1244.9538,0.0,4154.0,0.0,-1244.9538,13
5155,2,15,13,55080.0,0.0,61200.0,0.0,-55080.0,15
5156,3,15,13,55080.0,0.0,61200.0,0.0,-55080.0,14
5157,4,15,13,55080.0,0.0,61200.0,0.0,-55080.0,13
5158,5,15,13,56880.0,0.0,63200.0,0.0,-56880.0,12
5159,6,15,13,58320.0,0.0,64800.0,0.0,-58320.0,11
5160,32,15,13,5184.81,0.0,17300.0,0.0,-5184.81,10
5161,33,15,13,4435.56,0.0,14800.0,0.0,-4435.56,11
5162,34,15,13,3515.481,0.0,11730.0,0.0,-3515.481,12
5163,35,15,13,1870.4277,0.0,6241.0,0.0,-1870.4277,13
5164,36,15,13,1180.2186,0.0,3938.0,0.0,-1180.2186,14
5165,1,16,13,55080.0,0.0,61200.0,0.0,-55080.0,15
5166,2,16,13,55080.0,0.0,61200.0,0.0,-55080.0,14
5167,3,16,13,55080.0,0.0,61200.0,0.0,-55080.0,13
5168,4,16,13,55080.0,0.0,61200.0,0.0,-55080.0,13
5169,5,16,13,57960.0,0.0,64400.0,0.0,-57960.0,11
5170,32,16,13,5292.702,0.0,17660.0,0.0,-5292.702,10
5171,33,16,13,5097.897,0.0,17010.0,0.0,-5097.897,11
5172,34,16,13,4555.44,0.0,15200.0,0.0,-4555.44,12
5173,35,16,13,2131.1667,0.0,7111.0,0.0,-2131.1667,13
5174,36,16,13,1707.0912,0.0,5696.0,0.0,-1707.0912,13
5175,1,17,13,55080.0,0.0,61200.0,0.0,-55080.0,15
5176,2,17,13,55080.0,0.0,61200.0,0.0,-55080.0,14
5177,3,17,13,55080.0,0.0,61200.0,0.0,-55080.0,13
5178,4,17,13,55440.0,0.0,61600.0,0.0,-55440.0,12
5179,33,17,13,7336.989,0.0,20030.0,0.0,-7336.989,11
5180,34,17,13,3560.436,0.0,11880.0,0.0,-3560.436,12
5181,35,17,13,732.4668,0.0,2444.0,0.0,-732.4668,12
5182,36,17,13,2363.4342,0.0,7886.0,0.0,-2363.4342,13
5183,1,18,13,55080.0,0.0,61200.0,0.0,-55080.0,15
5184,2,18,13,55080.0,0.0,61200.0,0.0,-55080.0,13
5185,3,18,13,55080.0,0.0,61200.0,0.0,-55080.0,13
5186,4,18,13,56160.0,0.0,62400.0,0.0,-56160.0,11
5187,33,18,13,15775.884,0.0,26280.0,0.0,-15775.884,11
5188,34,18,13,8290.035,0.0,19150.0,0.0,-8290.035,11
5189,35,18,13,3899.097,0.0,13010.0,0.0,-3899.097,12
5190,36,18,13,5084.91,0.0,15270.0,0.0,-5084.91,13
5191,37,18,13,11964.564,0.0,23910.0,0.0,-11964.564,15
5192,1,19,13,55080.0,0.0,61200.0,0.0,-55080.0,15
5193,2,19,13,55080.0,0.0,61200.0,0.0,-55080.0,13
5194,3,19,13,55080.0,0.0,61200.0,0.0,-55080.0,13
5195,32,19,13,21322.656,0.0,35520.0,0.0,-21322.656,9
5196,33,19,13,19149.57,0.0,31900.0,0.0,-19149.57,10
5197,34,19,13,16670.331,0.0,27770.0,0.0,-16670.331,11
5198,35,19,13,15667.83,0.0,26100.0,0.0,-15667.83,12
5199,36,19,13,16010.001,0.0,26670.0,0.0,-16010.001,14
5200,37,19,13,17438.715,0.0,29050.0,0.0,-17438.715,15
5201,1,20,13,55080.0,0.0,61200.0,0.0,-55080.0,15
5202,3,20,13,55080.0,0.0,61200.0,0.0,-55080.0,13
5203,32,20,13,23723.856,0.0,39520.0,0.0,-23723.856,9
5204,33,20,13,21004.497,0.0,34990.0,0.0,-21004.497,10
5205,34,20,13,18045.018,0.0,30060.0,0.0,-18045.018,11
5206,35,20,13,16448.22,0.0,27400.0,0.0,-16448.22,12
5207,36,20,13,18471.231,0.0,30770.0,0.0,-18471.231,14
5208,37,20,13,20584.287,0.0,34290.0,0.0,-20584.287,15
5209,1,21,13,55080.0,0.0,61200.0,0.0,-55080.0,15
5210,2,21,13,55080.0,0.0,61200.0,0.0,-55080.0,13
5211,3,21,13,55080.0,0.0,61200.0,0.0,-55080.0,13
5212,32,21,13,26319.744,0.0,41540.0,0.0,-26319.744,9
5213,33,21,13,22643.316,0.0,37720.0,0.0,-22643.316,10
5214,34,21,13,20014.002,0.0,33340.0,0.0,-20014.002,11
5215,35,21,13,16874.433,0.0,28110.0,0.0,-16874.433,12
5216,36,21,13,17414.703,0.0,29010.0,0.0,-17414.703,14
5217,37,21,13,20566.278,0.0,34260.0,0.0,-20566.278,15
5218,1,22,13,55080.0,0.0,61200.0,0.0,-55080.0,15
5219,2,22,13,55080.0,0.0,61200.0,0.0,-55080.0,13
5220,3,22,13,55080.0,0.0,61200.0,0.0,-55080.0,13
5221,32,22,13,35140.392,0.0,43920.0,0.0,-35140.392,8
5222,33,22,13,24420.204,0.0,40680.0,0.0,-24420.204,9
5223,34,22,13,22415.202,0.0,37340.0,0.0,-22415.202,11
5224,35,22,13,19959.975,0.0,33250.0,0.0,-19959.975,12
5225,36,22,13,17570.781,0.0,29270.0,0.0,-17570.781,14
5226,37,22,13,20458.224,0.0,34080.0,0.0,-20458.224,14
5227,38,22,13,24096.042,0.0,40140.0,0.0,-24096.042,15
5228,2,23,13,55080.0,0.0,61200.0,0.0,-55080.0,13
5229,3,23,13,55080.0,0.0,61200.0,0.0,-55080.0,13
5230,33,23,13,37102.968,0.0,44520.0,0.0,-37102.968,9
5231,34,23,13,29905.542,0.0,42710.0,0.0,-29905.542,10
5232,35,23,13,25502.4,0.0,40250.0,0.0,-25502.4,11
5233,36,23,13,20014.002,0.0,33340.0,0.0,-20014.002,12
5234,37,23,13,19317.654,0.0,32180.0,0.0,-19317.654,14
5235,38,23,13,23759.874,0.0,39580.0,0.0,-23759.874,15
5236,2,24,13,55080.0,0.0,61200.0,0.0,-55080.0,14
5237,3,24,13,55080.0,0.0,61200.0,0.0,-55080.0,13
5238,34,24,13,42129.0,0.0,46810.0,0.0,-42129.0,10
5239,35,24,13,39928.869,0.0,46070.0,0.0,-39928.869,11
5240,36,24,13,25458.048,0.0,40180.0,0.0,-25458.048,12
5241,37,24,13,19989.99,0.0,33300.0,0.0,-19989.99,14
5242,38,24,13,21730.86,0.0,36200.0,0.0,-21730.86,15
5243,2,25,13,55080.0,0.0,61200.0,0.0,-55080.0,14
5244,3,25,13,55080.0,0.0,61200.0,0.0,-55080.0,13
5245,35,25,13,44532.0,0.0,49480.0,0.0,-44532.0,12
5246,36,25,13,42121.62,0.0,48600.0,0.0,-42121.62,13
5247,37,25,13,28183.05,0.0,40250.0,0.0,-28183.05,14
5248,38,25,13,21208.599,0.0,35330.0,0.0,-21208.599,15
5249,2,26,13,55080.0,0.0,61200.0,0.0,-55080.0,14
5250,36,26,13,48852.0,0.0,54280.0,0.0,-48852.0,14
5251,37,26,13,44577.0,0.0,49530.0,0.0,-44577.0,14
5252,38,26,13,38911.446,0.0,46690.0,0.0,-38911.446,15
5253,2,27,13,55080.0,0.0,61200.0,0.0,-55080.0,14
5254,37,27,13,50760.0,0.0,56400.0,0.0,-50760.0,15
5255,38,27,13,51723.0,0.0,57470.0,0.0,-51723.0,
5256,2,28,13,55080.0,0.0,61200.0,0.0,-55080.0,15
5257,37,28,13,51858.0,0.0,57620.0,0.0,-51858.0,15
5258,37,29,13,50157.0,0.0,55730.0,0.0,-50157.0,15
5259,37,30,13,52506.0,0.0,58340.0,0.0,-52506.0,15
5260,30,40,13,40752.234,0.0,47020.0,0.0,-40752.234,
5261,11,0,14,1808.0901,0.0,6033.0,0.0,-1808.0901,15
5262,12,0,14,1535.6628,0.0,5124.0,0.0,-1535.6628,15
5263,13,0,14,1265.6331,0.0,4223.0,0.0,-1265.6331,15
5264,14,0,14,1002.7962,0.0,3346.0,0.0,-1002.7962,15
5265,15,0,14,778.0212,0.0,2596.0,0.0,-778.0212,15
5266,16,0,14,652.4469,0.0,2177.0,0.0,-652.4469,15
5267,17,0,14,652.7466,0.0,2178.0,0.0,-652.7466,15
5268,18,0,14,1505.6928,0.0,5024.0,0.0,-1505.6928,15
5269,19,0,14,1790.4078,0.0,5974.0,0.0,-1790.4078,15
5270,20,0,14,346.2534,0.0,1733.0,0.0,-346.2534,15
5271,10,1,14,2000.7972,0.0,6676.0,0.0,-2000.7972,15
5272,11,1,14,1735.5627,0.0,5791.0,0.0,-1735.5627,15
5273,12,1,14,1478.4201,0.0,4933.0,0.0,-1478.4201,14
5274,13,1,14,1237.4613,0.0,4129.0,0.0,-1237.4613,14
5275,14,1,14,1069.3296,0.0,3568.0,0.0,-1069.3296,14
5276,15,1,14,992.9061,0.0,3313.0,0.0,-992.9061,14
5277,16,1,14,931.7673,0.0,3109.0,0.0,-931.7673,14
5278,17,1,14,789.1101,0.0,2633.0,0.0,-789.1101,14
5279,18,1,14,1907.8902,0.0,6366.0,0.0,-1907.8902,14
5280,19,1,14,2380.2174,0.0,7942.0,0.0,-2380.2174,14
5281,20,1,14,902.097,0.0,3010.0,0.0,-902.097,14
5282,21,1,14,1.886445,0.0,56.65,0.0,-1.886445,14
5283,8,2,14,2469.2283,0.0,8239.0,0.0,-2469.2283,15
5284,9,2,14,2210.2875,0.0,7375.0,0.0,-2210.2875,15
5285,10,2,14,1958.5395,0.0,6535.0,0.0,-1958.5395,15
5286,11,2,14,1711.8864,0.0,5712.0,0.0,-1711.8864,14
5287,12,2,14,1504.7937,0.0,5021.0,0.0,-1504.7937,13
5288,13,2,14,1395.4032,0.0,4656.0,0.0,-1395.4032,13
5289,14,2,14,1339.659,0.0,4470.0,0.0,-1339.659,13
5290,15,2,14,1288.1106,0.0,4298.0,0.0,-1288.1106,13
5291,16,2,14,1192.2066,0.0,3978.0,0.0,-1192.2066,13
5292,17,2,14,906.8922,0.0,3026.0,0.0,-906.8922,13
5293,18,2,14,1985.5125,0.0,6625.0,0.0,-1985.5125,13
5294,19,2,14,2853.144,0.0,9520.0,0.0,-2853.144,13
5295,20,2,14,1730.4678,0.0,5774.0,0.0,-1730.4678,13
5296,21,2,14,242.9568,0.0,1216.0,0.0,-242.9568,13
5297,7,3,14,2689.2081,0.0,8973.0,0.0,-2689.2081,15
5298,8,3,14,2440.4571,0.0,8143.0,0.0,-2440.4571,15
5299,9,3,14,2192.9049,0.0,7317.0,0.0,-2192.9049,14
5300,10,3,14,1959.4386,0.0,6538.0,0.0,-1959.4386,14
5301,11,3,14,1807.191,0.0,6030.0,0.0,-1807.191,13
5302,12,3,14,1738.26,0.0,5800.0,0.0,-1738.26,13
5303,13,3,14,1686.7116,0.0,5628.0,0.0,-1686.7116,13
5304,14,3,14,1635.1632,0.0,5456.0,0.0,-1635.1632,13
5305,15,3,14,1583.6148,0.0,5284.0,0.0,-1583.6148,13
5306,16,3,14,1415.4831,0.0,4723.0,0.0,-1415.4831,13
5307,17,3,14,1021.6773,0.0,3409.0,0.0,-1021.6773,13
5308,18,3,14,1980.7173,0.0,6609.0,0.0,-1980.7173,13
5309,19,3,14,2825.2719,0.0,9427.0,0.0,-2825.2719,13
5310,20,3,14,2513.2842,0.0,8386.0,0.0,-2513.2842,13
5311,21,3,14,1263.8349,0.0,4217.0,0.0,-1263.8349,13
5312,22,3,14,205.9938,0.0,1031.0,0.0,-205.9938,13
5313,6,4,14,3311.685,0.0,11050.0,0.0,-3311.685,15
5314,7,4,14,3032.964,0.0,10120.0,0.0,-3032.964,15
5315,8,4,14,2916.6804,0.0,9732.0,0.0,-2916.6804,14
5316,9,4,14,2682.6147,0.0,8951.0,0.0,-2682.6147,13
5317,10,4,14,2566.3311,0.0,8563.0,0.0,-2566.3311,13
5318,11,4,14,2501.8956,0.0,8348.0,0.0,-2501.8956,13
5319,12,4,14,2440.1574,0.0,8142.0,0.0,-2440.1574,12
5320,13,4,14,2252.8449,0.0,7517.0,0.0,-2252.8449,11
5321,14,4,14,2194.4034,0.0,7322.0,0.0,-2194.4034,11
5322,15,4,14,2131.4664,0.0,7112.0,0.0,-2131.4664,11
5323,16,4,14,1820.0781,0.0,6073.0,0.0,-1820.0781,11
5324,17,4,14,1291.4073,0.0,4309.0,0.0,-1291.4073,11
5325,18,4,14,2018.4795,0.0,6735.0,0.0,-2018.4795,11
5326,19,4,14,2669.4279,0.0,8907.0,0.0,-2669.4279,11
5327,20,4,14,2991.6054,0.0,9982.0,0.0,-2991.6054,11
5328,21,4,14,2262.4353,0.0,7549.0,0.0,-2262.4353,11
5329,22,4,14,912.8862,0.0,3046.0,0.0,-912.8862,11
5330,23,4,14,1.303695,0.0,39.15,0.0,-1.303695,11
5331,5,5,14,3788.208,0.0,12640.0,0.0,-3788.208,15
5332,6,5,14,3491.505,0.0,11650.0,0.0,-3491.505,15
5333,7,5,14,3221.775,0.0,10750.0,0.0,-3221.775,14
5334,8,5,14,3056.94,0.0,10200.0,0.0,-3056.94,13
5335,9,5,14,2980.2168,0.0,9944.0,0.0,-2980.2168,13
5336,10,5,14,2918.1789,0.0,9737.0,0.0,-2918.1789,12
5337,11,5,14,2856.4407,0.0,9531.0,0.0,-2856.4407,11
5338,12,5,14,2794.7025,0.0,9325.0,0.0,-2794.7025,11
5339,13,5,14,2732.6646,0.0,9118.0,0.0,-2732.6646,10
5340,14,5,14,2670.9264,0.0,8912.0,0.0,-2670.9264,10
5341,15,5,14,2580.417,0.0,8610.0,0.0,-2580.417,10
5342,16,5,14,2118.879,0.0,7070.0,0.0,-2118.879,10
5343,17,5,14,1525.7727,0.0,5091.0,0.0,-1525.7727,10
5344,18,5,14,2059.2387,0.0,6871.0,0.0,-2059.2387,10
5345,19,5,14,2648.4489,0.0,8837.0,0.0,-2648.4489,10
5346,20,5,14,3254.742,0.0,10860.0,0.0,-3254.742,10
5347,21,5,14,3038.958,0.0,10140.0,0.0,-3038.958,10
5348,22,5,14,1485.3132,0.0,4956.0,0.0,-1485.3132,10
5349,23,5,14,37.63233,0.0,376.7,0.0,-37.63233,10
5350,4,6,14,4069.926,0.0,13580.0,0.0,-4069.926,15
5351,5,6,14,3779.217,0.0,12610.0,0.0,-3779.217,15
5352,6,6,14,3563.433,0.0,11890.0,0.0,-3563.433,14
5353,7,6,14,3458.538,0.0,11540.0,0.0,-3458.538,13
5354,8,6,14,3395.601,0.0,11330.0,0.0,-3395.601,13
5355,9,6,14,3335.661,0.0,11130.0,0.0,-3335.661,12
5356,10,6,14,3272.724,0.0,10920.0,0.0,-3272.724,11
5357,11,6,14,3209.787,0.0,10710.0,0.0,-3209.787,10
5358,12,6,14,3149.847,0.0,10510.0,0.0,-3149.847,10
5359,13,6,14,3086.91,0.0,10300.0,0.0,-3086.91,9
5360,14,6,14,3023.973,0.0,10090.0,0.0,-3023.973,9
5361,15,6,14,2871.7254,0.0,9582.0,0.0,-2871.7254,9
5362,16,6,14,2305.5921,0.0,7693.0,0.0,-2305.5921,9
5363,17,6,14,1684.9134,0.0,5622.0,0.0,-1684.9134,9
5364,18,6,14,1826.9712,0.0,6096.0,0.0,-1826.9712,9
5365,19,6,14,2499.7977,0.0,8341.0,0.0,-2499.7977,9
5366,20,6,14,3194.802,0.0,10660.0,0.0,-3194.802,9
5367,21,6,14,3383.613,0.0,11290.0,0.0,-3383.613,9
5368,22,6,14,1769.7285,0.0,5905.0,0.0,-1769.7285,9
5369,23,6,14,19.66032,0.0,295.2,0.0,-19.66032,9
5370,3,7,14,4345.65,0.0,14500.0,0.0,-4345.65,15
5371,4,7,14,4078.917,0.0,13610.0,0.0,-4078.917,15
5372,5,7,14,3890.106,0.0,12980.0,0.0,-3890.106,14
5373,6,7,14,3812.184,0.0,12720.0,0.0,-3812.184,13
5374,7,7,14,3767.229,0.0,12570.0,0.0,-3767.229,13
5375,8,7,14,3725.271,0.0,12430.0,0.0,-3725.271,12
5376,9,7,14,3674.322,0.0,12260.0,0.0,-3674.322,11
5377,10,7,14,3620.376,0.0,12080.0,0.0,-3620.376,10
5378,11,7,14,3563.433,0.0,11890.0,0.0,-3563.433,9
5379,12,7,14,3503.493,0.0,11690.0,0.0,-3503.493,9
5380,13,7,14,3440.556,0.0,11480.0,0.0,-3440.556,7
5381,14,7,14,3377.619,0.0,11270.0,0.0,-3377.619,7
5382,15,7,14,3116.88,0.0,10400.0,0.0,-3116.88,7
5383,16,7,14,2494.1034,0.0,8322.0,0.0,-2494.1034,7
5384,17,7,14,1877.9202,0.0,6266.0,0.0,-1877.9202,7
5385,18,7,14,1684.6137,0.0,5621.0,0.0,-1684.6137,7
5386,19,7,14,2266.3314,0.0,7562.0,0.0,-2266.3314,7
5387,20,7,14,2981.4156,0.0,9948.0,0.0,-2981.4156,7
5388,21,7,14,2700.5967,0.0,9011.0,0.0,-2700.5967,7
5389,22,7,14,452.547,0.0,2265.0,0.0,-452.547,7
5390,3,8,14,4402.593,0.0,14690.0,0.0,-4402.593,15
5391,4,8,14,4246.749,0.0,14170.0,0.0,-4246.749,14
5392,5,8,14,4108.887,0.0,13710.0,0.0,-4108.887,13
5393,6,8,14,3997.998,0.0,13340.0,0.0,-3997.998,13
5394,7,8,14,3950.046,0.0,13180.0,0.0,-3950.046,12
5395,8,8,14,3917.079,0.0,13070.0,0.0,-3917.079,11
5396,9,8,14,3884.112,0.0,12960.0,0.0,-3884.112,10
5397,10,8,14,3848.148,0.0,12840.0,0.0,-3848.148,9
5398,11,8,14,3815.181,0.0,12730.0,0.0,-3815.181,8
5399,12,8,14,3776.22,0.0,12600.0,0.0,-3776.22,7
5400,13,8,14,3734.262,0.0,12460.0,0.0,-3734.262,7
5401,14,8,14,3674.322,0.0,12260.0,0.0,-3674.322,6
5402,15,8,14,3323.673,0.0,11090.0,0.0,-3323.673,6
5403,16,8,14,2690.4069,0.0,8977.0,0.0,-2690.4069,6
5404,17,8,14,2120.9769,0.0,7077.0,0.0,-2120.9769,6
5405,18,8,14,1807.4907,0.0,6031.0,0.0,-1807.4907,6
5406,19,8,14,1941.1569,0.0,6477.0,0.0,-1941.1569,6
5407,20,8,14,1903.9941,0.0,6353.0,0.0,-1903.9941,6
5408,21,8,14,310.2894,0.0,1553.0,0.0,-310.2894,6
5409,3,9,14,4564.431,0.0,15230.0,0.0,-4564.431,15
5410,4,9,14,4441.554,0.0,14820.0,0.0,-4441.554,14
5411,5,9,14,4321.674,0.0,14420.0,0.0,-4321.674,13
5412,6,9,14,4195.8,0.0,14000.0,0.0,-4195.8,12
5413,7,9,14,4111.884,0.0,13720.0,0.0,-4111.884,11
5414,8,9,14,4072.923,0.0,13590.0,0.0,-4072.923,10
5415,9,9,14,4030.965,0.0,13450.0,0.0,-4030.965,9
5416,10,9,14,3989.007,0.0,13310.0,0.0,-3989.007,8
5417,11,9,14,3944.052,0.0,13160.0,0.0,-3944.052,7
5418,2,10,14,4780.215,0.0,15950.0,0.0,-4780.215,15
5419,3,10,14,4666.329,0.0,15570.0,0.0,-4666.329,15
5420,4,10,14,4549.446,0.0,15180.0,0.0,-4549.446,13
5421,5,10,14,4435.56,0.0,14800.0,0.0,-4435.56,13
5422,6,10,14,4327.668,0.0,14440.0,0.0,-4327.668,11
5423,7,10,14,4231.764,0.0,14120.0,0.0,-4231.764,10
5424,8,10,14,4171.824,0.0,13920.0,0.0,-4171.824,10
5425,9,10,14,4123.872,0.0,13760.0,0.0,-4123.872,8
5426,2,11,14,4879.116,0.0,16280.0,0.0,-4879.116,15
5427,3,11,14,4765.23,0.0,15900.0,0.0,-4765.23,14
5428,4,11,14,4654.341,0.0,15530.0,0.0,-4654.341,13
5429,5,11,14,4549.446,0.0,15180.0,0.0,-4549.446,12
5430,6,11,14,4450.545,0.0,14850.0,0.0,-4450.545,11
5431,7,11,14,4348.647,0.0,14510.0,0.0,-4348.647,10
5432,8,11,14,4264.731,0.0,14230.0,0.0,-4264.731,9
5433,1,12,14,4234.761,0.0,14130.0,0.0,-4234.761,15
5434,2,12,14,4609.386,0.0,15380.0,0.0,-4609.386,15
5435,3,12,14,4873.122,0.0,16260.0,0.0,-4873.122,14
5436,4,12,14,4771.224,0.0,15920.0,0.0,-4771.224,13
5437,5,12,14,4672.323,0.0,15590.0,0.0,-4672.323,12
5438,6,12,14,4570.425,0.0,15250.0,0.0,-4570.425,11
5439,1,13,14,4336.659,0.0,14470.0,0.0,-4336.659,15
5440,2,13,14,4624.371,0.0,15430.0,0.0,-4624.371,14
5441,3,13,14,4995.999,0.0,16670.0,0.0,-4995.999,13
5442,4,13,14,4894.101,0.0,16330.0,0.0,-4894.101,13
5443,5,13,14,4792.203,0.0,15990.0,0.0,-4792.203,11
5444,1,14,14,4552.443,0.0,15190.0,0.0,-4552.443,15
5445,2,14,14,4960.035,0.0,16550.0,0.0,-4960.035,14
5446,3,14,14,5142.852,0.0,17160.0,0.0,-5142.852,13
5447,4,14,14,5034.96,0.0,16800.0,0.0,-5034.96,12
5448,1,15,14,4861.134,0.0,16220.0,0.0,-4861.134,15
5449,2,15,14,5361.633,0.0,17890.0,0.0,-5361.633,13
5450,3,15,14,5316.678,0.0,17740.0,0.0,-5316.678,13
5451,0,16,14,9841.428,0.0,18440.0,0.0,-9841.428,15
5452,1,16,14,5890.77,0.0,17690.0,0.0,-5890.77,14
5453,2,16,14,5778.216,0.0,19280.0,0.0,-5778.216,13
5454,0,17,14,11963.979,0.0,19930.0,0.0,-11963.979,15
5455,1,17,14,10497.879,0.0,19670.0,0.0,-10497.879,13
5456,0,18,14,12774.384,0.0,21280.0,0.0,-12774.384,15
5457,1,18,14,13068.531,0.0,21770.0,0.0,-13068.531,13
5458,0,19,14,13554.774,0.0,22580.0,0.0,-13554.774,15
5459,1,19,14,14569.281,0.0,24270.0,0.0,-14569.281,13
5460,0,20,14,15301.647,0.0,25490.0,0.0,-15301.647,15
5461,0,21,14,17144.568,0.0,28560.0,0.0,-17144.568,15
5462,0,22,14,17240.616,0.0,28720.0,0.0,-17240.616,15
5463,0,23,14,17192.592,0.0,28640.0,0.0,-17192.592,15
5464,18,28,3,65124.0,701587.928,72360.0,72360.0,636463.928,10
5465,16,29,3,63288.0,383824.424,70320.0,64320.0,320536.424,15
5466,17,29,3,65124.0,534884.472,72360.0,72360.0,469760.47199999995,13
5467,17,27,4,65124.0,720947.632,72360.0,72360.0,655823.632,8
5468,18,27,4,65124.0,758179.44,72360.0,72360.0,693055.44,8
5469,19,27,4,65124.0,930407.968,72360.0,72360.0,865283.968,8
5470,15,28,4,65124.0,575433.424,72360.0,72360.0,510309.424,12
5471,16,28,4,65124.0,631794.68,72360.0,72360.0,566670.68,10
5472,17,28,4,65124.0,671370.832,72360.0,72360.0,606246.832,9
5473,18,28,4,65124.0,730334.704,72360.0,72360.0,665210.704,8
5474,19,28,4,65124.0,593989.872,72360.0,72360.0,528865.872,8
5475,20,28,4,65124.0,534409.384,72360.0,72360.0,469285.38399999996,9
5476,21,28,4,65124.0,418417.6,72360.0,72360.0,353293.6,9
5477,22,28,4,65124.0,337149.84,72360.0,72360.0,272025.84,9
5478,23,28,4,65124.0,307970.168,72360.0,72360.0,242846.168,10
5479,14,29,4,65124.0,398651.184,72360.0,72360.0,333527.184,15
5480,15,29,4,65124.0,480869.784,72360.0,72360.0,415745.784,14
5481,16,29,4,65124.0,534854.728,72360.0,72360.0,469730.728,12
5482,17,29,4,65124.0,561725.976,72360.0,72360.0,496601.976,10
5483,18,29,4,65124.0,664550.04,72360.0,72360.0,599426.04,9
5484,19,29,4,65124.0,586974.288,72360.0,72360.0,521850.28799999994,9
5485,20,29,4,65124.0,552667.672,72360.0,72360.0,487543.672,9
5486,21,29,4,65124.0,489487.264,72360.0,72360.0,424363.264,9
5487,22,29,4,65124.0,366860.9232,72360.0,72360.0,301736.9232,10
5488,23,29,4,65124.0,392772.64,72360.0,72360.0,327648.64,11
5489,24,29,4,65124.0,462557.264,72360.0,72360.0,397433.264,12
5490,25,29,4,65124.0,694226.776,72360.0,72360.0,629102.776,12
5491,16,30,4,65124.0,386414.624,72360.0,72360.0,321290.624,14
5492,17,30,4,65124.0,499328.032,72360.0,72360.0,434204.032,12
5493,18,30,4,65124.0,633357.768,72360.0,72360.0,568233.768,11
5494,19,30,4,65124.0,595181.344,72360.0,72360.0,530057.344,10
5495,20,30,4,65124.0,548937.904,72360.0,72360.0,483813.904,10
5496,21,30,4,65124.0,470858.632,72360.0,72360.0,405734.632,10
5497,22,30,4,65124.0,451726.368,72360.0,72360.0,386602.368,11
5498,23,30,4,65124.0,604738.0064,72360.0,72360.0,539614.0064,12
5499,24,30,4,65124.0,755707.232,72360.0,72360.0,690583.232,12
5500,25,30,4,65124.0,723410.184,72360.0,72360.0,658286.184,13
5501,26,30,4,65124.0,637861.504,72360.0,72360.0,572737.504,14
5502,27,30,4,65124.0,590615.92,72360.0,72360.0,525491.92,14
5503,17,31,4,60948.0,90633.8336,67720.0,50920.0,29685.833599999998,15
5504,18,31,4,64512.0,333243.3616,71680.0,69680.0,268731.3616,13
5505,19,31,4,65124.0,513506.656,72360.0,72360.0,448382.656,12
5506,20,31,4,65124.0,484804.36,72360.0,72360.0,419680.36,12
5507,21,31,4,65124.0,468361.856,72360.0,72360.0,403237.856,12
5508,22,31,4,65124.0,381049.736,72360.0,72360.0,315925.736,12
5509,23,31,4,65124.0,290804.336,72360.0,72360.0,225680.336,14
5510,24,31,4,65124.0,336414.28,72360.0,72360.0,271290.28,14
5511,25,31,4,65124.0,408768.2544,72360.0,72360.0,343644.2544,14
5512,26,31,4,63036.0,217585.824,70040.0,61640.0,154549.824,15
5513,19,32,4,65124.0,402838.784,72360.0,72360.0,337714.784,14
5514,20,32,4,65124.0,474186.272,72360.0,72360.0,409062.272,14
5515,21,32,4,65124.0,459143.144,72360.0,72360.0,394019.144,14
5516,22,32,4,65124.0,334984.776,72360.0,72360.0,269860.776,14
5517,23,32,4,65124.0,232342.064,72360.0,72360.0,167218.064,15
5518,18,26,5,65124.0,959469.288,72360.0,72360.0,894345.288,4
5519,19,26,5,65124.0,1199967.776,72360.0,72360.0,1134843.776,4
5520,20,26,5,65124.0,1281311.408,72360.0,72360.0,1216187.408,4
5521,16,27,5,65124.0,776482.624,72360.0,72360.0,711358.624,8
5522,18,27,5,65124.0,905571.024,72360.0,72360.0,840447.024,7
5523,19,27,5,65124.0,998329.672,72360.0,72360.0,933205.672,7
5524,20,27,5,65124.0,961382.664,72360.0,72360.0,896258.664,7
5525,21,27,5,65124.0,848161.08,72360.0,72360.0,783037.08,7
5526,22,27,5,65124.0,721358.4,72360.0,72360.0,656234.4,8
5527,23,27,5,65124.0,630571.24,72360.0,72360.0,565447.24,9
5528,14,28,5,65124.0,528577.72,72360.0,72360.0,463453.72,12
5529,16,28,5,65124.0,682860.792,72360.0,72360.0,617736.792,8
5530,17,28,5,65124.0,766335.912,72360.0,72360.0,701211.912,8
5531,18,28,5,65124.0,865298.064,72360.0,72360.0,800174.064,8
5532,19,28,5,65124.0,792275.744,72360.0,72360.0,727151.744,8
5533,20,28,5,65124.0,646859.296,72360.0,72360.0,581735.296,8
5534,21,28,5,65124.0,598544.04,72360.0,72360.0,533420.04,8
5535,22,28,5,65124.0,576201.56,72360.0,72360.0,511077.56000000006,9
5536,23,28,5,65124.0,456726.488,72360.0,72360.0,391602.488,9
5537,24,28,5,65124.0,482579.952,72360.0,72360.0,417455.952,10
5538,25,28,5,65016.00703,557623.072,72240.00781,72240.0,492607.06497000006,10
5539,13,29,5,65124.0,380528.704,72360.0,72360.0,315404.704,14
5540,14,29,5,65124.0,493698.76,72360.0,72360.0,428574.76,12
5541,15,29,5,65124.0,543589.416,72360.0,72360.0,478465.41599999997,12
5542,16,29,5,65124.0,540650.416,72360.0,72360.0,475526.41599999997,9
5543,17,29,5,65124.0,619984.368,72360.0,72360.0,554860.368,9
5544,18,29,5,65124.0,758308.616,72360.0,72360.0,693184.616,8
5545,19,29,5,65124.0,728489.744,72360.0,72360.0,663365.744,8
5546,20,29,5,65124.0,613125.544,72360.0,72360.0,548001.544,8
5547,21,29,5,65124.0,534277.672,72360.0,72360.0,469153.672,9
5548,22,29,5,65124.0,535676.392,72360.0,72360.0,470552.392,9
5549,23,29,5,65124.0,659486.096,72360.0,72360.0,594362.096,10
5550,24,29,5,65124.0,741899.576,72360.0,72360.0,676775.576,10
5551,25,29,5,65124.0,765635.88,72360.0,72360.0,700511.88,11
5552,26,29,5,65097.0,775657.144,72330.0,72330.0,710560.144,12
5553,27,29,5,64665.01407,466153.296,71850.01563,71850.0,401488.28193,13
5554,14,30,5,61920.0,246074.784,68800.0,53600.0,184154.784,14
5555,15,30,5,64512.0,486434.32,71680.0,69680.0,421922.32,12
5556,16,30,5,65124.0,532111.936,72360.0,72360.0,466987.936,12
5557,17,30,5,65124.0,603965.728,72360.0,72360.0,538841.728,10
5558,18,30,5,65124.0,701387.688,72360.0,72360.0,636263.688,9
5559,19,30,5,65124.0,683925.64,72360.0,72360.0,618801.64,9
5560,20,30,5,65124.0,602967.68,72360.0,72360.0,537843.68,9
5561,21,30,5,65124.0,514670.296,72360.0,72360.0,449546.296,9
5562,22,30,5,65124.0,527814.112,72360.0,72360.0,462690.11199999996,10
5563,23,30,5,65124.0,694602.328,72360.0,72360.0,629478.328,10
5564,24,30,5,65124.0,777808.984,72360.0,72360.0,712684.984,11
5565,25,30,5,65124.0,720392.544,72360.0,72360.0,655268.544,12
5566,26,30,5,65124.0,657316.464,72360.0,72360.0,592192.464,13
5567,27,30,5,65097.0,610817.532,72330.0,72330.0,545720.532,14
5568,28,30,5,64665.01407,374143.684,71850.01563,71850.0,309478.66993000003,14
5569,15,31,5,57960.0,86960.4288,64400.0,26800.0,29000.428799999994,15
5570,16,31,5,64512.0,229928.16,71680.0,69680.0,165416.16,13
5571,17,31,5,65124.0,315099.184,72360.0,72360.0,249975.184,12
5572,18,31,5,65124.0,487937.832,72360.0,72360.0,422813.832,10
5573,19,31,5,65124.0,582538.6,72360.0,72360.0,517414.6,10
5574,20,31,5,65124.0,529777.088,72360.0,72360.0,464653.088,10
5575,21,31,5,65124.0,481116.384,72360.0,72360.0,415992.384,10
5576,22,31,5,65124.0,441584.832,72360.0,72360.0,376460.832,11
5577,23,31,5,65124.0,443537.032,72360.0,72360.0,378413.032,12
5578,24,31,5,65124.0,508237.896,72360.0,72360.0,443113.896,12
5579,25,31,5,65124.0,503376.856,72360.0,72360.0,438252.856,13
5580,26,31,5,65124.0,432122.048,72360.0,72360.0,366998.048,14
5581,27,31,5,62280.0,297960.032,69200.0,53600.0,235680.032,14
5582,28,31,5,58824.0,176472.0,65360.0,32160.0,117648.0,15
5583,17,32,5,61920.0,175831.6,68800.0,53600.0,113911.6,14
5584,18,32,5,64512.0,284113.456,71680.0,69680.0,219601.456,12
5585,19,32,5,65124.0,441825.744,72360.0,72360.0,376701.744,12
5586,20,32,5,65124.0,438453.912,72360.0,72360.0,373329.912,12
5587,21,32,5,65124.0,454656.96,72360.0,72360.0,389532.96,12
5588,22,32,5,65124.0,402485.376,72360.0,72360.0,337361.376,12
5589,23,32,5,65124.0,312612.672,72360.0,72360.0,247488.67200000002,14
5590,24,32,5,65124.0,295386.16,72360.0,72360.0,230262.15999999997,14
5591,25,32,5,64512.0,230079.088,71680.0,69680.0,165567.088,14
5592,26,32,5,59184.0,58838.112,65760.0,32160.0,-345.887999999999,15
5593,18,33,5,56088.0,44184.192,62320.0,10720.0,-11903.807999999997,14
5594,19,33,5,57600.0,154393.936,64000.0,26800.0,96793.93599999999,14
5595,20,33,5,58104.0,204658.752,64560.0,32160.0,146554.752,14
5596,21,33,5,58608.0,242340.08,65120.0,37520.0,183732.08,14
5597,22,33,5,58608.0,206175.296,65120.0,37520.0,147567.296,14
5598,23,33,5,57348.0,97499.696,63720.0,24120.0,40151.695999999996,15
5599,20,25,6,65043.00703,1332261.936,72270.00781,72270.0,1267218.92897,3
5600,19,26,6,65124.0,1236428.976,72360.0,72360.0,1171304.976,3
5601,20,26,6,65124.0,1338240.224,72360.0,72360.0,1273116.224,3
5602,21,26,6,65097.0,1190240.784,72330.0,72330.0,1125143.784,4
5603,22,26,6,64800.01407,861235.16,72000.01563,72000.0,796435.14593,6
5604,23,26,6,64449.01407,739717.864,71610.01563,71610.0,675268.8499299999,7
5605,24,26,6,64395.01407,860388.96,71550.01563,71550.0,795993.9459299999,7
5606,19,27,6,65124.0,1123962.68,72360.0,72360.0,1058838.68,4
5607,20,27,6,65124.0,1113319.12,72360.0,72360.0,1048195.1200000001,4
5608,21,27,6,65124.0,906550.376,72360.0,72360.0,841426.376,6
5609,22,27,6,65124.0,947696.576,72360.0,72360.0,882572.576,7
5610,23,27,6,64989.00703,872219.832,72210.00781,72210.0,807230.8249700001,7
5611,24,27,6,64503.0211,694326.424,71670.02344,71670.0,629823.4029,8
5612,25,27,6,64395.01407,450253.656,71550.01563,71550.0,385858.64193000004,9
5613,26,27,6,64395.01407,501274.792,71550.01563,71550.0,436879.77793000004,10
5614,18,28,6,65124.0,986349.248,72360.0,72360.0,921225.248,7
5615,19,28,6,65124.0,975963.288,72360.0,72360.0,910839.288,7
5616,20,28,6,65124.0,779118.92,72360.0,72360.0,713994.92,7
5617,21,28,6,65124.0,602498.688,72360.0,72360.0,537374.688,7
5618,22,28,6,65124.0,734909.568,72360.0,72360.0,669785.568,7
5619,23,28,6,65124.0,799877.608,72360.0,72360.0,734753.608,8
5620,24,28,6,65043.00703,709157.384,72270.00781,72270.0,644114.37697,9
5621,25,28,6,64584.01407,567898.36,71760.01563,71760.0,503314.34593,9
5622,26,28,6,64395.01407,517692.856,71550.01563,71550.0,453297.84193000005,10
5623,27,28,6,64395.01407,364219.588,71550.01563,71550.0,299824.57393,12
5624,11,29,6,65124.0,247887.68,72360.0,72360.0,182763.68,15
5625,12,29,6,65124.0,373840.616,72360.0,72360.0,308716.616,14
5626,13,29,6,65124.0,462560.368,72360.0,72360.0,397436.368,12
5627,16,29,6,65124.0,552030.048,72360.0,72360.0,486906.04799999995,8
5628,17,29,6,65124.0,654056.016,72360.0,72360.0,588932.016,8
5629,18,29,6,65124.0,838079.872,72360.0,72360.0,772955.872,8
5630,19,29,6,65124.0,871742.384,72360.0,72360.0,806618.384,8
5631,20,29,6,65124.0,758494.48,72360.0,72360.0,693370.48,8
5632,21,29,6,65124.0,552309.72,72360.0,72360.0,487185.72,8
5633,22,29,6,65124.0,579019.0,72360.0,72360.0,513895.0,8
5634,23,29,6,65124.0,830950.888,72360.0,72360.0,765826.888,9
5635,24,29,6,65124.0,888386.08,72360.0,72360.0,823262.08,9
5636,25,29,6,65097.0,776917.024,72330.0,72330.0,711820.024,10
5637,26,29,6,64665.01407,572901.98,71850.01563,71850.0,508236.96593,11
5638,27,29,6,64395.01407,393333.032,71550.01563,71550.0,328938.01793000003,12
5639,28,29,6,64395.01407,221156.116,71550.01563,71550.0,156761.10193,13
5640,12,30,6,65124.0,186399.8976,72360.0,72360.0,121275.8976,15
5641,13,30,6,65124.0,239535.6064,72360.0,72360.0,174411.6064,14
5642,14,30,6,65124.0,344605.7024,72360.0,72360.0,279481.7024,12
5643,15,30,6,65124.0,536009.568,72360.0,72360.0,470885.56799999997,10
5644,16,30,6,65124.0,540769.296,72360.0,72360.0,475645.296,9
5645,17,30,6,65124.0,640082.272,72360.0,72360.0,574958.272,8
5646,18,30,6,65124.0,748772.12,72360.0,72360.0,683648.12,8
5647,19,30,6,65124.0,730318.752,72360.0,72360.0,665194.752,8
5648,20,30,6,65124.0,647963.424,72360.0,72360.0,582839.424,8
5649,21,30,6,65124.0,501692.2,72360.0,72360.0,436568.2,9
5650,22,30,6,65124.0,482397.664,72360.0,72360.0,417273.664,9
5651,23,30,6,65124.0,694844.208,72360.0,72360.0,629720.208,9
5652,24,30,6,65124.0,756172.152,72360.0,72360.0,691048.152,10
5653,25,30,6,65124.0,702419.184,72360.0,72360.0,637295.184,11
5654,26,30,6,65097.0,648144.528,72330.0,72330.0,583047.528,12
5655,27,30,6,64665.01407,492159.74,71850.01563,71850.0,427494.72593,12
5656,28,30,6,64395.01407,297141.276,71550.01563,71550.0,232746.26193,14
5657,29,30,6,64395.01407,164490.544,71550.01563,71550.0,100095.52992999999,14
5658,13,31,6,62532.0,10275.76,69480.0,56280.0,-52256.24,15
5659,14,31,6,58572.0,853.9552,65080.0,29480.0,-57718.0448,14
5660,15,31,6,64512.0,159638.1728,71680.0,69680.0,95126.1728,12
5661,16,31,6,65124.0,380960.304,72360.0,72360.0,315836.304,10
5662,17,31,6,65124.0,476965.648,72360.0,72360.0,411841.648,9
5663,18,31,6,65124.0,605859.68,72360.0,72360.0,540735.68,9
5664,19,31,6,65124.0,659489.536,72360.0,72360.0,594365.536,9
5665,20,31,6,65124.0,601070.92,72360.0,72360.0,535946.92,9
5666,21,31,6,65124.0,493447.92,72360.0,72360.0,428323.92,9
5667,22,31,6,65124.0,437687.632,72360.0,72360.0,372563.632,10
5668,23,31,6,65124.0,502390.28,72360.0,72360.0,437266.28,10
5669,24,31,6,65124.0,589248.832,72360.0,72360.0,524124.83200000005,11
5670,25,31,6,65124.0,560021.952,72360.0,72360.0,494897.95200000005,12
5671,26,31,6,65124.0,519352.8,72360.0,72360.0,454228.8,12
5672,27,31,6,64260.0,451264.624,71400.0,67000.0,387004.624,13
5673,28,31,6,63459.0,322074.176,70510.0,64110.0,258615.17599999998,14
5674,29,31,6,64557.01407,258149.74,71730.01563,71730.0,193592.72593,15
5675,30,31,6,64395.01407,356283.396,71550.01563,71550.0,291888.38193000003,15
5676,15,32,6,57204.0,38326.144,63560.0,18760.0,-18877.856,14
5677,16,32,6,63648.0,292517.296,70720.0,64320.0,228869.29599999997,12
5678,17,32,6,65124.0,369989.968,72360.0,72360.0,304865.968,11
5679,18,32,6,65124.0,432955.52,72360.0,72360.0,367831.52,10
5680,19,32,6,65124.0,538900.8,72360.0,72360.0,473776.80000000005,10
5681,20,32,6,65124.0,551834.912,72360.0,72360.0,486710.912,10
5682,21,32,6,65124.0,539708.488,72360.0,72360.0,474584.488,10
5683,22,32,6,65124.0,493400.976,72360.0,72360.0,428276.976,10
5684,23,32,6,65124.0,383161.216,72360.0,72360.0,318037.216,11
5685,24,32,6,65124.0,355564.56,72360.0,72360.0,290440.56,12
5686,25,32,6,65124.0,257248.064,72360.0,72360.0,192124.064,13
5687,26,32,6,63648.0,133868.5536,70720.0,64320.0,70220.55360000001,14
5688,27,32,6,56700.0,26101.6032,63000.0,13400.0,-30598.3968,14
5689,28,32,6,56952.0,36557.344,63280.0,16080.0,-20394.656000000003,15
5690,16,33,6,55332.0,14859.312,61480.0,2680.0,-40472.688,14
5691,17,33,6,57708.0,125542.336,64120.0,24120.0,67834.336,13
5692,18,33,6,61920.0,286380.72,68800.0,53600.0,224460.71999999997,12
5693,19,33,6,64512.0,465607.104,71680.0,69680.0,401095.104,12
5694,20,33,6,65124.0,527350.24,72360.0,72360.0,462226.24,12
5695,21,33,6,65124.0,534035.104,72360.0,72360.0,468911.10400000005,12
5696,22,33,6,65124.0,447334.336,72360.0,72360.0,382210.336,12
5697,23,33,6,65124.0,292684.832,72360.0,72360.0,227560.832,12
5698,24,33,6,63648.0,222842.5408,70720.0,64320.0,159194.5408,14
5699,25,33,6,59184.0,104654.112,65760.0,32160.0,45470.111999999994,14
5700,26,33,6,55332.0,6240.752,61480.0,2680.0,-49091.248,15
5701,18,34,6,55080.0,0.0,61200.0,0.0,-55080.0,14
5702,19,34,6,56592.0,114882.704,62880.0,16080.0,58290.704,14
5703,20,34,6,60444.0,324022.144,67160.0,45560.0,263578.144,14
5704,21,34,6,60948.0,355849.968,67720.0,50920.0,294901.968,14
5705,22,34,6,59328.0,183125.808,65920.0,37520.0,123797.80799999999,14
5706,23,34,6,56340.0,25102.16,62600.0,13400.0,-31237.84,14
5707,16,16,7,65124.0,545968.952,72360.0,72360.0,480844.95200000005,6
5708,20,16,7,66825.0,871945.144,74250.0,74250.0,805120.144,6
5709,21,16,7,66825.0,838008.616,74250.0,74250.0,771183.616,6
5710,22,16,7,66825.0,741994.128,74250.0,74250.0,675169.128,6
5711,23,16,7,66825.0,653934.88,74250.0,74250.0,587109.88,7
5712,24,16,7,66825.0,639164.904,74250.0,74250.0,572339.904,8
5713,14,17,7,64395.01407,364083.06,71550.01563,71550.0,299688.04593,8
5714,15,17,7,64422.01407,454131.08,71580.01563,71580.0,389709.06593000004,7
5715,25,17,7,65124.0,704368.328,72360.0,72360.0,639244.328,9
5716,12,18,7,64989.00703,107036.908,72210.00781,72210.0,42047.900969999995,11
5717,13,18,7,64422.01407,244508.008,71580.01563,71580.0,180085.99393,10
5718,25,18,7,65124.0,449817.76,72360.0,72360.0,384693.76,8
5719,11,19,7,60660.0,0.0,67400.0,0.0,-60660.0,11
5720,10,20,7,57060.0,0.0,63400.0,0.0,-57060.0,13
5721,9,21,7,55080.0,0.0,61200.0,0.0,-55080.0,13
5722,10,21,7,58680.0,0.0,65200.0,0.0,-58680.0,13
5723,25,21,7,65124.0,554912.312,72360.0,72360.0,489788.31200000003,7
5724,9,22,7,55080.0,0.0,61200.0,0.0,-55080.0,13
5725,10,22,7,56592.0,0.0,62880.0,0.0,-56592.0,13
5726,24,22,7,65124.0,577568.896,72360.0,72360.0,512444.89599999995,6
5727,25,22,7,65124.0,590420.072,72360.0,72360.0,525296.072,7
5728,9,23,7,55080.0,0.0,61200.0,0.0,-55080.0,14
5729,10,23,7,55836.0,0.0,62040.0,0.0,-55836.0,13
5730,23,23,7,64395.01407,600925.768,71550.01563,71550.0,536530.75393,4
5731,24,23,7,64584.00703,517010.152,71760.00781,71760.0,452426.14497,6
5732,25,23,7,65097.0,601041.392,72330.0,72330.0,535944.392,7
5733,9,24,7,55080.0,0.0,61200.0,0.0,-55080.0,14
5734,10,24,7,55332.0,0.0,61480.0,0.0,-55332.0,13
5735,22,24,7,64395.01407,757152.504,71550.01563,71550.0,692757.4899299999,3
5736,23,24,7,64395.01407,666262.272,71550.01563,71550.0,601867.25793,4
5737,24,24,7,64395.01407,697804.84,71550.01563,71550.0,633409.8259299999,6
5738,25,24,7,64530.01407,690292.96,71700.01563,71700.0,625762.9459299999,7
5739,9,25,7,55080.0,0.0,61200.0,0.0,-55080.0,14
5740,10,25,7,55080.0,0.0,61200.0,0.0,-55080.0,13
5741,9,26,7,55080.0,0.0,61200.0,0.0,-55080.0,14
5742,10,26,7,55080.0,0.0,61200.0,0.0,-55080.0,13
5743,9,27,7,55332.0,1260.0288,61480.0,2680.0,-54071.9712,15
5744,15,15,8,65124.0,504615.92,72360.0,72360.0,439491.92,7
5745,20,15,8,65502.0,216154.1408,72780.0,72780.0,150652.1408,6
5746,21,15,8,65754.0,288842.3088,73060.0,73060.0,223088.3088,6
5747,22,15,8,65691.0,292027.4768,72990.0,72990.0,226336.4768,6
5748,23,15,8,65628.0,573333.5136,72920.0,72920.0,507705.51359999995,6
5749,26,15,8,65313.0,257466.2592,72570.0,72570.0,192153.2592,10
5750,27,15,8,65250.0,160850.128,72500.0,72500.0,95600.128,11
5751,28,15,8,65124.0,136508.592,72360.0,72360.0,71384.592,11
5752,13,16,8,64395.01407,186714.568,71550.01563,71550.0,122319.55393,10
5753,14,16,8,64476.01407,264549.532,71640.01563,71640.0,200073.51793,8
5754,27,16,8,65439.00703,377185.192,72710.00781,72710.0,311746.18497,10
5755,28,16,8,65124.0,292155.584,72360.0,72360.0,227031.58399999997,11
5756,29,16,8,65124.0,334692.056,72360.0,72360.0,269568.056,12
5757,30,16,8,65124.0,284574.1856,72360.0,72360.0,219450.18560000003,13
5758,12,17,8,64395.01407,148834.712,71550.01563,71550.0,84439.69793,10
5759,26,17,8,65124.0,324396.5856,72360.0,72360.0,259272.5856,9
5760,27,17,8,65124.0,268586.928,72360.0,72360.0,203462.928,10
5761,28,17,8,65124.0,336613.136,72360.0,72360.0,271489.136,11
5762,29,17,8,65124.0,383887.056,72360.0,72360.0,318763.056,12
5763,30,17,8,65124.0,378915.856,72360.0,72360.0,313791.856,12
5764,31,17,8,63756.0,320312.656,70840.0,61640.0,256556.65600000002,13
5765,11,18,8,61641.0,5898.3192,68490.0,50890.0,-55742.6808,11
5766,28,18,8,65124.0,246274.0992,72360.0,72360.0,181150.0992,11
5767,29,18,8,65124.0,429552.544,72360.0,72360.0,364428.544,11
5768,30,18,8,65124.0,414943.216,72360.0,72360.0,349819.216,12
5769,31,18,8,59544.0,183208.752,66160.0,32160.0,123664.75200000001,13
5770,32,18,8,55080.0,0.0,61200.0,0.0,-55080.0,15
5771,9,19,8,55080.0,0.0,61200.0,0.0,-55080.0,12
5772,10,19,8,55080.0,0.0,61200.0,0.0,-55080.0,11
5773,27,19,8,65124.0,102170.1792,72360.0,72360.0,37046.1792,9
5774,28,19,8,65124.0,166904.8256,72360.0,72360.0,101780.82560000001,10
5775,29,19,8,65124.0,364047.008,72360.0,72360.0,298923.008,11
5776,30,19,8,62028.0,302722.4,68920.0,50920.0,240694.40000000002,12
5777,31,19,8,55332.0,14147.936,61480.0,2680.0,-41184.064,14
5778,32,19,8,55080.0,0.0,61200.0,0.0,-55080.0,15
5779,9,20,8,55080.0,0.0,61200.0,0.0,-55080.0,12
5780,27,20,8,65124.0,95343.4656,72360.0,72360.0,30219.465599999996,9
5781,28,20,8,65124.0,109919.2288,72360.0,72360.0,44795.2288,10
5782,29,20,8,65124.0,349609.9744,72360.0,72360.0,284485.9744,11
5783,30,20,8,63252.0,329882.432,70280.0,56280.0,266630.432,12
5784,31,20,8,55080.0,0.0,61200.0,0.0,-55080.0,14
5785,32,20,8,55080.0,0.0,61200.0,0.0,-55080.0,15
5786,8,21,8,55080.0,0.0,61200.0,0.0,-55080.0,13
5787,9,21,8,55080.0,0.0,61200.0,0.0,-55080.0,12
5788,26,21,8,65124.0,545310.224,72360.0,72360.0,480186.22400000005,7
5789,27,21,8,65124.0,322336.4016,72360.0,72360.0,257212.40159999998,9
5790,28,21,8,65124.0,248453.152,72360.0,72360.0,183329.152,10
5791,29,21,8,65124.0,148904.224,72360.0,72360.0,83780.22399999999,11
5792,30,21,8,64872.0,183854.0992,72080.0,69680.0,118982.0992,12
5793,31,21,8,55080.0,0.0,61200.0,0.0,-55080.0,14
5794,32,21,8,55080.0,0.0,61200.0,0.0,-55080.0,15
5795,8,22,8,55080.0,0.0,61200.0,0.0,-55080.0,13
5796,9,22,8,55080.0,0.0,61200.0,0.0,-55080.0,12
5797,25,22,8,65124.0,616114.016,72360.0,72360.0,550990.016,6
5798,26,22,8,65124.0,611865.968,72360.0,72360.0,546741.968,7
5799,27,22,8,65124.0,495323.9536,72360.0,72360.0,430199.9536,8
5800,28,22,8,65124.0,213548.7472,72360.0,72360.0,148424.7472,9
5801,29,22,8,65124.0,42696.688,72360.0,72360.0,-22427.311999999998,11
5802,30,22,8,64620.0,0.0,71800.0,0.0,-64620.0,12
5803,31,22,8,56196.0,0.0,62440.0,0.0,-56196.0,14
5804,32,22,8,55080.0,0.0,61200.0,0.0,-55080.0,14
5805,33,22,8,55080.0,0.0,61200.0,0.0,-55080.0,15
5806,8,23,8,55080.0,0.0,61200.0,0.0,-55080.0,13
5807,9,23,8,55080.0,0.0,61200.0,0.0,-55080.0,12
5808,25,23,8,65124.0,577785.696,72360.0,72360.0,512661.696,6
5809,26,23,8,65124.0,550624.36,72360.0,72360.0,485500.36,7
5810,27,23,8,65124.0,535075.872,72360.0,72360.0,469951.872,8
5811,28,23,8,65124.0,237486.8208,72360.0,72360.0,172362.8208,9
5812,29,23,8,65124.0,0.0,72360.0,0.0,-65124.0,10
5813,30,23,8,59652.0,0.0,66280.0,0.0,-59652.0,11
5814,31,23,8,55080.0,0.0,61200.0,0.0,-55080.0,12
5815,32,23,8,55080.0,0.0,61200.0,0.0,-55080.0,14
5816,33,23,8,55080.0,0.0,61200.0,0.0,-55080.0,15
5817,8,24,8,55080.0,0.0,61200.0,0.0,-55080.0,13
5818,9,24,8,55080.0,0.0,61200.0,0.0,-55080.0,12
5819,25,24,8,64746.00703,585808.3168,71940.00781,71940.0,521062.30977000005,6
5820,26,24,8,65124.0,508215.4064,72360.0,72360.0,443091.4064,7
5821,27,24,8,65124.0,379646.2048,72360.0,72360.0,314522.2048,8
5822,28,24,8,65124.0,0.0,72360.0,0.0,-65124.0,9
5823,29,24,8,65124.0,0.0,72360.0,0.0,-65124.0,10
5824,30,24,8,58788.0,0.0,65320.0,0.0,-58788.0,11
5825,31,24,8,55080.0,0.0,61200.0,0.0,-55080.0,12
5826,32,24,8,55080.0,0.0,61200.0,0.0,-55080.0,14
5827,33,24,8,55080.0,0.0,61200.0,0.0,-55080.0,15
5828,8,25,8,55080.0,0.0,61200.0,0.0,-55080.0,14
5829,9,25,8,55080.0,0.0,61200.0,0.0,-55080.0,12
5830,27,25,8,65124.0,193734.1392,72360.0,72360.0,128610.1392,8
5831,28,25,8,65124.0,0.0,72360.0,0.0,-65124.0,9
5832,29,25,8,64008.0,0.0,71120.0,0.0,-64008.0,10
5833,30,25,8,55944.0,0.0,62160.0,0.0,-55944.0,12
5834,31,25,8,55080.0,0.0,61200.0,0.0,-55080.0,13
5835,32,25,8,55080.0,0.0,61200.0,0.0,-55080.0,14
5836,33,25,8,55080.0,0.0,61200.0,0.0,-55080.0,15
5837,8,26,8,55080.0,0.0,61200.0,0.0,-55080.0,14
5838,9,26,8,55080.0,0.0,61200.0,0.0,-55080.0,12
5839,29,26,8,64620.0,0.0,71800.0,0.0,-64620.0,11
5840,30,26,8,56808.0,0.0,63120.0,0.0,-56808.0,12
5841,31,26,8,55080.0,0.0,61200.0,0.0,-55080.0,14
5842,32,26,8,55080.0,0.0,61200.0,0.0,-55080.0,14
5843,33,26,8,55080.0,0.0,61200.0,0.0,-55080.0,15
5844,8,27,8,55080.0,0.0,61200.0,0.0,-55080.0,14
5845,30,27,8,55692.0,0.0,61880.0,0.0,-55692.0,12
5846,31,27,8,55080.0,0.0,61200.0,0.0,-55080.0,14
5847,32,27,8,55080.0,0.0,61200.0,0.0,-55080.0,15
5848,33,27,8,55080.0,0.0,61200.0,0.0,-55080.0,
5849,31,28,8,55080.0,0.0,61200.0,0.0,-55080.0,14
5850,32,28,8,55080.0,0.0,61200.0,0.0,-55080.0,15
5851,31,29,8,56502.0,0.0,62780.0,0.0,-56502.0,14
5852,32,29,8,55080.0,0.0,61200.0,0.0,-55080.0,15
5853,32,30,8,60408.0,0.0,67120.0,0.0,-60408.0,15
5854,28,35,8,55080.0,0.0,61200.0,0.0,-55080.0,
5855,15,14,9,65124.0,550193.608,72360.0,72360.0,485069.608,6
5856,20,14,9,65124.0,24808.0032,72360.0,72360.0,-40315.9968,6
5857,21,14,9,63252.0,0.0,70280.0,0.0,-63252.0,6
5858,22,14,9,65124.0,0.0,72360.0,0.0,-65124.0,6
5859,23,14,9,65124.0,117358.2848,72360.0,72360.0,52234.284799999994,6
5860,26,14,9,65124.0,13354.976,72360.0,72360.0,-51769.024,10
5861,27,14,9,64620.0,0.0,71800.0,0.0,-64620.0,10
5862,28,14,9,63108.0,0.0,70120.0,0.0,-63108.0,11
5863,29,14,9,61596.0,0.0,68440.0,0.0,-61596.0,11
5864,13,15,9,64584.00703,263242.376,71760.00781,71760.0,198658.36896999998,8
5865,27,15,9,65124.0,0.0,72360.0,0.0,-65124.0,10
5866,28,15,9,65124.0,0.0,72360.0,0.0,-65124.0,10
5867,29,15,9,65124.0,0.0,72360.0,0.0,-65124.0,11
5868,30,15,9,65124.0,0.0,72360.0,0.0,-65124.0,12
5869,11,16,9,64395.01407,71470.712,71550.01563,71550.0,7075.697930000002,10
5870,12,16,9,64395.01407,118947.9,71550.01563,71550.0,54552.88593,8
5871,28,16,9,65124.0,86960.7424,72360.0,72360.0,21836.742400000003,10
5872,29,16,9,65124.0,62359.9488,72360.0,72360.0,-2764.0512000000017,11
5873,30,16,9,65124.0,80841.12,72360.0,72360.0,15717.119999999995,12
5874,31,16,9,65124.0,66948.7584,72360.0,72360.0,1824.758400000006,13
5875,10,17,9,62145.0,18808.1112,69050.0,53450.0,-43336.8888,11
5876,29,17,9,65124.0,183024.512,72360.0,72360.0,117900.51199999999,11
5877,30,17,9,65124.0,199108.1376,72360.0,72360.0,133984.1376,12
5878,31,17,9,65124.0,208457.5056,72360.0,72360.0,143333.5056,12
5879,32,17,9,55080.0,0.0,61200.0,0.0,-55080.0,13
5880,9,18,9,55080.0,0.0,61200.0,0.0,-55080.0,11
5881,29,18,9,65124.0,227057.9408,72360.0,72360.0,161933.9408,11
5882,30,18,9,65124.0,270387.2752,72360.0,72360.0,205263.27519999997,11
5883,31,18,9,61920.0,198147.216,68800.0,53600.0,136227.216,12
5884,32,18,9,55080.0,0.0,61200.0,0.0,-55080.0,13
5885,33,18,9,55080.0,0.0,61200.0,0.0,-55080.0,15
5886,8,19,9,55080.0,0.0,61200.0,0.0,-55080.0,12
5887,28,19,9,65124.0,74565.3184,72360.0,72360.0,9441.318400000004,9
5888,29,19,9,65124.0,222179.9968,72360.0,72360.0,157055.9968,10
5889,30,19,9,64512.0,264850.7824,71680.0,69680.0,200338.78240000003,11
5890,31,19,9,56448.0,37945.5424,62720.0,10720.0,-18502.4576,12
5891,32,19,9,55080.0,0.0,61200.0,0.0,-55080.0,14
5892,33,19,9,55080.0,0.0,61200.0,0.0,-55080.0,15
5893,7,20,9,55080.0,0.0,61200.0,0.0,-55080.0,13
5894,8,20,9,55080.0,0.0,61200.0,0.0,-55080.0,11
5895,28,20,9,65124.0,38504.5248,72360.0,72360.0,-26619.4752,9
5896,29,20,9,61596.0,125786.3232,68440.0,34840.0,64190.3232,10
5897,30,20,9,57060.0,50516.6624,63400.0,13400.0,-6543.337599999999,11
5898,31,20,9,55080.0,0.0,61200.0,0.0,-55080.0,12
5899,32,20,9,55080.0,0.0,61200.0,0.0,-55080.0,14
5900,33,20,9,55080.0,0.0,61200.0,0.0,-55080.0,15
5901,7,21,9,55080.0,0.0,61200.0,0.0,-55080.0,13
5902,8,21,9,55080.0,0.0,61200.0,0.0,-55080.0,11
5903,27,21,9,65124.0,330402.8816,72360.0,72360.0,265278.8816,7
5904,28,21,9,65124.0,230236.08,72360.0,72360.0,165112.08,9
5905,29,21,9,64620.0,98241.6128,71800.0,67000.0,33621.6128,10
5906,30,21,9,60264.0,43049.4784,66960.0,32160.0,-17214.5216,11
5907,31,21,9,55080.0,0.0,61200.0,0.0,-55080.0,12
5908,32,21,9,55080.0,0.0,61200.0,0.0,-55080.0,14
5909,33,21,9,55080.0,0.0,61200.0,0.0,-55080.0,15
5910,6,22,9,55080.0,0.0,61200.0,0.0,-55080.0,15
5911,7,22,9,55080.0,0.0,61200.0,0.0,-55080.0,13
5912,8,22,9,55080.0,0.0,61200.0,0.0,-55080.0,11
5913,27,22,9,65124.0,528637.624,72360.0,72360.0,463513.62399999995,7
5914,28,22,9,65124.0,221819.632,72360.0,72360.0,156695.632,8
5915,29,22,9,64872.0,0.0,72080.0,0.0,-64872.0,9
5916,30,22,9,60012.0,0.0,66680.0,0.0,-60012.0,11
5917,31,22,9,55080.0,0.0,61200.0,0.0,-55080.0,12
5918,32,22,9,55080.0,0.0,61200.0,0.0,-55080.0,14
5919,33,22,9,55080.0,0.0,61200.0,0.0,-55080.0,14
5920,34,22,9,55080.0,0.0,61200.0,0.0,-55080.0,15
5921,6,23,9,55080.0,0.0,61200.0,0.0,-55080.0,15
5922,7,23,9,55080.0,0.0,61200.0,0.0,-55080.0,13
5923,8,23,9,55080.0,0.0,61200.0,0.0,-55080.0,11
5924,26,23,9,65124.0,456365.4448,72360.0,72360.0,391241.4448,6
5925,27,23,9,65124.0,407993.1616,72360.0,72360.0,342869.1616,7
5926,28,23,9,65124.0,161517.9504,72360.0,72360.0,96393.9504,8
5927,29,23,9,64368.0,0.0,71520.0,0.0,-64368.0,9
5928,30,23,9,55080.0,0.0,61200.0,0.0,-55080.0,10
5929,31,23,9,55080.0,0.0,61200.0,0.0,-55080.0,11
5930,32,23,9,55080.0,0.0,61200.0,0.0,-55080.0,12
5931,33,23,9,55080.0,0.0,61200.0,0.0,-55080.0,14
5932,34,23,9,55080.0,0.0,61200.0,0.0,-55080.0,15
5933,6,24,9,55080.0,0.0,61200.0,0.0,-55080.0,15
5934,7,24,9,55080.0,0.0,61200.0,0.0,-55080.0,13
5935,8,24,9,55080.0,0.0,61200.0,0.0,-55080.0,11
5936,28,24,9,65124.0,0.0,72360.0,0.0,-65124.0,8
5937,29,24,9,64620.0,0.0,71800.0,0.0,-64620.0,9
5938,30,24,9,55692.0,0.0,61880.0,0.0,-55692.0,10
5939,31,24,9,55080.0,0.0,61200.0,0.0,-55080.0,11
5940,32,24,9,55080.0,0.0,61200.0,0.0,-55080.0,12
5941,33,24,9,55080.0,0.0,61200.0,0.0,-55080.0,14
5942,34,24,9,55080.0,0.0,61200.0,0.0,-55080.0,15
5943,6,25,9,55080.0,0.0,61200.0,0.0,-55080.0,15
5944,7,25,9,55080.0,0.0,61200.0,0.0,-55080.0,13
5945,8,25,9,55080.0,0.0,61200.0,0.0,-55080.0,11
5946,29,25,9,65124.0,0.0,72360.0,0.0,-65124.0,9
5947,30,25,9,57312.0,0.0,63680.0,0.0,-57312.0,10
5948,31,25,9,55080.0,0.0,61200.0,0.0,-55080.0,12
5949,32,25,9,55080.0,0.0,61200.0,0.0,-55080.0,13
5950,33,25,9,55080.0,0.0,61200.0,0.0,-55080.0,14
5951,34,25,9,55080.0,0.0,61200.0,0.0,-55080.0,15
5952,7,26,9,55080.0,0.0,61200.0,0.0,-55080.0,14
5953,31,26,9,55080.0,0.0,61200.0,0.0,-55080.0,12
5954,32,26,9,55080.0,0.0,61200.0,0.0,-55080.0,14
5955,33,26,9,55080.0,0.0,61200.0,0.0,-55080.0,14
5956,34,26,9,55080.0,0.0,61200.0,0.0,-55080.0,15
5957,7,27,9,55080.0,0.0,61200.0,0.0,-55080.0,14
5958,32,27,9,55080.0,0.0,61200.0,0.0,-55080.0,14
5959,33,27,9,55080.0,0.0,61200.0,0.0,-55080.0,15
5960,34,27,9,55080.0,0.0,61200.0,0.0,-55080.0,
5961,7,28,9,55080.0,0.0,61200.0,0.0,-55080.0,15
5962,32,28,9,55080.0,0.0,61200.0,0.0,-55080.0,14
5963,33,28,9,55080.0,0.0,61200.0,0.0,-55080.0,15
5964,33,29,9,55080.0,0.0,61200.0,0.0,-55080.0,15
5965,33,30,9,55080.0,0.0,61200.0,0.0,-55080.0,15
5966,9,32,9,55080.0,0.0,61200.0,0.0,-55080.0,15
5967,30,35,9,55080.0,0.0,61200.0,0.0,-55080.0,
5968,28,36,9,55080.0,0.0,61200.0,0.0,-55080.0,15
5969,14,13,10,65124.0,401681.272,72360.0,72360.0,336557.272,6
5970,21,13,10,61884.0,0.0,68760.0,0.0,-61884.0,6
5971,22,13,10,57420.0,0.0,63800.0,0.0,-57420.0,6
5972,27,13,10,55080.0,0.0,61200.0,0.0,-55080.0,10
5973,28,13,10,55080.0,0.0,61200.0,0.0,-55080.0,11
5974,29,13,10,55080.0,0.0,61200.0,0.0,-55080.0,11
5975,12,14,10,64935.00703,259337.276,72150.00781,72150.0,194402.26897,8
5976,13,14,10,65124.0,419445.304,72360.0,72360.0,354321.304,7
5977,28,14,10,55692.0,0.0,61880.0,0.0,-55692.0,10
5978,29,14,10,55080.0,0.0,61200.0,0.0,-55080.0,11
5979,30,14,10,55080.0,0.0,61200.0,0.0,-55080.0,11
5980,11,15,10,64395.01407,48281.94,71550.01563,71550.0,-16113.074069999995,9
5981,28,15,10,63360.0,0.0,70400.0,0.0,-63360.0,9
5982,29,15,10,59508.0,0.0,66120.0,0.0,-59508.0,10
5983,30,15,10,61848.0,0.0,68720.0,0.0,-61848.0,11
5984,31,15,10,62352.0,0.0,69280.0,0.0,-62352.0,12
5985,32,15,10,55080.0,0.0,61200.0,0.0,-55080.0,13
5986,9,16,10,61704.0,0.0,68560.0,0.0,-61704.0,11
5987,10,16,10,64395.01407,14458.612,71550.01563,71550.0,-49936.40207,10
5988,29,16,10,64008.0,0.0,71120.0,0.0,-64008.0,10
5989,30,16,10,65124.0,0.0,72360.0,0.0,-65124.0,11
5990,31,16,10,64368.0,0.0,71520.0,0.0,-64368.0,12
5991,32,16,10,55080.0,0.0,61200.0,0.0,-55080.0,13
5992,33,16,10,55080.0,0.0,61200.0,0.0,-55080.0,13
5993,8,17,10,55080.0,0.0,61200.0,0.0,-55080.0,11
5994,30,17,10,65124.0,15848.5728,72360.0,72360.0,-49275.4272,11
5995,31,17,10,64116.0,43650.6832,71240.0,61640.0,-20465.3168,12
5996,32,17,10,55080.0,0.0,61200.0,0.0,-55080.0,12
5997,33,17,10,55080.0,0.0,61200.0,0.0,-55080.0,13
5998,7,18,10,55080.0,0.0,61200.0,0.0,-55080.0,12
5999,8,18,10,55080.0,0.0,61200.0,0.0,-55080.0,11
6000,30,18,10,65124.0,106172.6256,72360.0,72360.0,41048.6256,11
6001,31,18,10,63000.0,82604.3312,70000.0,53600.0,19604.3312,11
6002,32,18,10,55080.0,0.0,61200.0,0.0,-55080.0,12
6003,33,18,10,55080.0,0.0,61200.0,0.0,-55080.0,13
6004,34,18,10,55080.0,0.0,61200.0,0.0,-55080.0,15
6005,6,19,10,55080.0,0.0,61200.0,0.0,-55080.0,13
6006,7,19,10,55080.0,0.0,61200.0,0.0,-55080.0,12
6007,29,19,10,65124.0,83638.936,72360.0,72360.0,18514.936,9
6008,30,19,10,65124.0,102572.9392,72360.0,72360.0,37448.93919999999,10
6009,31,19,10,58176.0,36747.5168,64640.0,21440.0,-21428.483200000002,11
6010,32,19,10,55080.0,0.0,61200.0,0.0,-55080.0,12
6011,33,19,10,55080.0,0.0,61200.0,0.0,-55080.0,14
6012,34,19,10,55080.0,0.0,61200.0,0.0,-55080.0,15
6013,6,20,10,55080.0,0.0,61200.0,0.0,-55080.0,13
6014,7,20,10,55080.0,0.0,61200.0,0.0,-55080.0,11
6015,29,20,10,55836.0,0.0,62040.0,0.0,-55836.0,9
6016,30,20,10,57204.0,0.0,63560.0,0.0,-57204.0,10
6017,31,20,10,55080.0,0.0,61200.0,0.0,-55080.0,11
6018,32,20,10,55080.0,0.0,61200.0,0.0,-55080.0,12
6019,33,20,10,55080.0,0.0,61200.0,0.0,-55080.0,14
6020,34,20,10,55080.0,0.0,61200.0,0.0,-55080.0,15
6021,6,21,10,55080.0,0.0,61200.0,0.0,-55080.0,13
6022,28,21,10,62136.0,130158.528,69040.0,48240.0,68022.528,7
6023,29,21,10,59148.0,14237.8752,65720.0,24120.0,-44910.1248,9
6024,30,21,10,55080.0,0.0,61200.0,0.0,-55080.0,10
6025,31,21,10,55080.0,0.0,61200.0,0.0,-55080.0,11
6026,32,21,10,55080.0,0.0,61200.0,0.0,-55080.0,12
6027,33,21,10,55080.0,0.0,61200.0,0.0,-55080.0,14
6028,34,21,10,55080.0,0.0,61200.0,0.0,-55080.0,15
6029,5,22,10,55080.0,0.0,61200.0,0.0,-55080.0,15
6030,6,22,10,55080.0,0.0,61200.0,0.0,-55080.0,13
6031,28,22,10,65124.0,195042.4,72360.0,72360.0,129918.4,7
6032,29,22,10,63252.0,0.0,70280.0,0.0,-63252.0,8
6033,30,22,10,55692.0,0.0,61880.0,0.0,-55692.0,9
6034,31,22,10,55080.0,0.0,61200.0,0.0,-55080.0,11
6035,32,22,10,55080.0,0.0,61200.0,0.0,-55080.0,12
6036,33,22,10,55080.0,0.0,61200.0,0.0,-55080.0,14
6037,34,22,10,55080.0,0.0,61200.0,0.0,-55080.0,14
6038,35,22,10,55080.0,0.0,61200.0,0.0,-55080.0,15
6039,5,23,10,55080.0,0.0,61200.0,0.0,-55080.0,15
6040,6,23,10,55080.0,0.0,61200.0,0.0,-55080.0,13
6041,28,23,10,65124.0,174633.7712,72360.0,72360.0,109509.77119999999,7
6042,29,23,10,60516.0,0.0,67240.0,0.0,-60516.0,8
6043,30,23,10,55080.0,0.0,61200.0,0.0,-55080.0,9
6044,31,23,10,55080.0,0.0,61200.0,0.0,-55080.0,10
6045,32,23,10,55080.0,0.0,61200.0,0.0,-55080.0,11
6046,33,23,10,55080.0,0.0,61200.0,0.0,-55080.0,12
6047,34,23,10,55080.0,0.0,61200.0,0.0,-55080.0,14
6048,35,23,10,55080.0,0.0,61200.0,0.0,-55080.0,15
6049,5,24,10,55080.0,0.0,61200.0,0.0,-55080.0,15
6050,6,24,10,55080.0,0.0,61200.0,0.0,-55080.0,13
6051,30,24,10,55080.0,0.0,61200.0,0.0,-55080.0,9
6052,31,24,10,55080.0,0.0,61200.0,0.0,-55080.0,10
6053,32,24,10,55080.0,0.0,61200.0,0.0,-55080.0,11
6054,33,24,10,55080.0,0.0,61200.0,0.0,-55080.0,12
6055,34,24,10,55080.0,0.0,61200.0,0.0,-55080.0,14
6056,35,24,10,55080.0,0.0,61200.0,0.0,-55080.0,15
6057,5,25,10,55080.0,0.0,61200.0,0.0,-55080.0,15
6058,6,25,10,55080.0,0.0,61200.0,0.0,-55080.0,13
6059,7,25,10,55080.0,0.0,61200.0,0.0,-55080.0,11
6060,31,25,10,55080.0,0.0,61200.0,0.0,-55080.0,10
6061,32,25,10,55080.0,0.0,61200.0,0.0,-55080.0,12
6062,33,25,10,55080.0,0.0,61200.0,0.0,-55080.0,13
6063,34,25,10,55080.0,0.0,61200.0,0.0,-55080.0,14
6064,35,25,10,55080.0,0.0,61200.0,0.0,-55080.0,15
6065,6,26,10,55080.0,0.0,61200.0,0.0,-55080.0,14
6066,32,26,10,55080.0,0.0,61200.0,0.0,-55080.0,12
6067,33,26,10,55080.0,0.0,61200.0,0.0,-55080.0,14
6068,34,26,10,55080.0,0.0,61200.0,0.0,-55080.0,14
6069,35,26,10,55080.0,0.0,61200.0,0.0,-55080.0,15
6070,6,27,10,55080.0,0.0,61200.0,0.0,-55080.0,14
6071,33,27,10,55080.0,0.0,61200.0,0.0,-55080.0,14
6072,34,27,10,55080.0,0.0,61200.0,0.0,-55080.0,15
6073,35,27,10,55080.0,0.0,61200.0,0.0,-55080.0,
6074,6,28,10,55080.0,0.0,61200.0,0.0,-55080.0,14
6075,33,28,10,55080.0,0.0,61200.0,0.0,-55080.0,14
6076,34,28,10,55080.0,0.0,61200.0,0.0,-55080.0,15
6077,6,29,10,55080.0,0.0,61200.0,0.0,-55080.0,15
6078,34,29,10,55080.0,0.0,61200.0,0.0,-55080.0,15
6079,34,30,10,55080.0,0.0,61200.0,0.0,-55080.0,15
6080,30,36,10,55080.0,0.0,61200.0,0.0,-55080.0,15
6081,29,37,10,55080.0,0.0,61200.0,0.0,-55080.0,
6082,14,12,11,55080.0,0.0,61200.0,0.0,-55080.0,6
6083,21,12,11,55080.0,0.0,61200.0,0.0,-55080.0,6
6084,22,12,11,55080.0,0.0,61200.0,0.0,-55080.0,6
6085,27,12,11,55080.0,0.0,61200.0,0.0,-55080.0,10
6086,28,12,11,55080.0,0.0,61200.0,0.0,-55080.0,10
6087,29,12,11,55080.0,0.0,61200.0,0.0,-55080.0,11
6088,12,13,11,65124.0,148720.8096,72360.0,72360.0,83596.80960000001,7
6089,28,13,11,55080.0,0.0,61200.0,0.0,-55080.0,10
6090,29,13,11,55080.0,0.0,61200.0,0.0,-55080.0,10
6091,30,13,11,55080.0,0.0,61200.0,0.0,-55080.0,11
6092,31,13,11,55080.0,0.0,61200.0,0.0,-55080.0,12
6093,10,14,11,64476.01407,13353.496,71640.01563,71640.0,-51122.51807,10
6094,11,14,11,64881.00703,96249.0704,72090.00781,72090.0,31368.063369999996,8
6095,29,14,11,55080.0,0.0,61200.0,0.0,-55080.0,10
6096,30,14,11,55080.0,0.0,61200.0,0.0,-55080.0,11
6097,31,14,11,55080.0,0.0,61200.0,0.0,-55080.0,11
6098,32,14,11,55080.0,0.0,61200.0,0.0,-55080.0,12
6099,9,15,11,64395.01407,0.0,71550.01563,0.0,-64395.01407,10
6100,29,15,11,55080.0,0.0,61200.0,0.0,-55080.0,9
6101,30,15,11,55080.0,0.0,61200.0,0.0,-55080.0,10
6102,31,15,11,55080.0,0.0,61200.0,0.0,-55080.0,11
6103,32,15,11,55080.0,0.0,61200.0,0.0,-55080.0,12
6104,33,15,11,55080.0,0.0,61200.0,0.0,-55080.0,13
6105,8,16,11,55305.0,0.0,61450.0,0.0,-55305.0,11
6106,30,16,11,58644.0,0.0,65160.0,0.0,-58644.0,10
6107,31,16,11,59004.0,0.0,65560.0,0.0,-59004.0,11
6108,32,16,11,55080.0,0.0,61200.0,0.0,-55080.0,12
6109,33,16,11,55080.0,0.0,61200.0,0.0,-55080.0,13
6110,34,16,11,55080.0,0.0,61200.0,0.0,-55080.0,13
6111,7,17,11,55080.0,0.0,61200.0,0.0,-55080.0,11
6112,31,17,11,60264.0,0.0,66960.0,0.0,-60264.0,11
6113,32,17,11,55080.0,0.0,61200.0,0.0,-55080.0,12
6114,33,17,11,55080.0,0.0,61200.0,0.0,-55080.0,12
6115,34,17,11,55080.0,0.0,61200.0,0.0,-55080.0,13
6116,6,18,11,55080.0,0.0,61200.0,0.0,-55080.0,12
6117,31,18,11,60264.0,0.0,66960.0,0.0,-60264.0,11
6118,32,18,11,55080.0,0.0,61200.0,0.0,-55080.0,11
6119,33,18,11,55080.0,0.0,61200.0,0.0,-55080.0,12
6120,34,18,11,55080.0,0.0,61200.0,0.0,-55080.0,13
6121,35,18,11,55080.0,0.0,61200.0,0.0,-55080.0,15
6122,5,19,11,55080.0,0.0,61200.0,0.0,-55080.0,13
6123,6,19,11,55080.0,0.0,61200.0,0.0,-55080.0,11
6124,30,19,11,64620.0,0.0,71800.0,0.0,-64620.0,9
6125,31,19,11,56808.0,0.0,63120.0,0.0,-56808.0,10
6126,32,19,11,55080.0,0.0,61200.0,0.0,-55080.0,11
6127,33,19,11,55080.0,0.0,61200.0,0.0,-55080.0,12
6128,34,19,11,55080.0,0.0,61200.0,0.0,-55080.0,14
6129,35,19,11,55080.0,0.0,61200.0,0.0,-55080.0,15
6130,5,20,11,55080.0,0.0,61200.0,0.0,-55080.0,13
6131,30,20,11,58068.0,0.0,64520.0,0.0,-58068.0,9
6132,31,20,11,55080.0,0.0,61200.0,0.0,-55080.0,10
6133,32,20,11,55080.0,0.0,61200.0,0.0,-55080.0,11
6134,33,20,11,55080.0,0.0,61200.0,0.0,-55080.0,12
6135,34,20,11,55080.0,0.0,61200.0,0.0,-55080.0,14
6136,35,20,11,55080.0,0.0,61200.0,0.0,-55080.0,15
6137,4,21,11,55080.0,0.0,61200.0,0.0,-55080.0,15
6138,5,21,11,55080.0,0.0,61200.0,0.0,-55080.0,13
6139,29,21,11,55080.0,0.0,61200.0,0.0,-55080.0,7
6140,30,21,11,55080.0,0.0,61200.0,0.0,-55080.0,9
6141,31,21,11,55080.0,0.0,61200.0,0.0,-55080.0,10
6142,32,21,11,55080.0,0.0,61200.0,0.0,-55080.0,11
6143,33,21,11,55080.0,0.0,61200.0,0.0,-55080.0,12
6144,34,21,11,55080.0,0.0,61200.0,0.0,-55080.0,14
6145,35,21,11,55080.0,0.0,61200.0,0.0,-55080.0,15
6146,4,22,11,55080.0,0.0,61200.0,0.0,-55080.0,15
6147,5,22,11,55080.0,0.0,61200.0,0.0,-55080.0,13
6148,29,22,11,59148.0,0.0,65720.0,0.0,-59148.0,7
6149,30,22,11,55080.0,0.0,61200.0,0.0,-55080.0,8
6150,31,22,11,55080.0,0.0,61200.0,0.0,-55080.0,9
6151,32,22,11,55080.0,0.0,61200.0,0.0,-55080.0,11
6152,33,22,11,55080.0,0.0,61200.0,0.0,-55080.0,12
6153,34,22,11,55080.0,0.0,61200.0,0.0,-55080.0,14
6154,35,22,11,55080.0,0.0,61200.0,0.0,-55080.0,14
6155,36,22,11,55080.0,0.0,61200.0,0.0,-55080.0,15
6156,4,23,11,55080.0,0.0,61200.0,0.0,-55080.0,15
6157,5,23,11,55080.0,0.0,61200.0,0.0,-55080.0,13
6158,30,23,11,55080.0,0.0,61200.0,0.0,-55080.0,8
6159,31,23,11,55080.0,0.0,61200.0,0.0,-55080.0,9
6160,32,23,11,55080.0,0.0,61200.0,0.0,-55080.0,10
6161,33,23,11,55080.0,0.0,61200.0,0.0,-55080.0,11
6162,34,23,11,55080.0,0.0,61200.0,0.0,-55080.0,12
6163,35,23,11,55080.0,0.0,61200.0,0.0,-55080.0,14
6164,36,23,11,55080.0,0.0,61200.0,0.0,-55080.0,15
6165,4,24,11,55080.0,0.0,61200.0,0.0,-55080.0,15
6166,5,24,11,55080.0,0.0,61200.0,0.0,-55080.0,13
6167,32,24,11,55080.0,0.0,61200.0,0.0,-55080.0,10
6168,33,24,11,55080.0,0.0,61200.0,0.0,-55080.0,11
6169,34,24,11,55080.0,0.0,61200.0,0.0,-55080.0,12
6170,35,24,11,55080.0,0.0,61200.0,0.0,-55080.0,14
6171,36,24,11,55080.0,0.0,61200.0,0.0,-55080.0,15
6172,4,25,11,55080.0,0.0,61200.0,0.0,-55080.0,15
6173,5,25,11,55080.0,0.0,61200.0,0.0,-55080.0,13
6174,33,25,11,55080.0,0.0,61200.0,0.0,-55080.0,12
6175,34,25,11,55080.0,0.0,61200.0,0.0,-55080.0,13
6176,35,25,11,55080.0,0.0,61200.0,0.0,-55080.0,14
6177,36,25,11,55080.0,0.0,61200.0,0.0,-55080.0,15
6178,4,26,11,55080.0,0.0,61200.0,0.0,-55080.0,15
6179,5,26,11,55080.0,0.0,61200.0,0.0,-55080.0,13
6180,34,26,11,55080.0,0.0,61200.0,0.0,-55080.0,14
6181,35,26,11,55080.0,0.0,61200.0,0.0,-55080.0,14
6182,36,26,11,55080.0,0.0,61200.0,0.0,-55080.0,15
6183,5,27,11,55080.0,0.0,61200.0,0.0,-55080.0,14
6184,34,27,11,55080.0,0.0,61200.0,0.0,-55080.0,14
6185,35,27,11,55080.0,0.0,61200.0,0.0,-55080.0,15
6186,36,27,11,55080.0,0.0,61200.0,0.0,-55080.0,
6187,5,28,11,55080.0,0.0,61200.0,0.0,-55080.0,14
6188,35,28,11,55080.0,0.0,61200.0,0.0,-55080.0,15
6189,5,29,11,55080.0,0.0,61200.0,0.0,-55080.0,14
6190,35,29,11,55080.0,0.0,61200.0,0.0,-55080.0,15
6191,35,30,11,55080.0,0.0,61200.0,0.0,-55080.0,15
6192,6,32,11,55080.0,0.0,61200.0,0.0,-55080.0,15
6193,29,38,11,55080.0,0.0,61200.0,0.0,-55080.0,15
6194,33,14,12,55080.0,0.0,61200.0,0.0,-55080.0,12
6195,34,14,12,55080.0,0.0,61200.0,0.0,-55080.0,13
6196,33,15,12,55080.0,0.0,61200.0,0.0,-55080.0,12
6197,34,15,12,55080.0,0.0,61200.0,0.0,-55080.0,13
6198,35,15,12,55080.0,0.0,61200.0,0.0,-55080.0,14
6199,33,16,12,55080.0,0.0,61200.0,0.0,-55080.0,12
6200,34,16,12,55080.0,0.0,61200.0,0.0,-55080.0,13
6201,35,16,12,55080.0,0.0,61200.0,0.0,-55080.0,13
6202,33,17,12,55080.0,0.0,61200.0,0.0,-55080.0,12
6203,34,17,12,55080.0,0.0,61200.0,0.0,-55080.0,12
6204,35,17,12,55080.0,0.0,61200.0,0.0,-55080.0,13
6205,33,18,12,55080.0,0.0,61200.0,0.0,-55080.0,11
6206,34,18,12,55080.0,0.0,61200.0,0.0,-55080.0,12
6207,35,18,12,55080.0,0.0,61200.0,0.0,-55080.0,13
6208,36,18,12,55080.0,0.0,61200.0,0.0,-55080.0,15
6209,33,19,12,55080.0,0.0,61200.0,0.0,-55080.0,11
6210,34,19,12,55080.0,0.0,61200.0,0.0,-55080.0,12
6211,35,19,12,55080.0,0.0,61200.0,0.0,-55080.0,14
6212,36,19,12,55080.0,0.0,61200.0,0.0,-55080.0,15
6213,33,20,12,55080.0,0.0,61200.0,0.0,-55080.0,11
6214,34,20,12,55080.0,0.0,61200.0,0.0,-55080.0,12
6215,35,20,12,55080.0,0.0,61200.0,0.0,-55080.0,14
6216,36,20,12,55080.0,0.0,61200.0,0.0,-55080.0,15
6217,33,21,12,55080.0,0.0,61200.0,0.0,-55080.0,11
6218,34,21,12,55080.0,0.0,61200.0,0.0,-55080.0,12
6219,35,21,12,55080.0,0.0,61200.0,0.0,-55080.0,14
6220,36,21,12,55080.0,0.0,61200.0,0.0,-55080.0,15
6221,33,22,12,55080.0,0.0,61200.0,0.0,-55080.0,11
6222,34,22,12,55080.0,0.0,61200.0,0.0,-55080.0,12
6223,35,22,12,55080.0,0.0,61200.0,0.0,-55080.0,14
6224,36,22,12,55080.0,0.0,61200.0,0.0,-55080.0,14
6225,37,22,12,55080.0,0.0,61200.0,0.0,-55080.0,15
6226,32,23,12,55080.0,0.0,61200.0,0.0,-55080.0,9
6227,33,23,12,55080.0,0.0,61200.0,0.0,-55080.0,10
6228,34,23,12,55080.0,0.0,61200.0,0.0,-55080.0,11
6229,35,23,12,55080.0,0.0,61200.0,0.0,-55080.0,12
6230,36,23,12,55080.0,0.0,61200.0,0.0,-55080.0,14
6231,37,23,12,55080.0,0.0,61200.0,0.0,-55080.0,15
6232,33,24,12,55080.0,0.0,61200.0,0.0,-55080.0,10
6233,34,24,12,55080.0,0.0,61200.0,0.0,-55080.0,11
6234,35,24,12,55080.0,0.0,61200.0,0.0,-55080.0,12
6235,36,24,12,55080.0,0.0,61200.0,0.0,-55080.0,14
6236,37,24,12,55080.0,0.0,61200.0,0.0,-55080.0,15
6237,34,25,12,55080.0,0.0,61200.0,0.0,-55080.0,12
6238,35,25,12,55080.0,0.0,61200.0,0.0,-55080.0,13
6239,36,25,12,55080.0,0.0,61200.0,0.0,-55080.0,14
6240,37,25,12,55080.0,0.0,61200.0,0.0,-55080.0,15
6241,35,26,12,55080.0,0.0,61200.0,0.0,-55080.0,14
6242,36,26,12,55080.0,0.0,61200.0,0.0,-55080.0,14
6243,37,26,12,55080.0,0.0,61200.0,0.0,-55080.0,15
6244,35,27,12,55080.0,0.0,61200.0,0.0,-55080.0,14
6245,36,27,12,55080.0,0.0,61200.0,0.0,-55080.0,15
6246,37,27,12,55080.0,0.0,61200.0,0.0,-55080.0,
6247,36,28,12,55080.0,0.0,61200.0,0.0,-55080.0,15
6248,36,29,12,55080.0,0.0,61200.0,0.0,-55080.0,15
6249,36,30,12,55080.0,0.0,61200.0,0.0,-55080.0,15
6250,16,24,1,65124.0,413975.84,72360.0,72360.0,348851.84,14
6251,13,17,3,60192.0,0.0,66880.0,0.0,-60192.0,15
6252,19,28,3,65124.0,647922.8912,72360.0,72360.0,582798.8912,9
6253,18,29,3,65124.0,606392.016,72360.0,72360.0,541268.016,12
6254,19,29,3,65124.0,562561.736,72360.0,72360.0,497437.73600000003,10
6255,18,30,3,65124.0,417555.536,72360.0,72360.0,352431.536,14
6256,19,30,3,65124.0,452799.464,72360.0,72360.0,387675.464,12
6257,24,18,4,65313.00703,928747.76,72570.00781,72570.0,863434.75297,11
6258,17,19,4,64476.01407,572929.128,71640.01563,71640.0,508453.11393000005,8
6259,19,19,4,64485.01407,559749.944,71650.01563,71650.0,495264.92993000004,6
6260,20,19,4,65385.00703,599261.056,72650.00781,72650.0,533876.04897,6
6261,21,19,4,66375.0,510940.576,73750.0,73750.0,444565.576,7
6262,22,19,4,66636.0,530185.248,74040.0,74040.0,463549.248,8
6263,23,19,4,65313.00703,956309.088,72570.00781,72570.0,890996.08097,9
6264,24,19,4,65124.0,1027529.512,72360.0,72360.0,962405.512,10
6265,25,19,4,65124.0,622628.592,72360.0,72360.0,557504.592,11
6266,26,19,4,65124.0,108421.104,72360.0,72360.0,43297.10400000001,12
6267,27,19,4,65124.0,21445.7888,72360.0,72360.0,-43678.211200000005,14
6268,15,20,4,65124.0,567708.808,72360.0,72360.0,502584.80799999996,11
6269,16,20,4,65124.0,726768.856,72360.0,72360.0,661644.856,8
6270,17,20,4,64962.00703,687109.56,72180.00781,72180.0,622147.5529700001,7
6271,21,20,4,64485.01407,535910.368,71650.01563,71650.0,471425.35393000004,7
6272,22,20,4,64674.01407,652773.152,71860.01563,71860.0,588099.13793,8
6273,23,20,4,65016.00703,921093.336,72240.00781,72240.0,856077.32897,9
6274,24,20,4,65124.0,980952.192,72360.0,72360.0,915828.192,10
6275,25,20,4,65124.0,532923.1248,72360.0,72360.0,467799.1248,11
6276,26,20,4,65124.0,38314.2496,72360.0,72360.0,-26809.750399999997,12
6277,27,20,4,65124.0,19600.0192,72360.0,72360.0,-45523.980800000005,14
6278,28,20,4,65124.0,0.0,72360.0,0.0,-65124.0,15
6279,14,21,4,65124.0,559051.048,72360.0,72360.0,493927.04799999995,11
6280,21,21,4,64395.01407,569235.456,71550.01563,71550.0,504840.44193000003,6
6281,22,21,4,64395.01407,757650.248,71550.01563,71550.0,693255.23393,7
6282,23,21,4,64503.01407,775387.432,71670.01563,71670.0,710884.41793,9
6283,24,21,4,65016.00703,741649.704,72240.00781,72240.0,676633.69697,10
6284,25,21,4,65124.0,426659.3552,72360.0,72360.0,361535.3552,11
6285,26,21,4,65124.0,106938.112,72360.0,72360.0,41814.111999999994,12
6286,27,21,4,65124.0,52889.5776,72360.0,72360.0,-12234.422400000003,14
6287,28,21,4,65124.0,8103.0336,72360.0,72360.0,-57020.9664,15
6288,13,22,4,65124.0,807468.184,72360.0,72360.0,742344.184,13
6289,20,22,4,64692.01407,661242.296,71880.01563,71880.0,596550.2819299999,5
6290,21,22,4,64422.01407,670541.824,71580.01563,71580.0,606119.80993,6
6291,22,22,4,64395.01407,781535.992,71550.01563,71550.0,717140.9779299999,7
6292,23,22,4,64395.01407,638889.624,71550.01563,71550.0,574494.6099299999,8
6293,24,22,4,64476.01407,553968.32,71640.01563,71640.0,489492.30593,9
6294,25,22,4,64881.00703,526671.016,72090.00781,72090.0,461790.00896999997,11
6295,26,22,4,65124.0,328296.256,72360.0,72360.0,263172.256,12
6296,27,22,4,65124.0,109459.8752,72360.0,72360.0,44335.875199999995,14
6297,28,22,4,64260.0,0.0,71400.0,0.0,-64260.0,14
6298,29,22,4,65124.0,0.0,72360.0,0.0,-65124.0,15
6299,12,23,4,60444.0,217964.0064,67160.0,45560.0,157520.0064,15
6300,13,23,4,65124.0,769284.992,72360.0,72360.0,704160.992,13
6301,19,23,4,65124.0,955131.504,72360.0,72360.0,890007.504,4
6302,20,23,4,65097.0,933005.96,72330.0,72330.0,867908.96,4
6303,21,23,4,64854.01407,846141.1952,72060.01563,72060.0,781287.1811299999,6
6304,22,23,4,64449.01407,667628.896,71610.01563,71610.0,603179.8819299999,7
6305,23,23,4,64395.01407,489937.28,71550.01563,71550.0,425542.26593000005,8
6306,24,23,4,64395.01407,479739.888,71550.01563,71550.0,415344.87393,9
6307,25,23,4,64422.01407,652485.488,71580.01563,71580.0,588063.47393,10
6308,26,23,4,64854.00703,626888.64,72060.00781,72060.0,562034.63297,11
6309,27,23,4,65124.0,210747.224,72360.0,72360.0,145623.224,12
6310,28,23,4,65124.0,27784.096,72360.0,72360.0,-37339.903999999995,14
6311,29,23,4,64872.0,0.0,72080.0,0.0,-64872.0,15
6312,12,24,4,56592.0,37273.2256,62880.0,16080.0,-19318.774400000002,15
6313,13,24,4,65124.0,458385.736,72360.0,72360.0,393261.736,13
6314,14,24,4,65124.0,618447.928,72360.0,72360.0,553323.928,11
6315,17,24,4,65124.0,898288.28,72360.0,72360.0,833164.28,4
6316,18,24,4,65124.0,1023069.68,72360.0,72360.0,957945.68,4
6317,19,24,4,65124.0,1161288.04,72360.0,72360.0,1096164.04,3
6318,20,24,4,65124.0,1101268.192,72360.0,72360.0,1036144.192,4
6319,21,24,4,65124.0,900510.368,72360.0,72360.0,835386.368,6
6320,22,24,4,64935.00703,661900.224,72150.00781,72150.0,596965.2169700001,7
6321,23,24,4,64503.0211,477457.936,71670.02344,71670.0,412954.9149,8
6322,24,24,4,64395.01407,485707.184,71550.01563,71550.0,421312.16993000003,9
6323,25,24,4,64395.01407,658165.336,71550.01563,71550.0,593770.32193,10
6324,26,24,4,64422.01407,708678.584,71580.01563,71580.0,644256.56993,11
6325,27,24,4,64854.00703,334775.776,72060.00781,72060.0,269921.76897000003,12
6326,28,24,4,65124.0,35416.736,72360.0,72360.0,-29707.264000000003,14
6327,29,24,4,65124.0,0.0,72360.0,0.0,-65124.0,15
6328,13,25,4,65124.0,358835.264,72360.0,72360.0,293711.264,14
6329,14,25,4,65124.0,385352.176,72360.0,72360.0,320228.176,12
6330,15,25,4,65124.0,588163.256,72360.0,72360.0,523039.25600000005,9
6331,17,25,4,65124.0,838594.176,72360.0,72360.0,773470.176,5
6332,18,25,4,65124.0,989465.024,72360.0,72360.0,924341.024,4
6333,19,25,4,65124.0,1091365.68,72360.0,72360.0,1026241.6799999999,4
6334,20,25,4,65124.0,1058307.952,72360.0,72360.0,993183.952,6
6335,21,25,4,65124.0,889975.376,72360.0,72360.0,824851.376,7
6336,22,25,4,65124.0,675275.248,72360.0,72360.0,610151.248,7
6337,23,25,4,65016.00703,749222.008,72240.00781,72240.0,684206.00097,8
6338,24,25,4,64503.0211,730209.488,71670.02344,71670.0,665706.4669,9
6339,25,25,4,64395.01407,710291.52,71550.01563,71550.0,645896.50593,10
6340,26,25,4,64395.01407,425208.64,71550.01563,71550.0,360813.62593000004,12
6341,27,25,4,64422.01407,334176.3744,71580.01563,71580.0,269754.36033,13
6342,28,25,4,64719.00703,178633.312,71910.00781,71910.0,113914.30497,14
6343,29,25,4,65124.0,0.0,72360.0,0.0,-65124.0,15
6344,13,26,4,65124.0,332714.624,72360.0,72360.0,267590.624,14
6345,14,26,4,65124.0,355085.44,72360.0,72360.0,289961.44,12
6346,15,26,4,65124.0,528719.392,72360.0,72360.0,463595.392,10
6347,16,26,4,65124.0,721776.84,72360.0,72360.0,656652.84,8
6348,17,26,4,65124.0,753043.504,72360.0,72360.0,687919.504,8
6349,18,26,4,65124.0,840095.8,72360.0,72360.0,774971.8,7
6350,19,26,4,65124.0,1017910.984,72360.0,72360.0,952786.984,7
6351,20,26,4,65124.0,979849.928,72360.0,72360.0,914725.928,7
6352,21,26,4,65124.0,733434.16,72360.0,72360.0,668310.16,7
6353,22,26,4,65124.0,442192.416,72360.0,72360.0,377068.416,8
6354,23,26,4,65124.0,809761.68,72360.0,72360.0,744637.68,9
6355,24,26,4,65016.00703,990481.176,72240.00781,72240.0,925465.16897,9
6356,25,26,4,64503.0211,730489.544,71670.02344,71670.0,665986.5229,11
6357,26,26,4,64395.01407,383025.544,71550.01563,71550.0,318630.52993,12
6358,27,26,4,64395.01407,340919.192,71550.01563,71550.0,276524.17793,14
6359,28,26,4,64395.01407,309539.456,71550.01563,71550.0,245144.44193,14
6360,29,26,4,64854.00703,82288.7504,72060.00781,72060.0,17434.743370000004,15
6361,13,27,4,65124.0,322925.12,72360.0,72360.0,257801.12,14
6362,14,27,4,65124.0,342273.84,72360.0,72360.0,277149.84,12
6363,15,27,4,65124.0,498871.952,72360.0,72360.0,433747.952,11
6364,16,27,4,65124.0,707613.456,72360.0,72360.0,642489.456,9
6365,20,27,4,65124.0,784980.256,72360.0,72360.0,719856.256,8
6366,21,27,4,65124.0,524656.256,72360.0,72360.0,459532.25600000005,8
6367,22,27,4,65124.0,383316.56,72360.0,72360.0,318192.56,9
6368,23,27,4,65124.0,512836.752,72360.0,72360.0,447712.752,9
6369,24,27,4,65124.0,651682.016,72360.0,72360.0,586558.016,10
6370,25,27,4,65016.00703,621020.912,72240.00781,72240.0,556004.90497,11
6371,26,27,4,64503.0211,405661.136,71670.02344,71670.0,341158.1149,12
6372,27,27,4,64395.01407,337387.136,71550.01563,71550.0,272992.12193,14
6373,28,27,4,64395.01407,248981.408,71550.01563,71550.0,184586.39393,15
6374,29,27,4,64422.01407,87399.2584,71580.01563,71580.0,22977.24433000001,
6375,13,28,4,65124.0,333748.656,72360.0,72360.0,268624.656,15
6376,24,28,4,65124.0,378485.904,72360.0,72360.0,313361.904,11
6377,25,28,4,65124.0,411899.28,72360.0,72360.0,346775.28,12
6378,26,28,4,65016.00703,676296.8,72240.00781,72240.0,611280.7929700001,13
6379,27,28,4,64557.01407,437733.568,71730.01563,71730.0,373176.55393000005,14
6380,28,28,4,64395.01407,177561.644,71550.01563,71550.0,113166.62993,15
6381,26,29,4,65124.0,837432.88,72360.0,72360.0,772308.88,13
6382,27,29,4,65097.0,718204.84,72330.0,72330.0,653107.84,14
6383,28,29,4,64665.01407,225567.664,71850.01563,71850.0,160902.64992999999,15
6384,28,30,4,65097.0,490598.912,72330.0,72330.0,425501.912,15
6385,27,12,5,62640.0,0.0,69600.0,0.0,-62640.0,15
6386,17,18,5,64485.01407,651609.056,71650.01563,71650.0,587124.04193,7
6387,19,18,5,66825.0,775425.104,74250.0,74250.0,708600.104,6
6388,20,18,5,66825.0,731051.92,74250.0,74250.0,664226.92,6
6389,21,18,5,66825.0,589841.2,74250.0,74250.0,523016.19999999995,6
6390,22,18,5,66825.0,486173.152,74250.0,74250.0,419348.152,7
6391,23,18,5,66636.0,528523.808,74040.0,74040.0,461887.80799999996,8
6392,24,18,5,65313.00703,843780.168,72570.00781,72570.0,778467.16097,9
6393,25,18,5,65124.0,689984.048,72360.0,72360.0,624860.048,11
6394,26,18,5,65124.0,122264.9248,72360.0,72360.0,57140.92479999999,11
6395,27,18,5,65124.0,85940.624,72360.0,72360.0,20816.623999999996,12
6396,15,19,5,64854.01407,593871.82,72060.01563,72060.0,529017.8059299999,10
6397,16,19,5,64422.01407,610894.416,71580.01563,71580.0,546472.4019299999,8
6398,21,19,5,66825.0,602038.248,74250.0,74250.0,535213.248,6
6399,22,19,5,66636.0,553952.776,74040.0,74040.0,487316.77599999995,7
6400,23,19,5,65313.00703,862396.008,72570.00781,72570.0,797083.00097,8
6401,24,19,5,65124.0,904156.096,72360.0,72360.0,839032.096,9
6402,25,19,5,65124.0,594538.496,72360.0,72360.0,529414.496,10
6403,26,19,5,65124.0,143048.3168,72360.0,72360.0,77924.3168,11
6404,27,19,5,65124.0,64078.8,72360.0,72360.0,-1045.199999999997,12
6405,28,19,5,65124.0,67050.1664,72360.0,72360.0,1926.1664000000019,14
6406,13,20,5,65124.0,501244.12,72360.0,72360.0,436120.12,11
6407,14,20,5,65124.0,644769.72,72360.0,72360.0,579645.72,10
6408,22,20,5,65232.0,860837.512,72480.0,72480.0,795605.512,7
6409,23,20,5,65124.0,914209.96,72360.0,72360.0,849085.96,8
6410,24,20,5,65124.0,908852.36,72360.0,72360.0,843728.36,9
6411,25,20,5,65124.0,540663.752,72360.0,72360.0,475539.752,10
6412,26,20,5,65124.0,76724.8576,72360.0,72360.0,11600.857600000003,11
6413,27,20,5,65124.0,59197.1264,72360.0,72360.0,-5926.873599999999,12
6414,28,20,5,65124.0,52875.1136,72360.0,72360.0,-12248.886400000003,14
6415,29,20,5,65124.0,0.0,72360.0,0.0,-65124.0,15
6416,12,21,5,64512.0,266861.424,71680.0,69680.0,202349.424,13
6417,23,21,5,64908.0,826761.808,72120.0,72120.0,761853.808,7
6418,24,21,5,65124.0,702439.792,72360.0,72360.0,637315.792,9
6419,25,21,5,65124.0,496668.1472,72360.0,72360.0,431544.1472,10
6420,26,21,5,65124.0,216821.688,72360.0,72360.0,151697.688,11
6421,27,21,5,65124.0,107682.624,72360.0,72360.0,42558.623999999996,12
6422,28,21,5,65124.0,66864.7136,72360.0,72360.0,1740.7136000000028,14
6423,29,21,5,65124.0,16141.7472,72360.0,72360.0,-48982.2528,15
6424,11,22,5,59688.0,40591.7088,66320.0,37520.0,-19096.2912,15
6425,12,22,5,65124.0,386810.816,72360.0,72360.0,321686.816,13
6426,21,22,5,64395.01407,764897.04,71550.01563,71550.0,700502.02593,5
6427,22,22,5,64395.01407,777602.784,71550.01563,71550.0,713207.76993,6
6428,23,22,5,64395.01407,670361.024,71550.01563,71550.0,605966.00993,7
6429,24,22,5,64854.00703,561121.68,72060.00781,72060.0,496267.6729700001,8
6430,25,22,5,65124.0,563717.368,72360.0,72360.0,498593.368,9
6431,26,22,5,65124.0,494406.64,72360.0,72360.0,429282.64,11
6432,27,22,5,65124.0,220131.5664,72360.0,72360.0,155007.5664,12
6433,28,22,5,65124.0,45198.3072,72360.0,72360.0,-19925.692799999997,14
6434,29,22,5,65124.0,0.0,72360.0,0.0,-65124.0,14
6435,30,22,5,65124.0,0.0,72360.0,0.0,-65124.0,15
6436,11,23,5,58068.0,25239.3792,64520.0,24120.0,-32828.620800000004,15
6437,12,23,5,65124.0,316783.8272,72360.0,72360.0,251659.8272,13
6438,21,23,5,64395.01407,861812.224,71550.01563,71550.0,797417.20993,4
6439,22,23,5,64395.01407,739813.912,71550.01563,71550.0,675418.89793,6
6440,23,23,5,64395.01407,550709.928,71550.01563,71550.0,486314.91393,7
6441,24,23,5,64395.01407,481035.232,71550.01563,71550.0,416640.21793000004,8
6442,25,23,5,64773.00703,658340.832,71970.00781,71970.0,593567.8249700001,9
6443,26,23,5,65124.0,724654.52,72360.0,72360.0,659530.52,10
6444,27,23,5,65124.0,619451.3824,72360.0,72360.0,554327.3824,11
6445,28,23,5,65124.0,105813.2544,72360.0,72360.0,40689.254400000005,12
6446,29,23,5,65124.0,0.0,72360.0,0.0,-65124.0,14
6447,30,23,5,59688.0,0.0,66320.0,0.0,-59688.0,15
6448,11,24,5,55080.0,0.0,61200.0,0.0,-55080.0,15
6449,12,24,5,62784.0,134855.6672,69760.0,58960.0,72071.6672,13
6450,19,24,5,65124.0,1238722.584,72360.0,72360.0,1173598.584,2
6451,20,24,5,65097.0,1314306.12,72330.0,72330.0,1249209.12,3
6452,21,24,5,64746.01407,1028003.088,71940.01563,71940.0,963257.07393,4
6453,22,24,5,64422.01407,701536.376,71580.01563,71580.0,637114.36193,6
6454,23,24,5,64395.01407,521627.032,71550.01563,71550.0,457232.01793000003,7
6455,24,24,5,64395.01407,560620.856,71550.01563,71550.0,496225.84193000005,8
6456,25,24,5,64395.01407,711635.048,71550.01563,71550.0,647240.0339299999,9
6457,26,24,5,64692.01407,737273.808,71880.01563,71880.0,672581.7939299999,10
6458,27,24,5,65124.0,392413.3904,72360.0,72360.0,327289.3904,11
6459,28,24,5,65124.0,0.0,72360.0,0.0,-65124.0,12
6460,29,24,5,65124.0,0.0,72360.0,0.0,-65124.0,14
6461,30,24,5,56088.0,0.0,62320.0,0.0,-56088.0,15
6462,11,25,5,55080.0,0.0,61200.0,0.0,-55080.0,15
6463,12,25,5,64260.0,214927.2032,71400.0,67000.0,150667.2032,13
6464,18,25,5,65124.0,1161545.952,72360.0,72360.0,1096421.952,3
6465,19,25,5,65124.0,1282185.416,72360.0,72360.0,1217061.416,3
6466,20,25,5,65124.0,1309504.992,72360.0,72360.0,1244380.992,3
6467,21,25,5,65124.0,1148820.016,72360.0,72360.0,1083696.016,4
6468,22,25,5,64854.01407,749820.912,72060.01563,72060.0,684966.89793,6
6469,23,25,5,64476.01407,595329.504,71640.01563,71640.0,530853.4899299999,7
6470,24,25,5,64395.01407,808605.568,71550.01563,71550.0,744210.5539299999,8
6471,25,25,5,64395.01407,785335.328,71550.01563,71550.0,720940.31393,9
6472,26,25,5,64395.01407,561416.408,71550.01563,71550.0,497021.3939300001,10
6473,27,25,5,64638.01407,261374.984,71820.01563,71820.0,196736.96993,12
6474,28,25,5,65097.0,13312.904,72330.0,72330.0,-51784.096,13
6475,29,25,5,65124.0,0.0,72360.0,0.0,-65124.0,14
6476,30,25,5,61272.0,0.0,68080.0,0.0,-61272.0,15
6477,12,26,5,65124.0,275708.9664,72360.0,72360.0,210584.96639999998,14
6478,21,26,5,65124.0,1090129.264,72360.0,72360.0,1025005.264,6
6479,22,26,5,65124.0,715421.792,72360.0,72360.0,650297.792,7
6480,23,26,5,64989.00703,722368.728,72210.00781,72210.0,657379.72097,8
6481,24,26,5,64503.0211,878177.392,71670.02344,71670.0,813674.3709,9
6482,25,26,5,64395.01407,688697.44,71550.01563,71550.0,624302.4259299999,9
6483,26,26,5,64395.01407,506093.056,71550.01563,71550.0,441698.04193,11
6484,27,26,5,64395.01407,361773.068,71550.01563,71550.0,297378.05393000005,12
6485,28,26,5,64584.00703,221555.436,71760.00781,71760.0,156971.42896999998,14
6486,29,26,5,65070.0,0.0,72300.0,0.0,-65070.0,14
6487,30,26,5,65124.0,0.0,72360.0,0.0,-65124.0,15
6488,12,27,5,65124.0,376207.224,72360.0,72360.0,311083.224,14
6489,24,27,5,65016.00703,554202.6304,72240.00781,72240.0,489186.62337000004,9
6490,25,27,5,64503.0211,499170.8,71670.02344,71670.0,434667.7789,10
6491,26,27,5,64395.01407,504806.216,71550.01563,71550.0,440411.20193000004,11
6492,27,27,5,64395.01407,371999.54,71550.01563,71550.0,307604.52593,12
6493,28,27,5,64395.01407,111394.94,71550.01563,71550.0,46999.925930000005,14
6494,29,27,5,64530.01407,0.0,71700.01563,0.0,-64530.01407,15
6495,30,27,5,65070.0,0.0,72300.0,0.0,-65070.0,
6496,12,28,5,65124.0,412809.952,72360.0,72360.0,347685.952,14
6497,26,28,5,64503.0211,512812.752,71670.02344,71670.0,448309.73089999997,12
6498,27,28,5,64395.01407,371990.892,71550.01563,71550.0,307595.87793,13
6499,28,28,5,64395.01407,150256.78,71550.01563,71550.0,85861.76593,14
6500,29,28,5,64395.01407,53852.24,71550.01563,71550.0,-10542.77407,15
6501,28,29,5,64395.01407,177274.632,71550.01563,71550.0,112879.61793000001,14
6502,29,29,5,64395.01407,137359.032,71550.01563,71550.0,72964.01793,15
6503,29,30,5,64395.01407,142782.712,71550.01563,71550.0,78387.69793,15
6504,27,32,5,55080.0,0.0,61200.0,0.0,-55080.0,
6505,16,17,6,64584.00703,537399.632,71760.00781,71760.0,472815.62497,8
6506,19,17,6,66825.0,881989.184,74250.0,74250.0,815164.184,6
6507,20,17,6,66825.0,942924.592,74250.0,74250.0,876099.592,6
6508,21,17,6,66825.0,858093.072,74250.0,74250.0,791268.072,6
6509,22,17,6,66825.0,642392.36,74250.0,74250.0,575567.36,6
6510,23,17,6,66825.0,549391.672,74250.0,74250.0,482566.672,7
6511,24,17,6,66321.0,573542.416,73690.0,73690.0,507221.41599999997,9
6512,25,17,6,65124.0,500637.792,72360.0,72360.0,435513.792,10
6513,26,17,6,65124.0,260686.2752,72360.0,72360.0,195562.2752,11
6514,27,17,6,65124.0,280608.864,72360.0,72360.0,215484.864,12
6515,9,18,6,55080.0,0.0,61200.0,0.0,-55080.0,15
6516,14,18,6,64422.01407,399397.028,71580.01563,71580.0,334975.01393,10
6517,15,18,6,64395.01407,527175.964,71550.01563,71550.0,462780.94993000006,8
6518,23,18,6,66636.0,547139.552,74040.0,74040.0,480503.552,7
6519,24,18,6,65250.00703,654287.784,72500.00781,72500.0,589037.77697,8
6520,25,18,6,65124.0,527450.416,72360.0,72360.0,462326.41599999997,9
6521,26,18,6,65124.0,146644.656,72360.0,72360.0,81520.65599999999,11
6522,27,18,6,65124.0,131423.424,72360.0,72360.0,66299.424,11
6523,28,18,6,65124.0,187920.96,72360.0,72360.0,122796.95999999999,12
6524,29,18,6,65124.0,212804.224,72360.0,72360.0,147680.224,13
6525,13,19,6,65124.0,436197.296,72360.0,72360.0,371073.296,11
6526,25,19,6,65124.0,474340.992,72360.0,72360.0,409216.992,9
6527,26,19,6,65124.0,156657.4816,72360.0,72360.0,91533.4816,10
6528,27,19,6,65124.0,104532.6208,72360.0,72360.0,39408.620800000004,11
6529,28,19,6,65124.0,127682.9024,72360.0,72360.0,62558.902400000006,12
6530,29,19,6,65124.0,163713.1648,72360.0,72360.0,98589.1648,14
6531,30,19,6,65124.0,145945.8368,72360.0,72360.0,80821.83679999999,15
6532,12,20,6,65124.0,198233.264,72360.0,72360.0,133109.264,11
6533,25,20,6,65124.0,457769.6896,72360.0,72360.0,392645.6896,9
6534,26,20,6,65124.0,110714.016,72360.0,72360.0,45590.016,10
6535,27,20,6,65124.0,97940.4928,72360.0,72360.0,32816.49280000001,11
6536,28,20,6,65124.0,102670.7904,72360.0,72360.0,37546.7904,12
6537,29,20,6,65124.0,126312.6848,72360.0,72360.0,61188.6848,14
6538,30,20,6,65124.0,141694.8032,72360.0,72360.0,76570.8032,15
6539,11,21,6,64512.0,0.0,71680.0,0.0,-64512.0,13
6540,24,21,6,65124.0,650885.808,72360.0,72360.0,585761.808,7
6541,25,21,6,65124.0,498655.688,72360.0,72360.0,433531.688,9
6542,26,21,6,65124.0,312986.9104,72360.0,72360.0,247862.9104,10
6543,27,21,6,65124.0,193755.9488,72360.0,72360.0,128631.94880000001,11
6544,28,21,6,65124.0,143206.2304,72360.0,72360.0,78082.2304,12
6545,29,21,6,65124.0,95312.9984,72360.0,72360.0,30188.998399999997,14
6546,30,21,6,65124.0,69193.9552,72360.0,72360.0,4069.9551999999967,15
6547,10,22,6,55080.0,0.0,61200.0,0.0,-55080.0,15
6548,11,22,6,62784.0,33187.0816,69760.0,58960.0,-29596.918400000002,13
6549,23,22,6,64503.01407,661719.936,71670.01563,71670.0,597216.92193,6
6550,24,22,6,65016.00703,563315.08,72240.00781,72240.0,498299.07297,7
6551,25,22,6,65124.0,565856.56,72360.0,72360.0,500732.56000000006,8
6552,26,22,6,65124.0,605903.984,72360.0,72360.0,540779.984,9
6553,27,22,6,65124.0,362428.84,72360.0,72360.0,297304.84,11
6554,28,22,6,65124.0,116667.8944,72360.0,72360.0,51543.894400000005,12
6555,29,22,6,65124.0,22049.1104,72360.0,72360.0,-43074.889599999995,14
6556,30,22,6,65124.0,0.0,72360.0,0.0,-65124.0,14
6557,31,22,6,58788.0,0.0,65320.0,0.0,-58788.0,15
6558,10,23,6,55080.0,0.0,61200.0,0.0,-55080.0,15
6559,11,23,6,61776.0,41082.4736,68640.0,48240.0,-20693.526400000002,13
6560,22,23,6,64395.01407,764116.704,71550.01563,71550.0,699721.68993,4
6561,23,23,6,64395.01407,591150.384,71550.01563,71550.0,526755.3699299999,6
6562,24,23,6,64449.01407,463283.728,71610.01563,71610.0,398834.71393,7
6563,25,23,6,64989.00703,643628.432,72210.00781,72210.0,578639.42497,8
6564,26,23,6,65124.0,697279.944,72360.0,72360.0,632155.944,9
6565,27,23,6,65124.0,725923.888,72360.0,72360.0,660799.888,10
6566,28,23,6,65124.0,260526.8368,72360.0,72360.0,195402.8368,11
6567,29,23,6,65124.0,0.0,72360.0,0.0,-65124.0,12
6568,30,23,6,62280.0,0.0,69200.0,0.0,-62280.0,14
6569,31,23,6,56196.0,0.0,62440.0,0.0,-56196.0,15
6570,10,24,6,55080.0,0.0,61200.0,0.0,-55080.0,15
6571,11,24,6,57204.0,7431.7472,63560.0,18760.0,-49772.2528,13
6572,21,24,6,64395.01407,887306.488,71550.01563,71550.0,822911.47393,3
6573,22,24,6,64395.01407,737414.072,71550.01563,71550.0,673019.05793,4
6574,23,24,6,64395.01407,610531.048,71550.01563,71550.0,546136.0339299999,6
6575,24,24,6,64395.01407,663748.608,71550.01563,71550.0,599353.59393,7
6576,25,24,6,64422.01407,742595.144,71580.01563,71580.0,678173.1299299999,8
6577,26,24,6,64935.0,723387.112,72150.0,72150.0,658452.112,9
6578,27,24,6,65124.0,424349.7824,72360.0,72360.0,359225.7824,10
6579,28,24,6,65124.0,11569.024,72360.0,72360.0,-53554.976,11
6580,29,24,6,65124.0,0.0,72360.0,0.0,-65124.0,12
6581,30,24,6,58428.0,0.0,64920.0,0.0,-58428.0,14
6582,31,24,6,55080.0,0.0,61200.0,0.0,-55080.0,15
6583,10,25,6,55080.0,0.0,61200.0,0.0,-55080.0,15
6584,11,25,6,55080.0,0.0,61200.0,0.0,-55080.0,13
6585,21,25,6,64665.01407,1065344.232,71850.01563,71850.0,1000679.21793,3
6586,22,25,6,64422.01407,727788.176,71580.01563,71580.0,663366.16193,4
6587,23,25,6,64395.01407,552418.28,71550.01563,71550.0,488023.26593000005,6
6588,24,25,6,64395.01407,827430.472,71550.01563,71550.0,763035.4579299999,7
6589,25,25,6,64395.01407,771498.472,71550.01563,71550.0,707103.4579299999,8
6590,26,25,6,64395.01407,612352.368,71550.01563,71550.0,547957.35393,9
6591,27,25,6,64854.00703,189998.6592,72060.00781,72060.0,125144.65216999999,10
6592,28,25,6,65124.0,0.0,72360.0,0.0,-65124.0,12
6593,29,25,6,64872.0,0.0,72080.0,0.0,-64872.0,13
6594,30,25,6,55944.0,0.0,62160.0,0.0,-55944.0,14
6595,31,25,6,55080.0,0.0,61200.0,0.0,-55080.0,15
6596,11,26,6,61776.0,31967.1392,68640.0,48240.0,-29808.8608,14
6597,25,26,6,64395.01407,671411.584,71550.01563,71550.0,607016.56993,9
6598,26,26,6,64395.01407,534630.92,71550.01563,71550.0,470235.90593000007,9
6599,27,26,6,64395.01407,352073.676,71550.01563,71550.0,287678.66193,11
6600,28,26,6,64800.00703,65748.2696,72000.00781,72000.0,948.262569999999,12
6601,29,26,6,65124.0,0.0,72360.0,0.0,-65124.0,14
6602,30,26,6,63504.0,0.0,70560.0,0.0,-63504.0,14
6603,31,26,6,55692.0,0.0,61880.0,0.0,-55692.0,15
6604,11,27,6,65124.0,124317.8048,72360.0,72360.0,59193.8048,14
6605,27,27,6,64395.01407,332692.296,71550.01563,71550.0,268297.28193,11
6606,28,27,6,64395.01407,36991.456,71550.01563,71550.0,-27403.55807,12
6607,29,27,6,64494.0,0.0,71660.0,0.0,-64494.0,14
6608,30,27,6,60876.0,0.0,67640.0,0.0,-60876.0,15
6609,31,27,6,55080.0,0.0,61200.0,0.0,-55080.0,
6610,28,28,6,64395.01407,124691.516,71550.01563,71550.0,60296.501930000006,13
6611,29,28,6,64395.01407,45315.424,71550.01563,71550.0,-19079.59007,14
6612,30,28,6,64215.0,0.0,71350.0,0.0,-64215.0,15
6613,29,29,6,64395.01407,151757.548,71550.01563,71550.0,87362.53393,14
6614,30,29,6,64395.01407,147732.284,71550.01563,71550.0,83337.26993000001,15
6615,30,30,6,64395.01407,164041.472,71550.01563,71550.0,99646.45793,15
6616,27,33,6,55080.0,0.0,61200.0,0.0,-55080.0,15
6617,26,16,7,65880.00703,439021.728,73200.00781,73200.0,373141.72097,10
6618,27,16,7,65628.00703,423290.048,72920.00781,72920.0,357662.04097000003,11
6619,28,16,7,65439.00703,363825.28,72710.00781,72710.0,298386.27297000005,12
6620,8,17,7,55080.0,0.0,61200.0,0.0,-55080.0,15
6621,26,17,7,65124.0,275255.216,72360.0,72360.0,210131.21600000001,10
6622,27,17,7,65124.0,314947.36,72360.0,72360.0,249823.36,11
6623,28,17,7,65124.0,387368.272,72360.0,72360.0,322244.272,12
6624,29,17,7,65124.0,422419.808,72360.0,72360.0,357295.808,12
6625,26,18,7,65124.0,167161.8592,72360.0,72360.0,102037.8592,9
6626,27,18,7,65124.0,164831.3664,72360.0,72360.0,99707.3664,11
6627,28,18,7,65124.0,271586.912,72360.0,72360.0,206462.912,11
6628,29,18,7,65124.0,410012.976,72360.0,72360.0,344888.976,12
6629,30,18,7,65124.0,396959.456,72360.0,72360.0,331835.456,13
6630,31,18,7,58428.0,130194.944,64920.0,24120.0,71766.944,15
6631,26,19,7,65124.0,174693.7696,72360.0,72360.0,109569.7696,9
6632,27,19,7,65124.0,138359.5104,72360.0,72360.0,73235.5104,10
6633,28,19,7,65124.0,190238.736,72360.0,72360.0,125114.736,11
6634,29,19,7,65124.0,342021.072,72360.0,72360.0,276897.072,12
6635,30,19,7,64116.0,339687.808,71240.0,61640.0,275571.808,14
6636,31,19,7,55080.0,0.0,61200.0,0.0,-55080.0,15
6637,26,20,7,65124.0,134635.5616,72360.0,72360.0,69511.56159999999,9
6638,27,20,7,65124.0,122857.2672,72360.0,72360.0,57733.2672,10
6639,28,20,7,65124.0,142626.896,72360.0,72360.0,77502.89600000001,11
6640,29,20,7,65124.0,328291.2,72360.0,72360.0,263167.2,12
6641,30,20,7,64620.0,328289.264,71800.0,67000.0,263669.264,14
6642,31,20,7,55080.0,0.0,61200.0,0.0,-55080.0,15
6643,26,21,7,65124.0,386719.624,72360.0,72360.0,321595.624,9
6644,27,21,7,65124.0,287802.3472,72360.0,72360.0,222678.34720000002,10
6645,28,21,7,65124.0,216105.7632,72360.0,72360.0,150981.7632,11
6646,29,21,7,65124.0,180599.3728,72360.0,72360.0,115475.37280000001,12
6647,30,21,7,65124.0,186564.3424,72360.0,72360.0,121440.3424,14
6648,31,21,7,55080.0,0.0,61200.0,0.0,-55080.0,15
6649,26,22,7,65124.0,591396.528,72360.0,72360.0,526272.528,8
6650,27,22,7,65124.0,471035.112,72360.0,72360.0,405911.112,9
6651,28,22,7,65124.0,172061.3536,72360.0,72360.0,106937.3536,11
6652,29,22,7,65124.0,49269.12,72360.0,72360.0,-15854.879999999997,12
6653,30,22,7,65124.0,0.0,72360.0,0.0,-65124.0,14
6654,31,22,7,57060.0,0.0,63400.0,0.0,-57060.0,14
6655,32,22,7,55080.0,0.0,61200.0,0.0,-55080.0,15
6656,26,23,7,65124.0,639681.328,72360.0,72360.0,574557.328,8
6657,27,23,7,65124.0,670142.384,72360.0,72360.0,605018.384,9
6658,28,23,7,65124.0,300580.68,72360.0,72360.0,235456.68,10
6659,29,23,7,65124.0,0.0,72360.0,0.0,-65124.0,11
6660,30,23,7,63756.0,0.0,70840.0,0.0,-63756.0,12
6661,31,23,7,55692.0,0.0,61880.0,0.0,-55692.0,14
6662,32,23,7,55080.0,0.0,61200.0,0.0,-55080.0,15
6663,26,24,7,65070.0,663154.864,72300.0,72300.0,598084.864,8
6664,27,24,7,65124.0,467202.3184,72360.0,72360.0,402078.3184,9
6665,28,24,7,65124.0,0.0,72360.0,0.0,-65124.0,10
6666,29,24,7,65124.0,0.0,72360.0,0.0,-65124.0,11
6667,30,24,7,58932.0,0.0,65480.0,0.0,-58932.0,12
6668,31,24,7,55080.0,0.0,61200.0,0.0,-55080.0,14
6669,32,24,7,55080.0,0.0,61200.0,0.0,-55080.0,15
6670,25,25,7,64395.01407,777512.312,71550.01563,71550.0,713117.29793,7
6671,26,25,7,64503.01407,632177.824,71670.01563,71670.0,567674.80993,8
6672,27,25,7,65043.00703,201289.768,72270.00781,72270.0,136246.76097,9
6673,28,25,7,65124.0,0.0,72360.0,0.0,-65124.0,10
6674,29,25,7,64008.0,0.0,71120.0,0.0,-64008.0,12
6675,30,25,7,55584.0,0.0,61760.0,0.0,-55584.0,13
6676,31,25,7,55080.0,0.0,61200.0,0.0,-55080.0,14
6677,32,25,7,55080.0,0.0,61200.0,0.0,-55080.0,15
6678,27,26,7,64449.01407,321886.8984,71610.01563,71610.0,257437.88433,9
6679,28,26,7,64989.00703,5662.1416,72210.00781,72210.0,-59326.86543,11
6680,29,26,7,65124.0,0.0,72360.0,0.0,-65124.0,12
6681,30,26,7,60264.0,0.0,66960.0,0.0,-60264.0,14
6682,31,26,7,55080.0,0.0,61200.0,0.0,-55080.0,14
6683,32,26,7,55080.0,0.0,61200.0,0.0,-55080.0,15
6684,29,27,7,64962.00703,0.0,72180.00781,0.0,-64962.00703,12
6685,30,27,7,61524.0,0.0,68360.0,0.0,-61524.0,14
6686,31,27,7,55080.0,0.0,61200.0,0.0,-55080.0,15
6687,32,27,7,55080.0,0.0,61200.0,0.0,-55080.0,
6688,30,28,7,62559.0,0.0,69510.0,0.0,-62559.0,14
6689,31,28,7,55692.0,0.0,61880.0,0.0,-55692.0,15
6690,30,29,7,64422.01407,99406.6232,71580.01563,71580.0,34984.609130000004,14
6691,31,29,7,63675.0,0.0,70750.0,0.0,-63675.0,15
6692,31,30,7,64395.01407,11218.616,71550.01563,71550.0,-53176.398069999996,15
6693,29,33,7,56088.0,24862.576,62320.0,10720.0,-31225.424,15
6694,7,17,8,55080.0,0.0,61200.0,0.0,-55080.0,15
6695,6,16,9,55080.0,0.0,61200.0,0.0,-55080.0,15
6696,5,16,10,55080.0,0.0,61200.0,0.0,-55080.0,15
6697,12,2,12,55080.0,0.0,61200.0,0.0,-55080.0,15
6698,13,2,12,55080.0,0.0,61200.0,0.0,-55080.0,15
6699,11,3,12,55080.0,0.0,61200.0,0.0,-55080.0,15
6700,12,3,12,55080.0,0.0,61200.0,0.0,-55080.0,15
6701,13,3,12,55080.0,0.0,61200.0,0.0,-55080.0,14
6702,9,4,12,55080.0,0.0,61200.0,0.0,-55080.0,15
6703,10,4,12,55080.0,0.0,61200.0,0.0,-55080.0,15
6704,11,4,12,55080.0,0.0,61200.0,0.0,-55080.0,15
6705,12,4,12,55080.0,0.0,61200.0,0.0,-55080.0,14
6706,13,4,12,55080.0,0.0,61200.0,0.0,-55080.0,13
6707,8,5,12,55080.0,0.0,61200.0,0.0,-55080.0,15
6708,9,5,12,55080.0,0.0,61200.0,0.0,-55080.0,15
6709,10,5,12,55080.0,0.0,61200.0,0.0,-55080.0,14
6710,11,5,12,55080.0,0.0,61200.0,0.0,-55080.0,14
6711,12,5,12,55080.0,0.0,61200.0,0.0,-55080.0,13
6712,13,5,12,55080.0,0.0,61200.0,0.0,-55080.0,13
6713,7,6,12,55080.0,0.0,61200.0,0.0,-55080.0,15
6714,8,6,12,55080.0,0.0,61200.0,0.0,-55080.0,15
6715,9,6,12,55080.0,0.0,61200.0,0.0,-55080.0,14
6716,10,6,12,55080.0,0.0,61200.0,0.0,-55080.0,13
6717,11,6,12,55080.0,0.0,61200.0,0.0,-55080.0,13
6718,12,6,12,55080.0,0.0,61200.0,0.0,-55080.0,13
6719,13,6,12,55080.0,0.0,61200.0,0.0,-55080.0,12
6720,6,7,12,55080.0,0.0,61200.0,0.0,-55080.0,15
6721,7,7,12,55080.0,0.0,61200.0,0.0,-55080.0,15
6722,8,7,12,55080.0,0.0,61200.0,0.0,-55080.0,14
6723,9,7,12,55080.0,0.0,61200.0,0.0,-55080.0,13
6724,10,7,12,55080.0,0.0,61200.0,0.0,-55080.0,13
6725,11,7,12,55080.0,0.0,61200.0,0.0,-55080.0,12
6726,12,7,12,55080.0,0.0,61200.0,0.0,-55080.0,11
6727,13,7,12,55080.0,0.0,61200.0,0.0,-55080.0,11
6728,5,8,12,55080.0,0.0,61200.0,0.0,-55080.0,15
6729,6,8,12,55080.0,0.0,61200.0,0.0,-55080.0,15
6730,7,8,12,55080.0,0.0,61200.0,0.0,-55080.0,14
6731,8,8,12,55080.0,0.0,61200.0,0.0,-55080.0,13
6732,9,8,12,55080.0,0.0,61200.0,0.0,-55080.0,13
6733,10,8,12,55080.0,0.0,61200.0,0.0,-55080.0,12
6734,11,8,12,55080.0,0.0,61200.0,0.0,-55080.0,11
6735,12,8,12,55080.0,0.0,61200.0,0.0,-55080.0,10
6736,13,8,12,55080.0,0.0,61200.0,0.0,-55080.0,10
6737,5,9,12,55080.0,0.0,61200.0,0.0,-55080.0,15
6738,6,9,12,55080.0,0.0,61200.0,0.0,-55080.0,14
6739,7,9,12,55080.0,0.0,61200.0,0.0,-55080.0,13
6740,8,9,12,55080.0,0.0,61200.0,0.0,-55080.0,13
6741,9,9,12,55080.0,0.0,61200.0,0.0,-55080.0,12
6742,10,9,12,55080.0,0.0,61200.0,0.0,-55080.0,11
6743,11,9,12,55080.0,0.0,61200.0,0.0,-55080.0,10
6744,12,9,12,55080.0,0.0,61200.0,0.0,-55080.0,9
6745,13,9,12,55080.0,0.0,61200.0,0.0,-55080.0,9
6746,5,10,12,55080.0,0.0,61200.0,0.0,-55080.0,15
6747,6,10,12,55080.0,0.0,61200.0,0.0,-55080.0,14
6748,7,10,12,55080.0,0.0,61200.0,0.0,-55080.0,13
6749,8,10,12,55080.0,0.0,61200.0,0.0,-55080.0,12
6750,9,10,12,55080.0,0.0,61200.0,0.0,-55080.0,11
6751,10,10,12,55080.0,0.0,61200.0,0.0,-55080.0,10
6752,11,10,12,55080.0,0.0,61200.0,0.0,-55080.0,10
6753,12,10,12,55080.0,0.0,61200.0,0.0,-55080.0,8
6754,4,11,12,55080.0,0.0,61200.0,0.0,-55080.0,15
6755,5,11,12,55080.0,0.0,61200.0,0.0,-55080.0,15
6756,6,11,12,55080.0,0.0,61200.0,0.0,-55080.0,14
6757,7,11,12,55080.0,0.0,61200.0,0.0,-55080.0,13
6758,8,11,12,55080.0,0.0,61200.0,0.0,-55080.0,12
6759,9,11,12,55080.0,0.0,61200.0,0.0,-55080.0,10
6760,10,11,12,55080.0,0.0,61200.0,0.0,-55080.0,10
6761,11,11,12,55080.0,0.0,61200.0,0.0,-55080.0,9
6762,12,11,12,55080.0,0.0,61200.0,0.0,-55080.0,7
6763,4,12,12,55080.0,0.0,61200.0,0.0,-55080.0,15
6764,5,12,12,55080.0,0.0,61200.0,0.0,-55080.0,14
6765,6,12,12,55080.0,0.0,61200.0,0.0,-55080.0,13
6766,7,12,12,55080.0,0.0,61200.0,0.0,-55080.0,12
6767,8,12,12,55080.0,0.0,61200.0,0.0,-55080.0,11
6768,9,12,12,55080.0,0.0,61200.0,0.0,-55080.0,10
6769,10,12,12,55080.0,0.0,61200.0,0.0,-55080.0,9
6770,4,13,12,55080.0,0.0,61200.0,0.0,-55080.0,15
6771,5,13,12,55080.0,0.0,61200.0,0.0,-55080.0,14
6772,6,13,12,55080.0,0.0,61200.0,0.0,-55080.0,13
6773,7,13,12,55665.0,0.0,61850.0,0.0,-55665.0,12
6774,8,13,12,60615.0,0.0,67350.0,0.0,-60615.0,11
6775,9,13,12,61101.0,0.0,67890.0,0.0,-61101.0,10
6776,3,14,12,55080.0,0.0,61200.0,0.0,-55080.0,15
6777,4,14,12,55080.0,0.0,61200.0,0.0,-55080.0,14
6778,5,14,12,55080.0,0.0,61200.0,0.0,-55080.0,13
6779,6,14,12,55080.0,0.0,61200.0,0.0,-55080.0,13
6780,7,14,12,59445.0,0.0,66050.0,0.0,-59445.0,11
6781,3,15,12,55080.0,0.0,61200.0,0.0,-55080.0,15
6782,4,15,12,55080.0,0.0,61200.0,0.0,-55080.0,14
6783,5,15,12,55080.0,0.0,61200.0,0.0,-55080.0,13
6784,6,15,12,55080.0,0.0,61200.0,0.0,-55080.0,12
6785,3,16,12,55080.0,0.0,61200.0,0.0,-55080.0,15
6786,4,16,12,55080.0,0.0,61200.0,0.0,-55080.0,13
6787,5,16,12,55080.0,0.0,61200.0,0.0,-55080.0,13
6788,2,17,12,55080.0,0.0,61200.0,0.0,-55080.0,15
6789,3,17,12,55080.0,0.0,61200.0,0.0,-55080.0,14
6790,4,17,12,55080.0,0.0,61200.0,0.0,-55080.0,13
6791,2,18,12,55080.0,0.0,61200.0,0.0,-55080.0,15
6792,3,18,12,55080.0,0.0,61200.0,0.0,-55080.0,14
6793,2,19,12,55080.0,0.0,61200.0,0.0,-55080.0,15
6794,3,19,12,55080.0,0.0,61200.0,0.0,-55080.0,14
6795,2,20,12,55080.0,0.0,61200.0,0.0,-55080.0,15
6796,3,20,12,55080.0,0.0,61200.0,0.0,-55080.0,14
6797,2,21,12,55080.0,0.0,61200.0,0.0,-55080.0,15
6798,19,22,1,65124.0,435148.608,72360.0,72360.0,370024.608,8
6799,20,22,1,65124.0,541075.544,72360.0,72360.0,475951.544,8
6800,22,22,1,65124.0,458385.184,72360.0,72360.0,393261.184,11
6801,23,22,1,65016.00703,481903.704,72240.00781,72240.0,416887.69697000005,12
6802,24,22,1,64503.0211,538604.896,71670.02344,71670.0,474101.87489999994,14
6803,17,23,1,65124.0,64064.0032,72360.0,72360.0,-1059.9968000000008,15
6804,18,23,1,65124.0,137554.6336,72360.0,72360.0,72430.6336,15
6805,19,23,1,65124.0,266133.4608,72360.0,72360.0,201009.4608,13
6806,20,23,1,65124.0,400267.8128,72360.0,72360.0,335143.8128,10
6807,21,23,1,65124.0,528050.864,72360.0,72360.0,462926.86399999994,9
6808,22,23,1,65124.0,615520.04,72360.0,72360.0,550396.04,10
6809,23,23,1,65124.0,646825.528,72360.0,72360.0,581701.528,11
6810,17,24,1,65124.0,288338.8112,72360.0,72360.0,223214.8112,13
6811,18,24,1,65124.0,232903.4752,72360.0,72360.0,167779.4752,13
6812,19,24,1,65124.0,365628.5184,72360.0,72360.0,300504.5184,10
6813,20,24,1,65124.0,551787.744,72360.0,72360.0,486663.74399999995,8
6814,21,24,1,65124.0,539374.32,72360.0,72360.0,474250.31999999995,9
6815,22,24,1,65124.0,523101.368,72360.0,72360.0,457977.368,10
6816,23,24,1,65124.0,591310.624,72360.0,72360.0,526186.624,11
6817,16,25,1,61452.0,362037.888,68280.0,56280.0,300585.888,14
6818,17,25,1,64512.0,446850.96,71680.0,69680.0,382338.96,13
6819,18,25,1,65124.0,530271.768,72360.0,72360.0,465147.76800000004,11
6820,19,25,1,65124.0,655548.856,72360.0,72360.0,590424.856,9
6821,20,25,1,65124.0,619539.528,72360.0,72360.0,554415.528,9
6822,21,25,1,65124.0,506394.928,72360.0,72360.0,441270.928,9
6823,22,25,1,65124.0,458866.0336,72360.0,72360.0,393742.0336,11
6824,23,25,1,62064.0,483222.608,68960.0,58960.0,421158.608,12
6825,16,26,1,57852.0,188978.52,64280.0,29480.0,131126.52,15
6826,17,26,1,59112.0,276156.048,65680.0,42880.0,217044.048,14
6827,18,26,1,60840.0,387172.952,67600.0,53600.0,326332.952,12
6828,19,26,1,62676.0,546169.168,69640.0,61640.0,483493.16799999995,10
6829,20,26,1,64512.0,616998.416,71680.0,69680.0,552486.416,10
6830,21,26,1,65124.0,523946.56,72360.0,72360.0,458822.56,10
6831,22,26,1,61452.0,354963.7216,68280.0,56280.0,293511.7216,11
6832,23,26,1,58860.0,360864.712,65400.0,40200.0,302004.712,12
6833,17,27,1,56340.0,86963.84,62600.0,13400.0,30623.839999999997,15
6834,18,27,1,57600.0,183221.176,64000.0,26800.0,125621.176,14
6835,19,27,1,58104.0,288943.456,64560.0,32160.0,230839.456,12
6836,20,27,1,63288.0,570318.528,70320.0,64320.0,507030.52800000005,10
6837,21,27,1,63900.0,503319.648,71000.0,67000.0,439419.648,11
6838,22,27,1,57600.0,200976.656,64000.0,26800.0,143376.656,12
6839,23,27,1,56088.0,99559.856,62320.0,10720.0,43471.856,13
6840,19,28,1,56844.0,157051.32,63160.0,18760.0,100207.32,14
6841,20,28,1,61452.0,442245.5792,68280.0,56280.0,380793.5792,12
6842,21,28,1,59724.0,222644.248,66360.0,45560.0,162920.248,12
6843,20,29,1,59616.0,325332.368,66240.0,48240.0,265716.368,14
6844,21,29,1,57348.0,158898.6,63720.0,24120.0,101550.6,14
6845,18,21,2,65124.0,768567.752,72360.0,72360.0,703443.752,8
6846,19,21,2,65124.0,777893.312,72360.0,72360.0,712769.312,7
6847,20,21,2,65124.0,706821.104,72360.0,72360.0,641697.104,7
6848,21,21,2,64935.00703,485208.928,72150.00781,72150.0,420273.92097000004,9
6849,22,21,2,64503.0211,501176.74,71670.02344,71670.0,436673.7189,10
6850,23,21,2,64395.01407,526910.8,71550.01563,71550.0,462515.7859300001,11
6851,24,21,2,64395.01407,506649.224,71550.01563,71550.0,442254.20993,12
6852,25,21,2,64503.01407,451772.6016,71670.01563,71670.0,387269.58753,14
6853,26,21,2,64908.00703,143535.8896,72120.00781,72120.0,78627.88256999999,15
6854,16,22,2,65124.0,466812.04,72360.0,72360.0,401688.04,12
6855,17,22,2,65124.0,534891.672,72360.0,72360.0,469767.672,10
6856,18,22,2,65124.0,688458.352,72360.0,72360.0,623334.352,7
6857,19,22,2,65124.0,781050.64,72360.0,72360.0,715926.64,6
6858,20,22,2,65124.0,818413.672,72360.0,72360.0,753289.672,7
6859,21,22,2,65124.0,801377.536,72360.0,72360.0,736253.536,8
6860,22,22,2,65016.00703,567480.16,72240.00781,72240.0,502464.15297000005,9
6861,23,22,2,64503.0211,566518.072,71670.02344,71670.0,502015.05090000003,11
6862,24,22,2,64395.01407,582900.064,71550.01563,71550.0,518505.04993000004,12
6863,25,22,2,64395.01407,544741.88,71550.01563,71550.0,480346.86593,14
6864,26,22,2,64422.01407,411981.368,71580.01563,71580.0,347559.35393000004,14
6865,27,22,2,64854.00703,178415.0448,72060.00781,72060.0,113561.03777,15
6866,15,23,2,65124.0,478994.088,72360.0,72360.0,413870.088,13
6867,16,23,2,65124.0,424031.0368,72360.0,72360.0,358907.0368,12
6868,17,23,2,65124.0,368730.7856,72360.0,72360.0,303606.7856,10
6869,18,23,2,65124.0,493570.376,72360.0,72360.0,428446.376,7
6870,19,23,2,65124.0,618244.16,72360.0,72360.0,553120.16,6
6871,20,23,2,65124.0,755915.304,72360.0,72360.0,690791.304,7
6872,21,23,2,65124.0,656178.304,72360.0,72360.0,591054.304,8
6873,22,23,2,65124.0,680920.584,72360.0,72360.0,615796.584,9
6874,23,23,2,65016.00703,654291.376,72240.00781,72240.0,589275.3689700001,10
6875,24,23,2,64503.0211,523537.128,71670.02344,71670.0,459034.1069,11
6876,25,23,2,64395.01407,548495.288,71550.01563,71550.0,484100.27392999997,12
6877,26,23,2,64395.01407,442052.968,71550.01563,71550.0,377657.95393,14
6878,27,23,2,64422.01407,339826.744,71580.01563,71580.0,275404.72993000003,15
6879,15,24,2,65124.0,467618.208,72360.0,72360.0,402494.208,14
6880,16,24,2,65124.0,546931.72,72360.0,72360.0,481807.72,12
6881,17,24,2,65124.0,465921.5216,72360.0,72360.0,400797.5216,10
6882,18,24,2,65124.0,515905.0304,72360.0,72360.0,450781.0304,8
6883,19,24,2,65124.0,693283.336,72360.0,72360.0,628159.336,7
6884,20,24,2,65124.0,735976.68,72360.0,72360.0,670852.68,7
6885,21,24,2,65124.0,746195.872,72360.0,72360.0,681071.872,8
6886,22,24,2,65124.0,708657.392,72360.0,72360.0,643533.392,9
6887,23,24,2,65124.0,717602.464,72360.0,72360.0,652478.464,10
6888,24,24,2,65016.00703,684942.44,72240.00781,72240.0,619926.43297,11
6889,25,24,2,64503.0211,548748.368,71670.02344,71670.0,484245.3469,12
6890,26,24,2,64395.01407,407508.528,71550.01563,71550.0,343113.51393,14
6891,27,24,2,64395.01407,342833.12,71550.01563,71550.0,278438.10593,15
6892,15,25,2,65124.0,365350.4048,72360.0,72360.0,300226.4048,14
6893,16,25,2,65124.0,529730.712,72360.0,72360.0,464606.71200000006,12
6894,17,25,2,65124.0,534031.92,72360.0,72360.0,468907.92000000004,10
6895,18,25,2,65124.0,604271.936,72360.0,72360.0,539147.936,8
6896,19,25,2,65124.0,758233.704,72360.0,72360.0,693109.704,8
6897,20,25,2,65124.0,765958.472,72360.0,72360.0,700834.472,8
6898,21,25,2,65124.0,737333.672,72360.0,72360.0,672209.672,9
6899,22,25,2,65124.0,729998.568,72360.0,72360.0,664874.568,9
6900,23,25,2,65124.0,765648.328,72360.0,72360.0,700524.328,10
6901,24,25,2,65124.0,779432.152,72360.0,72360.0,714308.152,12
6902,25,25,2,65016.00703,661552.512,72240.00781,72240.0,596536.50497,13
6903,26,25,2,64503.0211,366183.824,71670.02344,71670.0,301680.8029,14
6904,27,25,2,64395.01407,335824.608,71550.01563,71550.0,271429.59393000003,15
6905,15,26,2,65124.0,313243.432,72360.0,72360.0,248119.43199999997,14
6906,16,26,2,65124.0,510155.976,72360.0,72360.0,445031.976,12
6907,17,26,2,65124.0,522380.864,72360.0,72360.0,457256.864,12
6908,18,26,2,65124.0,581399.432,72360.0,72360.0,516275.43200000003,9
6909,19,26,2,65124.0,722352.224,72360.0,72360.0,657228.224,8
6910,20,26,2,65124.0,740120.928,72360.0,72360.0,674996.928,9
6911,21,26,2,65124.0,668382.712,72360.0,72360.0,603258.712,9
6912,22,26,2,65124.0,643673.816,72360.0,72360.0,578549.816,10
6913,23,26,2,65124.0,781306.264,72360.0,72360.0,716182.264,11
6914,24,26,2,65124.0,782744.88,72360.0,72360.0,717620.88,12
6915,25,26,2,65124.0,517885.808,72360.0,72360.0,452761.808,14
6916,26,26,2,65016.00703,396153.544,72240.00781,72240.0,331137.53697,14
6917,27,26,2,64503.0211,368526.0,71670.02344,71670.0,304022.9789,15
6918,16,27,2,63900.0,470635.128,71000.0,67000.0,406735.128,14
6919,17,27,2,65124.0,514706.28,72360.0,72360.0,449582.28,12
6920,18,27,2,65124.0,538895.256,72360.0,72360.0,473771.25600000005,12
6921,19,27,2,65124.0,716053.6,72360.0,72360.0,650929.6,9
6922,20,27,2,65124.0,655463.624,72360.0,72360.0,590339.624,9
6923,21,27,2,65124.0,516429.16,72360.0,72360.0,451305.16,10
6924,22,27,2,65124.0,502537.88,72360.0,72360.0,437413.88,11
6925,23,27,2,65124.0,678556.888,72360.0,72360.0,613432.888,12
6926,24,27,2,65124.0,603966.768,72360.0,72360.0,538842.768,12
6927,25,27,2,65124.0,297392.6592,72360.0,72360.0,232268.6592,14
6928,26,27,2,65124.0,201463.1776,72360.0,72360.0,136339.1776,15
6929,27,27,2,65016.00703,316517.1184,72240.00781,72240.0,251501.11136999997,
6930,17,28,2,60588.0,365222.8,67320.0,50920.0,304634.8,14
6931,18,28,2,62676.0,505065.184,69640.0,61640.0,442389.184,12
6932,19,28,2,65124.0,612731.8352,72360.0,72360.0,547607.8352,11
6933,20,28,2,65124.0,395012.5648,72360.0,72360.0,329888.5648,10
6934,21,28,2,65124.0,251716.9456,72360.0,72360.0,186592.9456,11
6935,22,28,2,64512.0,273596.2352,71680.0,69680.0,209084.2352,12
6936,23,28,2,62064.0,381657.0352,68960.0,58960.0,319593.0352,12
6937,24,28,2,64512.0,514528.456,71680.0,69680.0,450016.456,13
6938,25,28,2,65124.0,196023.0272,72360.0,72360.0,130899.02720000001,14
6939,26,28,2,65124.0,97890.9632,72360.0,72360.0,32766.9632,15
6940,18,29,2,58104.0,232280.928,64560.0,32160.0,174176.928,15
6941,19,29,2,65124.0,518616.44,72360.0,72360.0,453492.44,13
6942,20,29,2,65124.0,536334.832,72360.0,72360.0,471210.83200000005,12
6943,21,29,2,65124.0,424323.0624,72360.0,72360.0,359199.0624,12
6944,22,29,2,60588.0,264947.9728,67320.0,50920.0,204359.9728,14
6945,23,29,2,58860.0,246558.7072,65400.0,40200.0,187698.7072,14
6946,24,29,2,61452.0,330290.408,68280.0,56280.0,268838.408,14
6947,25,29,2,65124.0,371453.64,72360.0,72360.0,306329.64,15
6948,26,29,2,65124.0,326224.968,72360.0,72360.0,261100.968,
6949,20,30,2,65124.0,370053.584,72360.0,72360.0,304929.584,14
6950,21,30,2,63900.0,365797.632,71000.0,67000.0,301897.632,14
6951,22,30,2,57600.0,146954.872,64000.0,26800.0,89354.872,15
6952,18,20,3,65043.00703,781035.392,72270.00781,72270.0,715992.38497,8
6953,19,20,3,64665.01407,577843.896,71850.01563,71850.0,513178.88193,6
6954,20,20,3,64395.01407,413577.904,71550.01563,71550.0,349182.88993,7
6955,21,20,3,64395.01407,424423.168,71550.01563,71550.0,360028.15393000003,8
6956,22,20,3,64395.01407,450552.4,71550.01563,71550.0,386157.38593000005,9
6957,23,20,3,64530.01407,488068.716,71700.01563,71700.0,423538.70193000004,10
6958,24,20,3,65016.00703,735504.544,72240.00781,72240.0,670488.53697,11
6959,25,20,3,65124.0,356889.8448,72360.0,72360.0,291765.8448,12
6960,26,20,3,65124.0,15696.864,72360.0,72360.0,-49427.136,14
6961,16,21,3,65124.0,737111.712,72360.0,72360.0,671987.712,10
6962,17,21,3,65124.0,847366.912,72360.0,72360.0,782242.912,8
6963,19,21,3,65097.0,875490.768,72330.0,72330.0,810393.768,6
6964,20,21,3,64773.01407,657064.528,71970.01563,71970.0,592291.51393,6
6965,21,21,3,64422.01407,461040.16,71580.01563,71580.0,396618.14593,7
6966,22,21,3,64395.01407,583120.56,71550.01563,71550.0,518725.5459300001,9
6967,23,21,3,64395.01407,574964.896,71550.01563,71550.0,510569.88193,10
6968,24,21,3,64503.01407,576903.916,71670.01563,71670.0,512400.90193,11
6969,25,21,3,64989.00703,324908.368,72210.00781,72210.0,259919.36097,12
6970,26,21,3,65124.0,58338.016,72360.0,72360.0,-6785.983999999997,14
6971,27,21,3,64260.0,12465.4304,71400.0,67000.0,-51794.5696,15
6972,15,22,3,65124.0,672946.696,72360.0,72360.0,607822.696,11
6973,16,22,3,65124.0,742591.408,72360.0,72360.0,677467.408,8
6974,17,22,3,65124.0,844316.048,72360.0,72360.0,779192.048,6
6975,19,22,3,65124.0,894108.44,72360.0,72360.0,828984.44,5
6976,20,22,3,65124.0,898902.76,72360.0,72360.0,833778.76,6
6977,21,22,3,64854.01407,794242.704,72060.01563,72060.0,729388.68993,7
6978,22,22,3,64503.0211,693526.4,71670.02344,71670.0,629023.3789,8
6979,23,22,3,64395.01407,602040.144,71550.01563,71550.0,537645.1299299999,9
6980,24,22,3,64395.01407,591880.92,71550.01563,71550.0,527485.90593,11
6981,25,22,3,64422.01407,569989.352,71580.01563,71580.0,505567.33793,12
6982,26,22,3,64854.00703,332274.1792,72060.00781,72060.0,267420.17217000003,14
6983,27,22,3,65124.0,76446.2496,72360.0,72360.0,11322.249599999996,14
6984,28,22,3,64872.0,0.0,72080.0,0.0,-64872.0,15
6985,13,23,3,63288.0,338584.304,70320.0,64320.0,275296.304,15
6986,14,23,3,65124.0,568708.008,72360.0,72360.0,503584.00800000003,13
6987,15,23,3,65124.0,705899.864,72360.0,72360.0,640775.864,11
6988,16,23,3,65124.0,773585.64,72360.0,72360.0,708461.64,7
6989,17,23,3,65124.0,780882.624,72360.0,72360.0,715758.624,6
6990,18,23,3,65124.0,839693.792,72360.0,72360.0,774569.792,5
6991,19,23,3,65124.0,888939.872,72360.0,72360.0,823815.872,5
6992,20,23,3,65124.0,876446.696,72360.0,72360.0,811322.696,6
6993,21,23,3,65124.0,746409.704,72360.0,72360.0,681285.704,7
6994,22,23,3,64989.00703,637861.128,72210.00781,72210.0,572872.12097,8
6995,23,23,3,64503.0211,472112.648,71670.02344,71670.0,407609.6269,9
6996,24,23,3,64395.01407,446491.392,71550.01563,71550.0,382096.37793,10
6997,25,23,3,64395.01407,568836.936,71550.01563,71550.0,504441.92193,11
6998,26,23,3,64422.01407,631094.904,71580.01563,71580.0,566672.88993,12
6999,27,23,3,64854.00703,261815.6128,72060.00781,72060.0,196961.60577,14
7000,28,23,3,65124.0,38039.0624,72360.0,72360.0,-27084.937599999997,15
7001,13,24,3,60804.0,197059.12,67560.0,45560.0,136255.12,15
7002,14,24,3,65124.0,421211.312,72360.0,72360.0,356087.312,13
7003,15,24,3,65124.0,667621.552,72360.0,72360.0,602497.552,11
7004,16,24,3,65124.0,726124.44,72360.0,72360.0,661000.44,8
7005,17,24,3,65124.0,800412.128,72360.0,72360.0,735288.128,6
7006,18,24,3,65124.0,1043420.584,72360.0,72360.0,978296.584,5
7007,19,24,3,65124.0,972005.016,72360.0,72360.0,906881.016,4
7008,20,24,3,65124.0,859092.952,72360.0,72360.0,793968.952,6
7009,21,24,3,65124.0,771102.336,72360.0,72360.0,705978.336,7
7010,22,24,3,65124.0,700636.824,72360.0,72360.0,635512.824,8
7011,23,24,3,65016.00703,647188.496,72240.00781,72240.0,582172.4889700001,9
7012,24,24,3,64503.0211,480616.36,71670.02344,71670.0,416113.3389,10
7013,25,24,3,64395.01407,529756.696,71550.01563,71550.0,465361.68193,11
7014,26,24,3,64395.01407,580673.8,71550.01563,71550.0,516278.7859300001,12
7015,27,24,3,64422.01407,371916.096,71580.01563,71580.0,307494.08193000004,14
7016,28,24,3,64854.00703,173972.7568,72060.00781,72060.0,109118.74977,15
7017,14,25,3,65124.0,204531.456,72360.0,72360.0,139407.456,14
7018,15,25,3,65124.0,430232.256,72360.0,72360.0,365108.256,12
7019,16,25,3,65124.0,633841.544,72360.0,72360.0,568717.544,10
7020,17,25,3,65124.0,660908.072,72360.0,72360.0,595784.072,8
7021,18,25,3,65124.0,746094.72,72360.0,72360.0,680970.72,7
7022,19,25,3,65124.0,886644.792,72360.0,72360.0,821520.792,7
7023,20,25,3,65124.0,879084.016,72360.0,72360.0,813960.016,7
7024,21,25,3,65124.0,794778.264,72360.0,72360.0,729654.264,8
7025,22,25,3,65124.0,694784.784,72360.0,72360.0,629660.784,9
7026,23,25,3,65124.0,776643.344,72360.0,72360.0,711519.344,9
7027,24,25,3,65016.00703,800962.464,72240.00781,72240.0,735946.45697,10
7028,25,25,3,64503.0211,550293.36,71670.02344,71670.0,485790.3389,12
7029,26,25,3,64395.01407,343397.664,71550.01563,71550.0,279002.64993,13
7030,27,25,3,64395.01407,336292.568,71550.01563,71550.0,271897.55393000005,14
7031,28,25,3,64422.01407,312293.9456,71580.01563,71580.0,247871.93152999997,15
7032,14,26,3,65124.0,203241.7664,72360.0,72360.0,138117.7664,14
7033,15,26,3,65124.0,394081.488,72360.0,72360.0,328957.488,12
7034,16,26,3,65124.0,595955.784,72360.0,72360.0,530831.784,10
7035,17,26,3,65124.0,615698.168,72360.0,72360.0,550574.168,9
7036,18,26,3,65124.0,684718.112,72360.0,72360.0,619594.112,8
7037,19,26,3,65124.0,830950.792,72360.0,72360.0,765826.792,8
7038,20,26,3,65124.0,821136.48,72360.0,72360.0,756012.48,8
7039,21,26,3,65124.0,636968.568,72360.0,72360.0,571844.568,9
7040,22,26,3,65124.0,499326.64,72360.0,72360.0,434202.64,9
7041,23,26,3,65124.0,792988.8,72360.0,72360.0,727864.8,10
7042,24,26,3,65124.0,901190.0,72360.0,72360.0,836066.0,11
7043,25,26,3,65016.00703,746079.272,72240.00781,72240.0,681063.26497,12
7044,26,26,3,64503.0211,358275.904,71670.02344,71670.0,293772.88289999997,14
7045,27,26,3,64395.01407,325372.632,71550.01563,71550.0,260977.61792999998,14
7046,28,26,3,64395.01407,325605.48,71550.01563,71550.0,261210.46592999998,15
7047,14,27,3,65124.0,164798.2368,72360.0,72360.0,99674.23680000001,15
7048,15,27,3,65124.0,359584.6528,72360.0,72360.0,294460.6528,14
7049,16,27,3,65124.0,593872.976,72360.0,72360.0,528748.976,12
7050,17,27,3,65124.0,606739.56,72360.0,72360.0,541615.56,10
7051,18,27,3,65124.0,623465.904,72360.0,72360.0,558341.904,9
7052,19,27,3,65124.0,790921.448,72360.0,72360.0,725797.448,8
7053,20,27,3,65124.0,655104.552,72360.0,72360.0,589980.552,9
7054,21,27,3,65124.0,425779.864,72360.0,72360.0,360655.864,9
7055,22,27,3,65124.0,340380.36,72360.0,72360.0,275256.36,10
7056,23,27,3,65124.0,589633.96,72360.0,72360.0,524509.96,10
7057,24,27,3,65124.0,760791.144,72360.0,72360.0,695667.144,11
7058,25,27,3,65124.0,593116.792,72360.0,72360.0,527992.792,12
7059,26,27,3,65016.00703,322247.888,72240.00781,72240.0,257231.88096999997,14
7060,27,27,3,64503.0211,330116.192,71670.02344,71670.0,265613.17089999997,15
7061,28,27,3,64395.01407,310746.752,71550.01563,71550.0,246351.73792999997,
7062,15,28,3,65124.0,457252.2992,72360.0,72360.0,392128.2992,14
7063,16,28,3,65124.0,583103.136,72360.0,72360.0,517979.13600000006,12
7064,17,28,3,65124.0,630100.624,72360.0,72360.0,564976.624,12
7065,20,28,3,65124.0,341797.5696,72360.0,72360.0,276673.5696,9
7066,21,28,3,65124.0,260835.2816,72360.0,72360.0,195711.2816,10
7067,22,28,3,65124.0,258119.584,72360.0,72360.0,192995.584,11
7068,23,28,3,65124.0,307195.664,72360.0,72360.0,242071.664,12
7069,24,28,3,65124.0,385557.6768,72360.0,72360.0,320433.6768,12
7070,25,28,3,65124.0,354527.8448,72360.0,72360.0,289403.8448,13
7071,26,28,3,65124.0,310555.6032,72360.0,72360.0,245431.6032,14
7072,27,28,3,65043.00703,342758.208,72270.00781,72270.0,277715.20097,15
7073,20,29,3,65124.0,568394.944,72360.0,72360.0,503270.944,10
7074,21,29,3,65124.0,411766.136,72360.0,72360.0,346642.136,11
7075,22,29,3,65124.0,340547.296,72360.0,72360.0,275423.296,12
7076,23,29,3,65124.0,296363.16,72360.0,72360.0,231239.15999999997,12
7077,24,29,3,65124.0,342967.5728,72360.0,72360.0,277843.5728,13
7078,25,29,3,65124.0,464779.8064,72360.0,72360.0,399655.8064,14
7079,26,29,3,65124.0,426112.6,72360.0,72360.0,360988.6,14
7080,27,29,3,65124.0,322362.264,72360.0,72360.0,257238.26400000002,15
7081,20,30,3,65124.0,464028.752,72360.0,72360.0,398904.752,12
7082,21,30,3,65124.0,455110.264,72360.0,72360.0,389986.264,12
7083,22,30,3,65124.0,419675.7424,72360.0,72360.0,354551.7424,12
7084,23,30,3,65124.0,413857.992,72360.0,72360.0,348733.992,14
7085,24,30,3,65124.0,337926.1024,72360.0,72360.0,272802.1024,14
7086,25,30,3,65124.0,288396.896,72360.0,72360.0,223272.896,15
7087,26,30,3,63900.0,233503.152,71000.0,67000.0,169603.152,15
7088,19,31,3,65124.0,496452.4,72360.0,72360.0,431328.4,14
7089,20,31,3,65124.0,514242.112,72360.0,72360.0,449118.112,14
7090,21,31,3,65124.0,511652.704,72360.0,72360.0,446528.704,14
7091,22,31,3,65124.0,329761.704,72360.0,72360.0,264637.704,14
7092,13,4,10,55080.0,0.0,61200.0,0.0,-55080.0,15
7093,14,4,10,55080.0,0.0,61200.0,0.0,-55080.0,15
7094,15,4,10,55080.0,0.0,61200.0,0.0,-55080.0,15
7095,16,4,10,55080.0,0.0,61200.0,0.0,-55080.0,15
7096,17,4,10,55080.0,0.0,61200.0,0.0,-55080.0,15
7097,18,4,10,55080.0,0.0,61200.0,0.0,-55080.0,15
7098,19,4,10,55080.0,0.0,61200.0,0.0,-55080.0,15
7099,20,4,10,55080.0,0.0,61200.0,0.0,-55080.0,15
7100,12,5,10,55080.0,0.0,61200.0,0.0,-55080.0,15
7101,13,5,10,55080.0,0.0,61200.0,0.0,-55080.0,15
7102,14,5,10,55080.0,0.0,61200.0,0.0,-55080.0,14
7103,15,5,10,55080.0,0.0,61200.0,0.0,-55080.0,14
7104,16,5,10,55080.0,0.0,61200.0,0.0,-55080.0,14
7105,17,5,10,55080.0,0.0,61200.0,0.0,-55080.0,14
7106,18,5,10,55080.0,0.0,61200.0,0.0,-55080.0,14
7107,19,5,10,55080.0,0.0,61200.0,0.0,-55080.0,14
7108,20,5,10,55080.0,0.0,61200.0,0.0,-55080.0,14
7109,10,6,10,55080.0,0.0,61200.0,0.0,-55080.0,15
7110,11,6,10,55080.0,0.0,61200.0,0.0,-55080.0,15
7111,12,6,10,55080.0,0.0,61200.0,0.0,-55080.0,15
7112,13,6,10,55080.0,0.0,61200.0,0.0,-55080.0,14
7113,14,6,10,55080.0,0.0,61200.0,0.0,-55080.0,13
7114,15,6,10,55080.0,0.0,61200.0,0.0,-55080.0,13
7115,16,6,10,55080.0,0.0,61200.0,0.0,-55080.0,13
7116,17,6,10,55080.0,0.0,61200.0,0.0,-55080.0,13
7117,18,6,10,55080.0,0.0,61200.0,0.0,-55080.0,13
7118,19,6,10,55080.0,0.0,61200.0,0.0,-55080.0,13
7119,9,7,10,55080.0,0.0,61200.0,0.0,-55080.0,15
7120,10,7,10,55080.0,0.0,61200.0,0.0,-55080.0,15
7121,11,7,10,55080.0,0.0,61200.0,0.0,-55080.0,14
7122,12,7,10,55080.0,0.0,61200.0,0.0,-55080.0,14
7123,13,7,10,55080.0,0.0,61200.0,0.0,-55080.0,13
7124,14,7,10,55080.0,0.0,61200.0,0.0,-55080.0,13
7125,15,7,10,55080.0,0.0,61200.0,0.0,-55080.0,13
7126,16,7,10,55080.0,0.0,61200.0,0.0,-55080.0,13
7127,17,7,10,55080.0,0.0,61200.0,0.0,-55080.0,13
7128,18,7,10,55080.0,0.0,61200.0,0.0,-55080.0,13
7129,19,7,10,55080.0,0.0,61200.0,0.0,-55080.0,13
7130,8,8,10,55080.0,0.0,61200.0,0.0,-55080.0,15
7131,9,8,10,55080.0,0.0,61200.0,0.0,-55080.0,15
7132,10,8,10,55080.0,0.0,61200.0,0.0,-55080.0,14
7133,11,8,10,55080.0,0.0,61200.0,0.0,-55080.0,13
7134,12,8,10,55080.0,0.0,61200.0,0.0,-55080.0,13
7135,13,8,10,55080.0,0.0,61200.0,0.0,-55080.0,13
7136,14,8,10,55080.0,0.0,61200.0,0.0,-55080.0,12
7137,15,8,10,55080.0,0.0,61200.0,0.0,-55080.0,11
7138,16,8,10,55080.0,0.0,61200.0,0.0,-55080.0,11
7139,17,8,10,55080.0,0.0,61200.0,0.0,-55080.0,11
7140,18,8,10,55080.0,0.0,61200.0,0.0,-55080.0,11
7141,19,8,10,55080.0,0.0,61200.0,0.0,-55080.0,11
7142,8,9,10,55080.0,0.0,61200.0,0.0,-55080.0,15
7143,9,9,10,55080.0,0.0,61200.0,0.0,-55080.0,14
7144,10,9,10,55080.0,0.0,61200.0,0.0,-55080.0,13
7145,11,9,10,55080.0,0.0,61200.0,0.0,-55080.0,13
7146,12,9,10,55080.0,0.0,61200.0,0.0,-55080.0,12
7147,13,9,10,55080.0,0.0,61200.0,0.0,-55080.0,11
7148,14,9,10,55080.0,0.0,61200.0,0.0,-55080.0,11
7149,15,9,10,55080.0,0.0,61200.0,0.0,-55080.0,10
7150,16,9,10,55080.0,0.0,61200.0,0.0,-55080.0,10
7151,17,9,10,55080.0,0.0,61200.0,0.0,-55080.0,10
7152,18,9,10,55080.0,0.0,61200.0,0.0,-55080.0,10
7153,19,9,10,55080.0,0.0,61200.0,0.0,-55080.0,10
7154,7,10,10,55080.0,0.0,61200.0,0.0,-55080.0,15
7155,8,10,10,55080.0,0.0,61200.0,0.0,-55080.0,15
7156,9,10,10,55080.0,0.0,61200.0,0.0,-55080.0,14
7157,10,10,10,55080.0,0.0,61200.0,0.0,-55080.0,13
7158,11,10,10,55080.0,0.0,61200.0,0.0,-55080.0,12
7159,12,10,10,55080.0,0.0,61200.0,0.0,-55080.0,11
7160,13,10,10,55080.0,0.0,61200.0,0.0,-55080.0,10
7161,14,10,10,55080.0,0.0,61200.0,0.0,-55080.0,10
7162,15,10,10,55080.0,0.0,61200.0,0.0,-55080.0,9
7163,16,10,10,55080.0,0.0,61200.0,0.0,-55080.0,9
7164,17,10,10,55080.0,0.0,61200.0,0.0,-55080.0,9
7165,18,10,10,55080.0,0.0,61200.0,0.0,-55080.0,9
7166,19,10,10,55080.0,0.0,61200.0,0.0,-55080.0,9
7167,7,11,10,55080.0,0.0,61200.0,0.0,-55080.0,15
7168,8,11,10,56475.0,0.0,62750.0,0.0,-56475.0,14
7169,9,11,10,55080.0,0.0,61200.0,0.0,-55080.0,13
7170,10,11,10,55080.0,0.0,61200.0,0.0,-55080.0,12
7171,11,11,10,55080.0,0.0,61200.0,0.0,-55080.0,11
7172,12,11,10,55080.0,0.0,61200.0,0.0,-55080.0,10
7173,13,11,10,55080.0,0.0,61200.0,0.0,-55080.0,10
7174,14,11,10,55080.0,0.0,61200.0,0.0,-55080.0,9
7175,15,11,10,55080.0,0.0,61200.0,0.0,-55080.0,7
7176,16,11,10,56808.0,43905.792,63120.0,10720.0,-12902.207999999999,7
7177,17,11,10,61884.0,123758.5312,68760.0,45560.0,61874.5312,7
7178,18,11,10,64368.0,77772.0992,71520.0,64320.0,13404.099199999997,7
7179,19,11,10,59652.0,0.0,66280.0,0.0,-59652.0,7
7180,6,12,10,55080.0,0.0,61200.0,0.0,-55080.0,15
7181,7,12,10,57285.0,0.0,63650.0,0.0,-57285.0,15
7182,8,12,10,62595.0,0.0,69550.0,0.0,-62595.0,14
7183,9,12,10,61560.0,11259.616,68400.0,45200.0,-50300.384,13
7184,10,12,10,61020.0,67958.576,67800.0,40200.0,6938.576000000001,12
7185,11,12,10,60516.0,93153.0496,67240.0,34840.0,32637.0496,11
7186,12,12,10,59652.0,102608.08,66280.0,29480.0,42956.08,10
7187,13,12,10,55944.0,22665.616,62160.0,5360.0,-33278.384,9
7188,14,12,10,56808.0,55880.592,63120.0,10720.0,-927.4080000000031,7
7189,15,12,10,61884.0,247600.992,68760.0,45560.0,185716.992,7
7190,16,12,10,65124.0,486161.808,72360.0,72360.0,421037.808,6
7191,17,12,10,65124.0,582309.216,72360.0,72360.0,517185.216,6
7192,18,12,10,65124.0,554086.312,72360.0,72360.0,488962.31200000003,6
7193,19,12,10,65124.0,117107.3344,72360.0,72360.0,51983.33440000001,6
7194,6,13,10,55080.0,0.0,61200.0,0.0,-55080.0,15
7195,7,13,10,58635.0,0.0,65150.0,0.0,-58635.0,14
7196,8,13,10,64395.01407,0.0,71550.01563,0.0,-64395.01407,13
7197,9,13,10,64395.01407,13307.24,71550.01563,71550.0,-51087.77407,13
7198,10,13,10,64692.01407,70334.7488,71880.01563,71880.0,5642.734730000004,11
7199,11,13,10,65097.0,192863.3616,72330.0,72330.0,127766.3616,10
7200,12,13,10,65124.0,285263.904,72360.0,72360.0,220139.90399999998,9
7201,13,13,10,64872.0,331114.08,72080.0,69680.0,266242.08,7
7202,6,14,10,55080.0,0.0,61200.0,0.0,-55080.0,15
7203,7,14,10,55305.0,0.0,61450.0,0.0,-55305.0,14
7204,8,14,10,63189.0,0.0,70210.0,0.0,-63189.0,13
7205,9,14,10,64395.01407,2211.796,71550.01563,71550.0,-62183.218069999995,12
7206,10,14,10,64395.01407,37945.668,71550.01563,71550.0,-26449.34607,11
7207,11,14,10,64476.01407,86734.94,71640.01563,71640.0,22258.925930000005,10
7208,6,15,10,55080.0,0.0,61200.0,0.0,-55080.0,15
7209,7,15,10,55080.0,0.0,61200.0,0.0,-55080.0,13
7210,8,15,10,59436.0,0.0,66040.0,0.0,-59436.0,13
7211,9,15,10,64422.01407,0.0,71580.01563,0.0,-64422.01407,11
7212,10,15,10,64395.01407,17963.608,71550.01563,71550.0,-46431.40607,10
7213,6,16,10,55080.0,0.0,61200.0,0.0,-55080.0,14
7214,7,16,10,55080.0,0.0,61200.0,0.0,-55080.0,13
7215,8,16,10,55080.0,0.0,61200.0,0.0,-55080.0,12
7216,5,17,10,55080.0,0.0,61200.0,0.0,-55080.0,15
7217,6,17,10,55080.0,0.0,61200.0,0.0,-55080.0,13
7218,7,17,10,55080.0,0.0,61200.0,0.0,-55080.0,13
7219,5,18,10,55080.0,0.0,61200.0,0.0,-55080.0,15
7220,6,18,10,55080.0,0.0,61200.0,0.0,-55080.0,13
7221,5,19,10,55080.0,0.0,61200.0,0.0,-55080.0,15
7222,5,20,10,55080.0,0.0,61200.0,0.0,-55080.0,15
7223,5,21,10,55080.0,0.0,61200.0,0.0,-55080.0,15
7224,13,3,11,55080.0,0.0,61200.0,0.0,-55080.0,15
7225,14,3,11,55080.0,0.0,61200.0,0.0,-55080.0,15
7226,15,3,11,55080.0,0.0,61200.0,0.0,-55080.0,15
7227,16,3,11,55080.0,0.0,61200.0,0.0,-55080.0,15
7228,17,3,11,55080.0,0.0,61200.0,0.0,-55080.0,15
7229,18,3,11,55080.0,0.0,61200.0,0.0,-55080.0,15
7230,19,3,11,55080.0,0.0,61200.0,0.0,-55080.0,15
7231,20,3,11,55080.0,0.0,61200.0,0.0,-55080.0,15
7232,21,3,11,55080.0,0.0,61200.0,0.0,-55080.0,15
7233,22,3,11,55080.0,0.0,61200.0,0.0,-55080.0,15
7234,23,3,11,55080.0,0.0,61200.0,0.0,-55080.0,15
7235,24,3,11,55080.0,0.0,61200.0,0.0,-55080.0,15
7236,25,3,11,55080.0,0.0,61200.0,0.0,-55080.0,15
7237,26,3,11,55080.0,0.0,61200.0,0.0,-55080.0,15
7238,11,4,11,55080.0,0.0,61200.0,0.0,-55080.0,15
7239,12,4,11,55080.0,0.0,61200.0,0.0,-55080.0,15
7240,13,4,11,55080.0,0.0,61200.0,0.0,-55080.0,15
7241,14,4,11,55080.0,0.0,61200.0,0.0,-55080.0,14
7242,15,4,11,55080.0,0.0,61200.0,0.0,-55080.0,14
7243,16,4,11,55080.0,0.0,61200.0,0.0,-55080.0,14
7244,17,4,11,55080.0,0.0,61200.0,0.0,-55080.0,14
7245,18,4,11,55080.0,0.0,61200.0,0.0,-55080.0,14
7246,19,4,11,55080.0,0.0,61200.0,0.0,-55080.0,14
7247,20,4,11,55080.0,0.0,61200.0,0.0,-55080.0,14
7248,21,4,11,55080.0,0.0,61200.0,0.0,-55080.0,14
7249,22,4,11,55080.0,0.0,61200.0,0.0,-55080.0,14
7250,23,4,11,55080.0,0.0,61200.0,0.0,-55080.0,14
7251,24,4,11,55080.0,0.0,61200.0,0.0,-55080.0,14
7252,25,4,11,55080.0,0.0,61200.0,0.0,-55080.0,14
7253,26,4,11,55080.0,0.0,61200.0,0.0,-55080.0,14
7254,27,4,11,55080.0,0.0,61200.0,0.0,-55080.0,15
7255,28,4,11,55080.0,0.0,61200.0,0.0,-55080.0,15
7256,10,5,11,55080.0,0.0,61200.0,0.0,-55080.0,15
7257,11,5,11,55080.0,0.0,61200.0,0.0,-55080.0,15
7258,12,5,11,55080.0,0.0,61200.0,0.0,-55080.0,14
7259,13,5,11,55080.0,0.0,61200.0,0.0,-55080.0,14
7260,14,5,11,55080.0,0.0,61200.0,0.0,-55080.0,13
7261,15,5,11,55080.0,0.0,61200.0,0.0,-55080.0,13
7262,16,5,11,55080.0,0.0,61200.0,0.0,-55080.0,13
7263,17,5,11,55080.0,0.0,61200.0,0.0,-55080.0,13
7264,18,5,11,55080.0,0.0,61200.0,0.0,-55080.0,13
7265,19,5,11,55080.0,0.0,61200.0,0.0,-55080.0,13
7266,20,5,11,55080.0,0.0,61200.0,0.0,-55080.0,13
7267,21,5,11,55080.0,0.0,61200.0,0.0,-55080.0,13
7268,22,5,11,55080.0,0.0,61200.0,0.0,-55080.0,13
7269,23,5,11,55080.0,0.0,61200.0,0.0,-55080.0,13
7270,24,5,11,55080.0,0.0,61200.0,0.0,-55080.0,13
7271,25,5,11,55080.0,0.0,61200.0,0.0,-55080.0,13
7272,26,5,11,55080.0,0.0,61200.0,0.0,-55080.0,13
7273,27,5,11,55080.0,0.0,61200.0,0.0,-55080.0,14
7274,28,5,11,55080.0,0.0,61200.0,0.0,-55080.0,15
7275,29,5,11,55080.0,0.0,61200.0,0.0,-55080.0,15
7276,9,6,11,55080.0,0.0,61200.0,0.0,-55080.0,15
7277,10,6,11,55080.0,0.0,61200.0,0.0,-55080.0,15
7278,11,6,11,55080.0,0.0,61200.0,0.0,-55080.0,14
7279,12,6,11,55080.0,0.0,61200.0,0.0,-55080.0,13
7280,13,6,11,55080.0,0.0,61200.0,0.0,-55080.0,13
7281,14,6,11,55080.0,0.0,61200.0,0.0,-55080.0,13
7282,15,6,11,55080.0,0.0,61200.0,0.0,-55080.0,13
7283,16,6,11,55080.0,0.0,61200.0,0.0,-55080.0,13
7284,17,6,11,55080.0,0.0,61200.0,0.0,-55080.0,13
7285,18,6,11,55080.0,0.0,61200.0,0.0,-55080.0,13
7286,19,6,11,55080.0,0.0,61200.0,0.0,-55080.0,13
7287,20,6,11,55080.0,0.0,61200.0,0.0,-55080.0,13
7288,21,6,11,55080.0,0.0,61200.0,0.0,-55080.0,13
7289,22,6,11,55080.0,0.0,61200.0,0.0,-55080.0,13
7290,23,6,11,55080.0,0.0,61200.0,0.0,-55080.0,13
7291,24,6,11,55080.0,0.0,61200.0,0.0,-55080.0,13
7292,25,6,11,55080.0,0.0,61200.0,0.0,-55080.0,13
7293,26,6,11,55080.0,0.0,61200.0,0.0,-55080.0,13
7294,27,6,11,55080.0,0.0,61200.0,0.0,-55080.0,13
7295,28,6,11,55080.0,0.0,61200.0,0.0,-55080.0,14
7296,29,6,11,55080.0,0.0,61200.0,0.0,-55080.0,15
7297,30,6,11,55080.0,0.0,61200.0,0.0,-55080.0,15
7298,8,7,11,55080.0,0.0,61200.0,0.0,-55080.0,15
7299,9,7,11,55080.0,0.0,61200.0,0.0,-55080.0,15
7300,10,7,11,55080.0,0.0,61200.0,0.0,-55080.0,14
7301,11,7,11,55080.0,0.0,61200.0,0.0,-55080.0,13
7302,12,7,11,55080.0,0.0,61200.0,0.0,-55080.0,13
7303,13,7,11,55080.0,0.0,61200.0,0.0,-55080.0,12
7304,14,7,11,55080.0,0.0,61200.0,0.0,-55080.0,11
7305,15,7,11,55080.0,0.0,61200.0,0.0,-55080.0,11
7306,16,7,11,55080.0,0.0,61200.0,0.0,-55080.0,11
7307,17,7,11,55080.0,0.0,61200.0,0.0,-55080.0,11
7308,18,7,11,55080.0,0.0,61200.0,0.0,-55080.0,11
7309,19,7,11,55080.0,0.0,61200.0,0.0,-55080.0,11
7310,20,7,11,55080.0,0.0,61200.0,0.0,-55080.0,11
7311,21,7,11,55080.0,0.0,61200.0,0.0,-55080.0,11
7312,22,7,11,55080.0,0.0,61200.0,0.0,-55080.0,11
7313,23,7,11,55080.0,0.0,61200.0,0.0,-55080.0,11
7314,24,7,11,55080.0,0.0,61200.0,0.0,-55080.0,11
7315,25,7,11,55080.0,0.0,61200.0,0.0,-55080.0,12
7316,26,7,11,55080.0,0.0,61200.0,0.0,-55080.0,12
7317,27,7,11,55080.0,0.0,61200.0,0.0,-55080.0,13
7318,28,7,11,55080.0,0.0,61200.0,0.0,-55080.0,13
7319,29,7,11,55080.0,0.0,61200.0,0.0,-55080.0,14
7320,30,7,11,55080.0,0.0,61200.0,0.0,-55080.0,15
7321,31,7,11,55080.0,0.0,61200.0,0.0,-55080.0,15
7322,7,8,11,55080.0,0.0,61200.0,0.0,-55080.0,15
7323,8,8,11,55080.0,0.0,61200.0,0.0,-55080.0,15
7324,9,8,11,55080.0,0.0,61200.0,0.0,-55080.0,14
7325,10,8,11,55080.0,0.0,61200.0,0.0,-55080.0,13
7326,11,8,11,55080.0,0.0,61200.0,0.0,-55080.0,13
7327,12,8,11,55080.0,0.0,61200.0,0.0,-55080.0,12
7328,13,8,11,55080.0,0.0,61200.0,0.0,-55080.0,11
7329,14,8,11,55080.0,0.0,61200.0,0.0,-55080.0,10
7330,15,8,11,55080.0,0.0,61200.0,0.0,-55080.0,10
7331,16,8,11,55080.0,0.0,61200.0,0.0,-55080.0,10
7332,17,8,11,55080.0,0.0,61200.0,0.0,-55080.0,10
7333,18,8,11,55080.0,0.0,61200.0,0.0,-55080.0,10
7334,19,8,11,55080.0,0.0,61200.0,0.0,-55080.0,10
7335,20,8,11,55080.0,0.0,61200.0,0.0,-55080.0,10
7336,21,8,11,55080.0,0.0,61200.0,0.0,-55080.0,10
7337,22,8,11,55080.0,0.0,61200.0,0.0,-55080.0,10
7338,23,8,11,55080.0,0.0,61200.0,0.0,-55080.0,10
7339,24,8,11,55080.0,0.0,61200.0,0.0,-55080.0,11
7340,25,8,11,55080.0,0.0,61200.0,0.0,-55080.0,11
7341,26,8,11,55080.0,0.0,61200.0,0.0,-55080.0,11
7342,27,8,11,55080.0,0.0,61200.0,0.0,-55080.0,12
7343,28,8,11,55080.0,0.0,61200.0,0.0,-55080.0,13
7344,29,8,11,55080.0,0.0,61200.0,0.0,-55080.0,13
7345,30,8,11,55080.0,0.0,61200.0,0.0,-55080.0,14
7346,31,8,11,55080.0,0.0,61200.0,0.0,-55080.0,15
7347,6,9,11,55080.0,0.0,61200.0,0.0,-55080.0,15
7348,7,9,11,55080.0,0.0,61200.0,0.0,-55080.0,15
7349,8,9,11,55080.0,0.0,61200.0,0.0,-55080.0,14
7350,9,9,11,55080.0,0.0,61200.0,0.0,-55080.0,13
7351,10,9,11,55080.0,0.0,61200.0,0.0,-55080.0,12
7352,11,9,11,55080.0,0.0,61200.0,0.0,-55080.0,12
7353,12,9,11,55080.0,0.0,61200.0,0.0,-55080.0,11
7354,13,9,11,55080.0,0.0,61200.0,0.0,-55080.0,10
7355,14,9,11,55080.0,0.0,61200.0,0.0,-55080.0,9
7356,15,9,11,55080.0,0.0,61200.0,0.0,-55080.0,9
7357,16,9,11,55080.0,0.0,61200.0,0.0,-55080.0,9
7358,17,9,11,55080.0,0.0,61200.0,0.0,-55080.0,9
7359,18,9,11,55080.0,0.0,61200.0,0.0,-55080.0,9
7360,19,9,11,55080.0,0.0,61200.0,0.0,-55080.0,9
7361,20,9,11,55080.0,0.0,61200.0,0.0,-55080.0,9
7362,21,9,11,55080.0,0.0,61200.0,0.0,-55080.0,9
7363,22,9,11,55080.0,0.0,61200.0,0.0,-55080.0,9
7364,23,9,11,55080.0,0.0,61200.0,0.0,-55080.0,9
7365,24,9,11,55080.0,0.0,61200.0,0.0,-55080.0,10
7366,25,9,11,55080.0,0.0,61200.0,0.0,-55080.0,10
7367,26,9,11,55080.0,0.0,61200.0,0.0,-55080.0,11
7368,27,9,11,55080.0,0.0,61200.0,0.0,-55080.0,11
7369,28,9,11,55080.0,0.0,61200.0,0.0,-55080.0,12
7370,29,9,11,55080.0,0.0,61200.0,0.0,-55080.0,13
7371,30,9,11,55080.0,0.0,61200.0,0.0,-55080.0,13
7372,31,9,11,55080.0,0.0,61200.0,0.0,-55080.0,14
7373,32,9,11,55080.0,0.0,61200.0,0.0,-55080.0,15
7374,6,10,11,55080.0,0.0,61200.0,0.0,-55080.0,15
7375,7,10,11,55080.0,0.0,61200.0,0.0,-55080.0,14
7376,8,10,11,55080.0,0.0,61200.0,0.0,-55080.0,13
7377,9,10,11,55080.0,0.0,61200.0,0.0,-55080.0,13
7378,10,10,11,55080.0,0.0,61200.0,0.0,-55080.0,12
7379,11,10,11,55080.0,0.0,61200.0,0.0,-55080.0,11
7380,12,10,11,55080.0,0.0,61200.0,0.0,-55080.0,10
7381,13,10,11,55080.0,0.0,61200.0,0.0,-55080.0,9
7382,14,10,11,55080.0,0.0,61200.0,0.0,-55080.0,8
7383,15,10,11,55080.0,0.0,61200.0,0.0,-55080.0,7
7384,16,10,11,55080.0,0.0,61200.0,0.0,-55080.0,7
7385,17,10,11,55080.0,0.0,61200.0,0.0,-55080.0,7
7386,18,10,11,55080.0,0.0,61200.0,0.0,-55080.0,7
7387,19,10,11,55080.0,0.0,61200.0,0.0,-55080.0,7
7388,20,10,11,55080.0,0.0,61200.0,0.0,-55080.0,7
7389,21,10,11,55080.0,0.0,61200.0,0.0,-55080.0,7
7390,22,10,11,55080.0,0.0,61200.0,0.0,-55080.0,7
7391,23,10,11,55080.0,0.0,61200.0,0.0,-55080.0,8
7392,24,10,11,55080.0,0.0,61200.0,0.0,-55080.0,9
7393,25,10,11,55080.0,0.0,61200.0,0.0,-55080.0,10
7394,26,10,11,55080.0,0.0,61200.0,0.0,-55080.0,10
7395,27,10,11,55080.0,0.0,61200.0,0.0,-55080.0,11
7396,28,10,11,55080.0,0.0,61200.0,0.0,-55080.0,11
7397,29,10,11,55080.0,0.0,61200.0,0.0,-55080.0,12
7398,30,10,11,55080.0,0.0,61200.0,0.0,-55080.0,13
7399,31,10,11,55080.0,0.0,61200.0,0.0,-55080.0,13
7400,32,10,11,55080.0,0.0,61200.0,0.0,-55080.0,14
7401,5,11,11,55080.0,0.0,61200.0,0.0,-55080.0,15
7402,6,11,11,55080.0,0.0,61200.0,0.0,-55080.0,15
7403,7,11,11,55080.0,0.0,61200.0,0.0,-55080.0,14
7404,8,11,11,55080.0,0.0,61200.0,0.0,-55080.0,13
7405,9,11,11,55080.0,0.0,61200.0,0.0,-55080.0,12
7406,10,11,11,55080.0,0.0,61200.0,0.0,-55080.0,11
7407,11,11,11,55080.0,0.0,61200.0,0.0,-55080.0,10
7408,12,11,11,55080.0,0.0,61200.0,0.0,-55080.0,9
7409,13,11,11,55080.0,0.0,61200.0,0.0,-55080.0,8
7410,14,11,11,55080.0,0.0,61200.0,0.0,-55080.0,7
7411,15,11,11,55080.0,0.0,61200.0,0.0,-55080.0,6
7412,16,11,11,55080.0,0.0,61200.0,0.0,-55080.0,6
7413,17,11,11,59040.0,39371.5584,65600.0,26800.0,-19668.4416,6
7414,18,11,11,59652.0,21536.0512,66280.0,29480.0,-38115.9488,6
7415,19,11,11,55692.0,0.0,61880.0,0.0,-55692.0,6
7416,20,11,11,55080.0,0.0,61200.0,0.0,-55080.0,6
7417,21,11,11,55080.0,0.0,61200.0,0.0,-55080.0,6
7418,22,11,11,55080.0,0.0,61200.0,0.0,-55080.0,6
7419,23,11,11,55080.0,0.0,61200.0,0.0,-55080.0,7
7420,24,11,11,55080.0,0.0,61200.0,0.0,-55080.0,7
7421,25,11,11,55080.0,0.0,61200.0,0.0,-55080.0,9
7422,26,11,11,55080.0,0.0,61200.0,0.0,-55080.0,10
7423,27,11,11,55080.0,0.0,61200.0,0.0,-55080.0,10
7424,28,11,11,55080.0,0.0,61200.0,0.0,-55080.0,11
7425,29,11,11,55080.0,0.0,61200.0,0.0,-55080.0,11
7426,30,11,11,55080.0,0.0,61200.0,0.0,-55080.0,12
7427,31,11,11,55080.0,0.0,61200.0,0.0,-55080.0,13
7428,32,11,11,55080.0,0.0,61200.0,0.0,-55080.0,13
7429,5,12,11,55080.0,0.0,61200.0,0.0,-55080.0,15
7430,6,12,11,55080.0,0.0,61200.0,0.0,-55080.0,14
7431,7,12,11,55080.0,0.0,61200.0,0.0,-55080.0,13
7432,8,12,11,57285.0,0.0,63650.0,0.0,-57285.0,13
7433,9,12,11,57645.0,0.0,64050.0,0.0,-57645.0,11
7434,10,12,11,57672.0,2091.9008,64080.0,16080.0,-55580.0992,10
7435,11,12,11,57168.0,9775.1392,63520.0,10720.0,-47392.8608,9
7436,12,12,11,56304.0,10571.2032,62560.0,5360.0,-45732.7968,8
7437,13,12,11,55080.0,0.0,61200.0,0.0,-55080.0,7
7438,30,12,11,55080.0,0.0,61200.0,0.0,-55080.0,11
7439,31,12,11,55080.0,0.0,61200.0,0.0,-55080.0,12
7440,32,12,11,55080.0,0.0,61200.0,0.0,-55080.0,13
7441,5,13,11,55080.0,0.0,61200.0,0.0,-55080.0,15
7442,6,13,11,55080.0,0.0,61200.0,0.0,-55080.0,14
7443,7,13,11,56700.0,0.0,63000.0,0.0,-56700.0,13
7444,8,13,11,63945.0,0.0,71050.0,0.0,-63945.0,12
7445,9,13,11,64611.01407,0.0,71790.01563,0.0,-64611.01407,11
7446,10,13,11,65043.00703,9172.536,72270.00781,72270.0,-55870.47103,10
7447,11,13,11,65124.0,78886.7584,72360.0,72360.0,13762.758400000006,9
7448,32,13,11,55080.0,0.0,61200.0,0.0,-55080.0,13
7449,33,13,11,55080.0,0.0,61200.0,0.0,-55080.0,13
7450,5,14,11,55080.0,0.0,61200.0,0.0,-55080.0,15
7451,6,14,11,55080.0,0.0,61200.0,0.0,-55080.0,13
7452,7,14,11,56565.0,0.0,62850.0,0.0,-56565.0,13
7453,8,14,11,64395.01407,0.0,71550.01563,0.0,-64395.01407,11
7454,9,14,11,64395.01407,0.0,71550.01563,0.0,-64395.01407,10
7455,33,14,11,55080.0,0.0,61200.0,0.0,-55080.0,13
7456,4,15,11,55080.0,0.0,61200.0,0.0,-55080.0,15
7457,5,15,11,55080.0,0.0,61200.0,0.0,-55080.0,14
7458,6,15,11,55080.0,0.0,61200.0,0.0,-55080.0,13
7459,7,15,11,55080.0,0.0,61200.0,0.0,-55080.0,12
7460,8,15,11,59895.0,0.0,66550.0,0.0,-59895.0,11
7461,4,16,11,55080.0,0.0,61200.0,0.0,-55080.0,15
7462,5,16,11,55080.0,0.0,61200.0,0.0,-55080.0,14
7463,6,16,11,55080.0,0.0,61200.0,0.0,-55080.0,13
7464,7,16,11,55080.0,0.0,61200.0,0.0,-55080.0,12
7465,4,17,11,55080.0,0.0,61200.0,0.0,-55080.0,15
7466,5,17,11,55080.0,0.0,61200.0,0.0,-55080.0,13
7467,6,17,11,55080.0,0.0,61200.0,0.0,-55080.0,13
7468,4,18,11,55080.0,0.0,61200.0,0.0,-55080.0,15
7469,5,18,11,55080.0,0.0,61200.0,0.0,-55080.0,13
7470,4,19,11,55080.0,0.0,61200.0,0.0,-55080.0,15
7471,4,20,11,55080.0,0.0,61200.0,0.0,-55080.0,15
7472,14,2,12,55080.0,0.0,61200.0,0.0,-55080.0,15
7473,15,2,12,55080.0,0.0,61200.0,0.0,-55080.0,15
7474,16,2,12,55080.0,0.0,61200.0,0.0,-55080.0,15
7475,17,2,12,55080.0,0.0,61200.0,0.0,-55080.0,15
7476,18,2,12,55080.0,0.0,61200.0,0.0,-55080.0,15
7477,19,2,12,55080.0,0.0,61200.0,0.0,-55080.0,15
7478,20,2,12,55080.0,0.0,61200.0,0.0,-55080.0,15
7479,21,2,12,55080.0,0.0,61200.0,0.0,-55080.0,15
7480,22,2,12,55080.0,0.0,61200.0,0.0,-55080.0,15
7481,23,2,12,55080.0,0.0,61200.0,0.0,-55080.0,15
7482,24,2,12,55080.0,0.0,61200.0,0.0,-55080.0,15
7483,25,2,12,55080.0,0.0,61200.0,0.0,-55080.0,15
7484,26,2,12,55080.0,0.0,61200.0,0.0,-55080.0,15
7485,27,2,12,55080.0,0.0,61200.0,0.0,-55080.0,15
7486,14,3,12,55080.0,0.0,61200.0,0.0,-55080.0,14
7487,15,3,12,55080.0,0.0,61200.0,0.0,-55080.0,14
7488,16,3,12,55080.0,0.0,61200.0,0.0,-55080.0,14
7489,17,3,12,55080.0,0.0,61200.0,0.0,-55080.0,14
7490,18,3,12,55080.0,0.0,61200.0,0.0,-55080.0,14
7491,19,3,12,55080.0,0.0,61200.0,0.0,-55080.0,14
7492,20,3,12,55080.0,0.0,61200.0,0.0,-55080.0,14
7493,21,3,12,55080.0,0.0,61200.0,0.0,-55080.0,14
7494,22,3,12,55080.0,0.0,61200.0,0.0,-55080.0,14
7495,23,3,12,55080.0,0.0,61200.0,0.0,-55080.0,14
7496,24,3,12,55080.0,0.0,61200.0,0.0,-55080.0,14
7497,25,3,12,55080.0,0.0,61200.0,0.0,-55080.0,14
7498,26,3,12,55080.0,0.0,61200.0,0.0,-55080.0,14
7499,27,3,12,55080.0,0.0,61200.0,0.0,-55080.0,15
7500,28,3,12,55080.0,0.0,61200.0,0.0,-55080.0,15
7501,14,4,12,55080.0,0.0,61200.0,0.0,-55080.0,13
7502,15,4,12,55080.0,0.0,61200.0,0.0,-55080.0,13
7503,16,4,12,55080.0,0.0,61200.0,0.0,-55080.0,13
7504,17,4,12,55080.0,0.0,61200.0,0.0,-55080.0,13
7505,18,4,12,55080.0,0.0,61200.0,0.0,-55080.0,13
7506,19,4,12,55080.0,0.0,61200.0,0.0,-55080.0,13
7507,20,4,12,55080.0,0.0,61200.0,0.0,-55080.0,13
7508,21,4,12,55080.0,0.0,61200.0,0.0,-55080.0,13
7509,22,4,12,55080.0,0.0,61200.0,0.0,-55080.0,13
7510,23,4,12,55080.0,0.0,61200.0,0.0,-55080.0,13
7511,24,4,12,55080.0,0.0,61200.0,0.0,-55080.0,13
7512,25,4,12,55080.0,0.0,61200.0,0.0,-55080.0,13
7513,26,4,12,55080.0,0.0,61200.0,0.0,-55080.0,13
7514,27,4,12,55080.0,0.0,61200.0,0.0,-55080.0,14
7515,28,4,12,55080.0,0.0,61200.0,0.0,-55080.0,14
7516,29,4,12,55080.0,0.0,61200.0,0.0,-55080.0,15
7517,14,5,12,55080.0,0.0,61200.0,0.0,-55080.0,13
7518,15,5,12,55080.0,0.0,61200.0,0.0,-55080.0,13
7519,16,5,12,55080.0,0.0,61200.0,0.0,-55080.0,13
7520,17,5,12,55080.0,0.0,61200.0,0.0,-55080.0,13
7521,18,5,12,55080.0,0.0,61200.0,0.0,-55080.0,13
7522,19,5,12,55080.0,0.0,61200.0,0.0,-55080.0,13
7523,20,5,12,55080.0,0.0,61200.0,0.0,-55080.0,13
7524,21,5,12,55080.0,0.0,61200.0,0.0,-55080.0,13
7525,22,5,12,55080.0,0.0,61200.0,0.0,-55080.0,13
7526,23,5,12,55080.0,0.0,61200.0,0.0,-55080.0,13
7527,24,5,12,55080.0,0.0,61200.0,0.0,-55080.0,13
7528,25,5,12,55080.0,0.0,61200.0,0.0,-55080.0,13
7529,26,5,12,55080.0,0.0,61200.0,0.0,-55080.0,13
7530,27,5,12,55080.0,0.0,61200.0,0.0,-55080.0,13
7531,28,5,12,55080.0,0.0,61200.0,0.0,-55080.0,14
7532,29,5,12,55080.0,0.0,61200.0,0.0,-55080.0,14
7533,30,5,12,55080.0,0.0,61200.0,0.0,-55080.0,15
7534,14,6,12,55080.0,0.0,61200.0,0.0,-55080.0,11
7535,15,6,12,55080.0,0.0,61200.0,0.0,-55080.0,11
7536,16,6,12,55080.0,0.0,61200.0,0.0,-55080.0,11
7537,17,6,12,55080.0,0.0,61200.0,0.0,-55080.0,11
7538,18,6,12,55080.0,0.0,61200.0,0.0,-55080.0,11
7539,19,6,12,55080.0,0.0,61200.0,0.0,-55080.0,11
7540,20,6,12,55080.0,0.0,61200.0,0.0,-55080.0,11
7541,21,6,12,55080.0,0.0,61200.0,0.0,-55080.0,11
7542,22,6,12,55080.0,0.0,61200.0,0.0,-55080.0,11
7543,23,6,12,55080.0,0.0,61200.0,0.0,-55080.0,11
7544,24,6,12,55080.0,0.0,61200.0,0.0,-55080.0,11
7545,25,6,12,55080.0,0.0,61200.0,0.0,-55080.0,11
7546,26,6,12,55080.0,0.0,61200.0,0.0,-55080.0,12
7547,27,6,12,55080.0,0.0,61200.0,0.0,-55080.0,13
7548,28,6,12,55080.0,0.0,61200.0,0.0,-55080.0,13
7549,29,6,12,55080.0,0.0,61200.0,0.0,-55080.0,14
7550,30,6,12,55080.0,0.0,61200.0,0.0,-55080.0,14
7551,31,6,12,55080.0,0.0,61200.0,0.0,-55080.0,15
7552,14,7,12,55080.0,0.0,61200.0,0.0,-55080.0,10
7553,15,7,12,55080.0,0.0,61200.0,0.0,-55080.0,10
7554,16,7,12,55080.0,0.0,61200.0,0.0,-55080.0,10
7555,17,7,12,55080.0,0.0,61200.0,0.0,-55080.0,10
7556,18,7,12,55080.0,0.0,61200.0,0.0,-55080.0,10
7557,19,7,12,55080.0,0.0,61200.0,0.0,-55080.0,10
7558,20,7,12,55080.0,0.0,61200.0,0.0,-55080.0,10
7559,21,7,12,55080.0,0.0,61200.0,0.0,-55080.0,10
7560,22,7,12,55080.0,0.0,61200.0,0.0,-55080.0,10
7561,23,7,12,55080.0,0.0,61200.0,0.0,-55080.0,10
7562,24,7,12,55080.0,0.0,61200.0,0.0,-55080.0,10
7563,25,7,12,55080.0,0.0,61200.0,0.0,-55080.0,11
7564,26,7,12,55080.0,0.0,61200.0,0.0,-55080.0,11
7565,27,7,12,55080.0,0.0,61200.0,0.0,-55080.0,12
7566,28,7,12,55080.0,0.0,61200.0,0.0,-55080.0,13
7567,29,7,12,55080.0,0.0,61200.0,0.0,-55080.0,13
7568,30,7,12,55080.0,0.0,61200.0,0.0,-55080.0,14
7569,31,7,12,55080.0,0.0,61200.0,0.0,-55080.0,14
7570,32,7,12,55080.0,0.0,61200.0,0.0,-55080.0,15
7571,14,8,12,55080.0,0.0,61200.0,0.0,-55080.0,9
7572,15,8,12,55080.0,0.0,61200.0,0.0,-55080.0,9
7573,16,8,12,55080.0,0.0,61200.0,0.0,-55080.0,9
7574,17,8,12,55080.0,0.0,61200.0,0.0,-55080.0,9
7575,18,8,12,55080.0,0.0,61200.0,0.0,-55080.0,9
7576,19,8,12,55080.0,0.0,61200.0,0.0,-55080.0,9
7577,20,8,12,55080.0,0.0,61200.0,0.0,-55080.0,9
7578,21,8,12,55080.0,0.0,61200.0,0.0,-55080.0,9
7579,22,8,12,55080.0,0.0,61200.0,0.0,-55080.0,9
7580,23,8,12,55080.0,0.0,61200.0,0.0,-55080.0,9
7581,24,8,12,55080.0,0.0,61200.0,0.0,-55080.0,10
7582,25,8,12,55080.0,0.0,61200.0,0.0,-55080.0,10
7583,26,8,12,55080.0,0.0,61200.0,0.0,-55080.0,11
7584,27,8,12,55080.0,0.0,61200.0,0.0,-55080.0,11
7585,28,8,12,55080.0,0.0,61200.0,0.0,-55080.0,12
7586,29,8,12,55080.0,0.0,61200.0,0.0,-55080.0,13
7587,30,8,12,55080.0,0.0,61200.0,0.0,-55080.0,13
7588,31,8,12,55080.0,0.0,61200.0,0.0,-55080.0,14
7589,32,8,12,55080.0,0.0,61200.0,0.0,-55080.0,14
7590,14,9,12,55080.0,0.0,61200.0,0.0,-55080.0,7
7591,15,9,12,55080.0,0.0,61200.0,0.0,-55080.0,7
7592,16,9,12,55080.0,0.0,61200.0,0.0,-55080.0,7
7593,17,9,12,55080.0,0.0,61200.0,0.0,-55080.0,7
7594,18,9,12,55080.0,0.0,61200.0,0.0,-55080.0,7
7595,19,9,12,55080.0,0.0,61200.0,0.0,-55080.0,7
7596,20,9,12,55080.0,0.0,61200.0,0.0,-55080.0,7
7597,21,9,12,55080.0,0.0,61200.0,0.0,-55080.0,7
7598,22,9,12,55080.0,0.0,61200.0,0.0,-55080.0,7
7599,23,9,12,55080.0,0.0,61200.0,0.0,-55080.0,7
7600,24,9,12,55080.0,0.0,61200.0,0.0,-55080.0,9
7601,25,9,12,55080.0,0.0,61200.0,0.0,-55080.0,9
7602,26,9,12,55080.0,0.0,61200.0,0.0,-55080.0,10
7603,27,9,12,55080.0,0.0,61200.0,0.0,-55080.0,11
7604,28,9,12,55080.0,0.0,61200.0,0.0,-55080.0,11
7605,29,9,12,55080.0,0.0,61200.0,0.0,-55080.0,12
7606,30,9,12,55080.0,0.0,61200.0,0.0,-55080.0,13
7607,31,9,12,55080.0,0.0,61200.0,0.0,-55080.0,13
7608,32,9,12,55080.0,0.0,61200.0,0.0,-55080.0,14
7609,33,9,12,55080.0,0.0,61200.0,0.0,-55080.0,14
7610,13,10,12,55080.0,0.0,61200.0,0.0,-55080.0,7
7611,14,10,12,55080.0,0.0,61200.0,0.0,-55080.0,7
7612,15,10,12,55080.0,0.0,61200.0,0.0,-55080.0,6
7613,16,10,12,55080.0,0.0,61200.0,0.0,-55080.0,6
7614,17,10,12,55080.0,0.0,61200.0,0.0,-55080.0,6
7615,18,10,12,55080.0,0.0,61200.0,0.0,-55080.0,6
7616,19,10,12,55080.0,0.0,61200.0,0.0,-55080.0,6
7617,20,10,12,55080.0,0.0,61200.0,0.0,-55080.0,6
7618,21,10,12,55080.0,0.0,61200.0,0.0,-55080.0,6
7619,22,10,12,55080.0,0.0,61200.0,0.0,-55080.0,6
7620,23,10,12,55080.0,0.0,61200.0,0.0,-55080.0,6
7621,24,10,12,55080.0,0.0,61200.0,0.0,-55080.0,7
7622,25,10,12,55080.0,0.0,61200.0,0.0,-55080.0,8
7623,26,10,12,55080.0,0.0,61200.0,0.0,-55080.0,9
7624,27,10,12,55080.0,0.0,61200.0,0.0,-55080.0,10
7625,28,10,12,55080.0,0.0,61200.0,0.0,-55080.0,11
7626,29,10,12,55080.0,0.0,61200.0,0.0,-55080.0,11
7627,30,10,12,55080.0,0.0,61200.0,0.0,-55080.0,12
7628,31,10,12,55080.0,0.0,61200.0,0.0,-55080.0,13
7629,32,10,12,55080.0,0.0,61200.0,0.0,-55080.0,13
7630,33,10,12,55080.0,0.0,61200.0,0.0,-55080.0,14
7631,31,11,12,55080.0,0.0,61200.0,0.0,-55080.0,12
7632,32,11,12,55080.0,0.0,61200.0,0.0,-55080.0,13
7633,33,11,12,55080.0,0.0,61200.0,0.0,-55080.0,13
7634,32,12,12,55080.0,0.0,61200.0,0.0,-55080.0,12
7635,33,12,12,55080.0,0.0,61200.0,0.0,-55080.0,13
7636,33,13,12,55080.0,0.0,61200.0,0.0,-55080.0,13
7637,34,13,12,55080.0,0.0,61200.0,0.0,-55080.0,13
7638,25,22,1,64395.01407,483872.248,71550.01563,71550.0,419477.23393000005,14
7639,26,22,1,64395.01407,392130.584,71550.01563,71550.0,327735.56993,15
7640,24,23,1,65016.00703,567523.624,72240.00781,72240.0,502507.61697,12
7641,25,23,1,64503.0211,493391.264,71670.02344,71670.0,428888.2429,14
7642,26,23,1,64395.01407,397782.24,71550.01563,71550.0,333387.22593,15
7643,24,24,1,64512.0,677109.304,71680.0,69680.0,612597.304,12
7644,25,24,1,65016.00703,554518.008,72240.00781,72240.0,489502.00097000005,14
7645,26,24,1,64503.0211,432753.872,71670.02344,71670.0,368250.85089999996,15
7646,24,25,1,59616.0,454815.464,66240.0,48240.0,395199.464,13
7647,25,25,1,63288.0,594666.776,70320.0,64320.0,531378.776,14
7648,26,25,1,65016.00703,552515.112,72240.00781,72240.0,487499.10497,15
7649,24,26,1,57600.0,249501.104,64000.0,26800.0,191901.104,14
7650,25,26,1,61200.0,273924.016,68000.0,53600.0,212724.016,14
7651,26,26,1,65124.0,444227.32,72360.0,72360.0,379103.32,15
7652,24,27,1,56340.0,85725.904,62600.0,13400.0,29385.903999999995,14
7653,25,27,1,58860.0,59381.8944,65400.0,40200.0,521.8943999999974,15
7654,26,27,1,59616.0,62792.0928,66240.0,48240.0,3176.0927999999985,
7655,25,28,1,58104.0,117675.1008,64560.0,32160.0,59571.1008,15
7656,14,10,5,55080.0,0.0,61200.0,0.0,-55080.0,15
7657,13,11,5,59904.0,158237.696,66560.0,32160.0,98333.696,15
7658,14,11,5,58284.0,89911.856,64760.0,18760.0,31627.856,15
7659,12,12,5,65124.0,367058.496,72360.0,72360.0,301934.496,15
7660,13,12,5,65124.0,381217.344,72360.0,72360.0,316093.344,15
7661,14,12,5,65124.0,381912.224,72360.0,72360.0,316788.224,14
7662,12,13,5,64638.01407,250450.036,71820.01563,71820.0,185812.02193,15
7663,13,13,5,65070.0,370816.12,72300.0,72300.0,305746.12,14
7664,14,13,5,65124.0,412828.928,72360.0,72360.0,347704.928,13
7665,12,14,5,64395.01407,199848.328,71550.01563,71550.0,135453.31393,15
7666,13,14,5,64449.01407,223521.928,71610.01563,71610.0,159072.91393,14
7667,14,14,5,64935.0,306536.008,72150.0,72150.0,241601.00799999997,13
7668,12,15,5,64422.01407,195532.7984,71580.01563,71580.0,131110.78433,15
7669,13,15,5,64395.01407,176472.0,71550.01563,71550.0,112076.98593,14
7670,14,15,5,64422.01407,194834.144,71580.01563,71580.0,130412.12993,13
7671,11,16,5,61668.0,63086.4416,68520.0,50920.0,1418.4415999999983,15
7672,12,16,5,64827.01407,111397.2456,72030.01563,72030.0,46570.23153,14
7673,13,16,5,64395.01407,191191.88,71550.01563,71550.0,126796.86593,13
7674,14,16,5,64395.01407,219375.556,71550.01563,71550.0,154980.54193,13
7675,11,17,5,55836.0,8506.5344,62040.0,8040.0,-47329.465599999996,15
7676,12,17,5,64512.0,109737.632,71680.0,69680.0,45225.632,14
7677,13,17,5,64773.01407,181543.888,71970.01563,71970.0,116770.87393,13
7678,14,17,5,64395.01407,303951.832,71550.01563,71550.0,239556.81793,12
7679,11,18,5,55080.0,0.0,61200.0,0.0,-55080.0,15
7680,12,18,5,65124.0,135916.0992,72360.0,72360.0,70792.0992,13
7681,13,18,5,65124.0,311411.4944,72360.0,72360.0,246287.49440000003,13
7682,11,19,5,58068.0,5182.048,64520.0,24120.0,-52885.952,15
7683,12,19,5,65124.0,224939.568,72360.0,72360.0,159815.568,13
7684,13,19,5,65124.0,444815.688,72360.0,72360.0,379691.688,12
7685,11,20,5,58824.0,0.0,65360.0,0.0,-58824.0,15
7686,12,20,5,65124.0,262622.9536,72360.0,72360.0,197498.9536,13
7687,11,21,5,58212.0,12864.2112,64680.0,29480.0,-45347.7888,15
7688,15,8,6,55080.0,0.0,61200.0,0.0,-55080.0,15
7689,16,8,6,55080.0,0.0,61200.0,0.0,-55080.0,15
7690,17,8,6,55080.0,0.0,61200.0,0.0,-55080.0,15
7691,18,8,6,55080.0,0.0,61200.0,0.0,-55080.0,15
7692,19,8,6,55080.0,0.0,61200.0,0.0,-55080.0,15
7693,20,8,6,55080.0,0.0,61200.0,0.0,-55080.0,15
7694,21,8,6,55080.0,0.0,61200.0,0.0,-55080.0,15
7695,22,8,6,55080.0,0.0,61200.0,0.0,-55080.0,15
7696,23,8,6,55080.0,0.0,61200.0,0.0,-55080.0,15
7697,24,8,6,55080.0,0.0,61200.0,0.0,-55080.0,15
7698,14,9,6,55080.0,0.0,61200.0,0.0,-55080.0,15
7699,15,9,6,55080.0,0.0,61200.0,0.0,-55080.0,15
7700,16,9,6,55080.0,0.0,61200.0,0.0,-55080.0,14
7701,17,9,6,56808.0,23406.688,63120.0,10720.0,-33401.312000000005,14
7702,18,9,6,58536.0,36467.936,65040.0,21440.0,-22068.064,14
7703,19,9,6,57672.0,17625.3952,64080.0,16080.0,-40046.6048,14
7704,20,9,6,56916.0,5599.9136,63240.0,8040.0,-51316.0864,14
7705,21,9,6,55080.0,0.0,61200.0,0.0,-55080.0,14
7706,22,9,6,55080.0,0.0,61200.0,0.0,-55080.0,14
7707,23,9,6,55080.0,0.0,61200.0,0.0,-55080.0,14
7708,24,9,6,55080.0,0.0,61200.0,0.0,-55080.0,14
7709,25,9,6,55080.0,0.0,61200.0,0.0,-55080.0,15
7710,26,9,6,55080.0,0.0,61200.0,0.0,-55080.0,15
7711,13,10,6,55080.0,0.0,61200.0,0.0,-55080.0,15
7712,14,10,6,55080.0,0.0,61200.0,0.0,-55080.0,15
7713,15,10,6,55692.0,11271.328,61880.0,2680.0,-44420.672,14
7714,16,10,6,59904.0,115435.872,66560.0,32160.0,55531.872,13
7715,17,10,6,64872.0,190119.216,72080.0,69680.0,125247.21599999999,13
7716,18,10,6,65124.0,128930.3872,72360.0,72360.0,63806.3872,13
7717,19,10,6,65124.0,64647.6032,72360.0,72360.0,-476.39680000000226,13
7718,20,10,6,65124.0,8688.9888,72360.0,72360.0,-56435.0112,13
7719,21,10,6,62136.0,0.0,69040.0,0.0,-62136.0,13
7720,22,10,6,55692.0,242.272,61880.0,2680.0,-55449.728,13
7721,23,10,6,55080.0,0.0,61200.0,0.0,-55080.0,13
7722,24,10,6,55692.0,0.0,61880.0,0.0,-55692.0,13
7723,25,10,6,55080.0,0.0,61200.0,0.0,-55080.0,14
7724,26,10,6,55080.0,0.0,61200.0,0.0,-55080.0,15
7725,27,10,6,55080.0,0.0,61200.0,0.0,-55080.0,15
7726,12,11,6,61632.0,239088.464,68480.0,42880.0,177456.464,15
7727,13,11,6,55944.0,29311.376,62160.0,5360.0,-26632.624,15
7728,14,11,6,55944.0,29121.632,62160.0,5360.0,-26822.368,14
7729,15,11,6,63252.0,280008.336,70280.0,56280.0,216756.336,13
7730,16,11,6,65124.0,320508.592,72360.0,72360.0,255384.592,13
7731,17,11,6,65124.0,262835.744,72360.0,72360.0,197711.744,13
7732,18,11,6,65124.0,173421.3024,72360.0,72360.0,108297.30239999999,13
7733,19,11,6,65124.0,70797.2384,72360.0,72360.0,5673.238400000002,13
7734,20,11,6,62640.0,0.0,69600.0,0.0,-62640.0,13
7735,21,11,6,62136.0,0.0,69040.0,0.0,-62136.0,13
7736,22,11,6,63000.0,3560.3264,70000.0,53600.0,-59439.6736,13
7737,23,11,6,59652.0,0.0,66280.0,0.0,-59652.0,13
7738,24,11,6,65124.0,0.0,72360.0,0.0,-65124.0,13
7739,25,11,6,59760.0,0.0,66400.0,0.0,-59760.0,13
7740,26,11,6,55080.0,0.0,61200.0,0.0,-55080.0,14
7741,27,11,6,55080.0,0.0,61200.0,0.0,-55080.0,15
7742,11,12,6,65043.00703,325594.304,72270.00781,72270.0,260551.29697,15
7743,12,12,6,65124.0,399930.192,72360.0,72360.0,334806.192,15
7744,13,12,6,64368.0,387934.288,71520.0,64320.0,323566.288,14
7745,14,12,6,64008.0,393715.264,71120.0,64320.0,329707.264,13
7746,15,12,6,65124.0,423846.72,72360.0,72360.0,358722.72,13
7747,16,12,6,65124.0,475482.208,72360.0,72360.0,410358.208,12
7748,17,12,6,65124.0,508541.6,72360.0,72360.0,443417.6,11
7749,18,12,6,65124.0,438467.928,72360.0,72360.0,373343.928,11
7750,19,12,6,65124.0,84333.8016,72360.0,72360.0,19209.801600000006,11
7751,20,12,6,65124.0,11440.5984,72360.0,72360.0,-53683.4016,11
7752,21,12,6,65124.0,1728.9216,72360.0,72360.0,-63395.0784,11
7753,22,12,6,65124.0,7283.3824,72360.0,72360.0,-57840.6176,11
7754,23,12,6,65124.0,21417.1648,72360.0,72360.0,-43706.8352,12
7755,24,12,6,65124.0,0.0,72360.0,0.0,-65124.0,12
7756,25,12,6,64872.0,0.0,72080.0,0.0,-64872.0,13
7757,26,12,6,61632.0,0.0,68480.0,0.0,-61632.0,13
7758,27,12,6,61524.0,0.0,68360.0,0.0,-61524.0,14
7759,11,13,6,64449.01407,179996.924,71610.01563,71610.0,115547.90993,15
7760,12,13,6,64827.00703,308448.748,72030.00781,72030.0,243621.74097,14
7761,13,13,6,65124.0,427225.12,72360.0,72360.0,362101.12,13
7762,14,13,6,65124.0,452430.688,72360.0,72360.0,387306.688,12
7763,15,13,6,65124.0,488528.624,72360.0,72360.0,423404.624,12
7764,16,13,6,65124.0,592131.392,72360.0,72360.0,527007.392,11
7765,17,13,6,65124.0,604781.44,72360.0,72360.0,539657.44,10
7766,18,13,6,65124.0,588487.168,72360.0,72360.0,523363.16799999995,10
7767,19,13,6,65124.0,408100.488,72360.0,72360.0,342976.488,10
7768,20,13,6,65124.0,150752.896,72360.0,72360.0,85628.89600000001,10
7769,21,13,6,65124.0,132126.672,72360.0,72360.0,67002.67199999999,10
7770,22,13,6,65124.0,156466.2176,72360.0,72360.0,91342.2176,11
7771,23,13,6,65124.0,81144.9312,72360.0,72360.0,16020.931200000006,11
7772,24,13,6,65124.0,24291.52,72360.0,72360.0,-40832.479999999996,12
7773,25,13,6,65124.0,1340.8576,72360.0,72360.0,-63783.1424,12
7774,26,13,6,65124.0,0.0,72360.0,0.0,-65124.0,13
7775,27,13,6,65124.0,0.0,72360.0,0.0,-65124.0,13
7776,28,13,6,65124.0,0.0,72360.0,0.0,-65124.0,14
7777,11,14,6,64395.01407,162332.024,71550.01563,71550.0,97937.00993,15
7778,12,14,6,64395.01407,188596.612,71550.01563,71550.0,124201.59792999999,14
7779,13,14,6,64557.00703,256711.764,71730.00781,71730.0,192154.75697,13
7780,14,14,6,65097.0,352283.864,72330.0,72330.0,287186.864,12
7781,15,14,6,65124.0,410035.6,72360.0,72360.0,344911.6,11
7782,16,14,6,65124.0,510136.912,72360.0,72360.0,445012.912,10
7783,17,14,6,65124.0,578170.784,72360.0,72360.0,513046.784,9
7784,18,14,6,65124.0,593634.616,72360.0,72360.0,528510.616,9
7785,19,14,6,65124.0,509091.272,72360.0,72360.0,443967.272,9
7786,20,14,6,65313.0,397294.928,72570.0,72570.0,331981.928,9
7787,21,14,6,65439.0,412025.968,72710.0,72710.0,346586.968,9
7788,22,14,6,65691.0,451551.488,72990.0,72990.0,385860.488,10
7789,23,14,6,65943.0,457322.3328,73270.0,73270.0,391379.3328,10
7790,24,14,6,66006.0,414248.4352,73340.0,73340.0,348242.4352,11
7791,25,14,6,65880.0,282276.6336,73200.0,73200.0,216396.6336,12
7792,26,14,6,65691.0,142939.7888,72990.0,72990.0,77248.78880000001,12
7793,27,14,6,65502.0,81346.0448,72780.0,72780.0,15844.044800000003,13
7794,28,14,6,65376.0,68919.2968,72640.0,72640.0,3543.2967999999964,13
7795,10,15,6,62478.0,57250.52,69420.0,56220.0,-5227.480000000003,15
7796,11,15,6,64503.0211,125418.3912,71670.02344,71670.0,60915.3701,14
7797,12,15,6,64395.01407,131084.072,71550.01563,71550.0,66689.05792999998,13
7798,13,15,6,64395.01407,181065.884,71550.01563,71550.0,116670.86992999999,13
7799,14,15,6,64584.00703,246498.424,71760.00781,71760.0,181914.41697,11
7800,15,15,6,65097.0,351174.236,72330.0,72330.0,286077.236,10
7801,16,15,6,65124.0,423559.088,72360.0,72360.0,358435.088,9
7802,17,15,6,65124.0,512882.272,72360.0,72360.0,447758.272,8
7803,18,15,6,65187.0,604354.12,72430.0,72430.0,539167.12,7
7804,19,15,6,66195.0,799211.184,73550.0,73550.0,733016.184,7
7805,20,15,6,66825.0,951098.6,74250.0,74250.0,884273.6,7
7806,21,15,6,66825.0,948734.2,74250.0,74250.0,881909.2,7
7807,22,15,6,66825.0,807456.624,74250.0,74250.0,740631.624,9
7808,23,15,6,66825.0,579278.848,74250.0,74250.0,512453.848,10
7809,24,15,6,66825.0,558959.008,74250.0,74250.0,492134.00800000003,10
7810,25,15,6,66825.0,545095.464,74250.0,74250.0,478270.46400000004,11
7811,26,15,6,66825.0,374283.772,74250.0,74250.0,307458.772,11
7812,27,15,6,66825.0,112997.628,74250.0,74250.0,46172.628,12
7813,10,16,6,56700.0,9629.3472,63000.0,13400.0,-47070.652799999996,15
7814,11,16,6,64404.0,57712.2016,71560.0,69560.0,-6691.7984,14
7815,12,16,6,64476.0211,100255.3176,71640.02344,71640.0,35779.2965,13
7816,13,16,6,64395.01407,198623.208,71550.01563,71550.0,134228.19393,12
7817,14,16,6,64395.01407,297854.48,71550.01563,71550.0,233459.46592999998,11
7818,15,16,6,64584.00703,370594.624,71760.00781,71760.0,306010.61697000003,10
7819,16,16,6,65097.0,467349.104,72330.0,72330.0,402252.104,8
7820,17,16,6,65187.0,563119.48,72430.0,72430.0,497932.48,7
7821,18,16,6,66195.0,724645.088,73550.0,73550.0,658450.088,6
7822,19,16,6,66825.0,903567.8,74250.0,74250.0,836742.8,6
7823,20,16,6,66825.0,1020046.76,74250.0,74250.0,953221.76,6
7824,21,16,6,66825.0,976373.656,74250.0,74250.0,909548.656,6
7825,22,16,6,66825.0,725706.12,74250.0,74250.0,658881.12,7
7826,23,16,6,66825.0,569369.104,74250.0,74250.0,502544.10400000005,9
7827,24,16,6,66825.0,562706.16,74250.0,74250.0,495881.16000000003,10
7828,25,16,6,66447.0,516480.952,73830.0,73830.0,450033.952,10
7829,26,16,6,65880.00703,370203.824,73200.00781,73200.0,304323.81697000004,11
7830,27,16,6,65502.00703,329059.604,72780.00781,72780.0,263557.59697,12
7831,10,17,6,55080.0,0.0,61200.0,0.0,-55080.0,15
7832,11,17,6,59436.0,19269.6288,66040.0,34840.0,-40166.3712,13
7833,12,17,6,64683.0,94522.2896,71870.0,69470.0,29839.289600000004,13
7834,13,17,6,64422.01407,213229.772,71580.01563,71580.0,148807.75793,11
7835,14,17,6,64395.01407,357021.552,71550.01563,71550.0,292626.53793000005,10
7836,15,17,6,64395.01407,485462.692,71550.01563,71550.0,421067.67793,10
7837,10,18,6,55080.0,0.0,61200.0,0.0,-55080.0,14
7838,11,18,6,56088.0,1943.7504,62320.0,10720.0,-54144.2496,13
7839,12,18,6,65124.0,93422.1088,72360.0,72360.0,28298.1088,12
7840,13,18,6,64854.01407,252023.1544,72060.01563,72060.0,187169.14033,11
7841,9,19,6,55080.0,0.0,61200.0,0.0,-55080.0,15
7842,10,19,6,55080.0,0.0,61200.0,0.0,-55080.0,14
7843,11,19,6,60660.0,0.0,67400.0,0.0,-60660.0,13
7844,12,19,6,65124.0,168354.1632,72360.0,72360.0,103230.16320000001,12
7845,9,20,6,55080.0,0.0,61200.0,0.0,-55080.0,15
7846,10,20,6,55332.0,0.0,61480.0,0.0,-55332.0,14
7847,11,20,6,63900.0,0.0,71000.0,0.0,-63900.0,13
7848,9,21,6,55080.0,0.0,61200.0,0.0,-55080.0,15
7849,10,21,6,55080.0,0.0,61200.0,0.0,-55080.0,14
7850,15,7,7,55080.0,0.0,61200.0,0.0,-55080.0,15
7851,16,7,7,55080.0,0.0,61200.0,0.0,-55080.0,15
7852,17,7,7,55080.0,0.0,61200.0,0.0,-55080.0,15
7853,18,7,7,55080.0,0.0,61200.0,0.0,-55080.0,15
7854,19,7,7,55080.0,0.0,61200.0,0.0,-55080.0,15
7855,20,7,7,55080.0,0.0,61200.0,0.0,-55080.0,15
7856,21,7,7,55080.0,0.0,61200.0,0.0,-55080.0,15
7857,22,7,7,55080.0,0.0,61200.0,0.0,-55080.0,15
7858,23,7,7,55080.0,0.0,61200.0,0.0,-55080.0,15
7859,24,7,7,55080.0,0.0,61200.0,0.0,-55080.0,15
7860,25,7,7,55080.0,0.0,61200.0,0.0,-55080.0,15
7861,13,8,7,55080.0,0.0,61200.0,0.0,-55080.0,15
7862,14,8,7,55080.0,0.0,61200.0,0.0,-55080.0,15
7863,15,8,7,55080.0,0.0,61200.0,0.0,-55080.0,15
7864,16,8,7,55080.0,0.0,61200.0,0.0,-55080.0,14
7865,17,8,7,55080.0,0.0,61200.0,0.0,-55080.0,14
7866,18,8,7,55080.0,0.0,61200.0,0.0,-55080.0,14
7867,19,8,7,55080.0,0.0,61200.0,0.0,-55080.0,14
7868,20,8,7,55080.0,0.0,61200.0,0.0,-55080.0,14
7869,21,8,7,55080.0,0.0,61200.0,0.0,-55080.0,14
7870,22,8,7,55080.0,0.0,61200.0,0.0,-55080.0,14
7871,23,8,7,55080.0,0.0,61200.0,0.0,-55080.0,14
7872,24,8,7,55080.0,0.0,61200.0,0.0,-55080.0,14
7873,25,8,7,55080.0,0.0,61200.0,0.0,-55080.0,15
7874,26,8,7,55080.0,0.0,61200.0,0.0,-55080.0,15
7875,12,9,7,55080.0,0.0,61200.0,0.0,-55080.0,15
7876,13,9,7,55080.0,0.0,61200.0,0.0,-55080.0,15
7877,14,9,7,55080.0,0.0,61200.0,0.0,-55080.0,14
7878,15,9,7,55080.0,0.0,61200.0,0.0,-55080.0,14
7879,16,9,7,55080.0,0.0,61200.0,0.0,-55080.0,13
7880,17,9,7,55080.0,0.0,61200.0,0.0,-55080.0,13
7881,18,9,7,55080.0,0.0,61200.0,0.0,-55080.0,13
7882,19,9,7,55080.0,0.0,61200.0,0.0,-55080.0,13
7883,20,9,7,55080.0,0.0,61200.0,0.0,-55080.0,13
7884,21,9,7,55080.0,0.0,61200.0,0.0,-55080.0,13
7885,22,9,7,55080.0,0.0,61200.0,0.0,-55080.0,13
7886,23,9,7,55080.0,0.0,61200.0,0.0,-55080.0,13
7887,24,9,7,55080.0,0.0,61200.0,0.0,-55080.0,13
7888,25,9,7,55080.0,0.0,61200.0,0.0,-55080.0,14
7889,26,9,7,55080.0,0.0,61200.0,0.0,-55080.0,14
7890,27,9,7,55080.0,0.0,61200.0,0.0,-55080.0,15
7891,11,10,7,55080.0,0.0,61200.0,0.0,-55080.0,15
7892,12,10,7,55080.0,0.0,61200.0,0.0,-55080.0,15
7893,13,10,7,55080.0,0.0,61200.0,0.0,-55080.0,14
7894,14,10,7,55080.0,0.0,61200.0,0.0,-55080.0,13
7895,15,10,7,55080.0,0.0,61200.0,0.0,-55080.0,13
7896,16,10,7,58176.0,76365.536,64640.0,21440.0,18189.535999999993,13
7897,17,10,7,64008.0,164194.16,71120.0,64320.0,100186.16,13
7898,18,10,7,65124.0,102752.2656,72360.0,72360.0,37628.2656,13
7899,19,10,7,64872.0,28922.3456,72080.0,69680.0,-35949.6544,13
7900,20,10,7,61992.0,0.0,68880.0,0.0,-61992.0,13
7901,21,10,7,56916.0,0.0,63240.0,0.0,-56916.0,13
7902,22,10,7,55080.0,0.0,61200.0,0.0,-55080.0,13
7903,23,10,7,55080.0,0.0,61200.0,0.0,-55080.0,13
7904,24,10,7,55080.0,0.0,61200.0,0.0,-55080.0,13
7905,25,10,7,55080.0,0.0,61200.0,0.0,-55080.0,13
7906,26,10,7,55080.0,0.0,61200.0,0.0,-55080.0,14
7907,27,10,7,55080.0,0.0,61200.0,0.0,-55080.0,14
7908,28,10,7,55080.0,0.0,61200.0,0.0,-55080.0,15
7909,10,11,7,63252.0,187615.5424,70280.0,56280.0,124363.5424,15
7910,11,11,7,61020.0,195569.68,67800.0,40200.0,134549.68,15
7911,12,11,7,57312.0,88369.136,63680.0,16080.0,31057.136,14
7912,13,11,7,55080.0,0.0,61200.0,0.0,-55080.0,13
7913,14,11,7,56196.0,47465.808,62440.0,8040.0,-8730.192000000003,13
7914,15,11,7,62892.0,298129.424,69880.0,56280.0,235237.424,12
7915,16,11,7,65124.0,332444.144,72360.0,72360.0,267320.144,11
7916,17,11,7,65124.0,265801.008,72360.0,72360.0,200677.00799999997,11
7917,18,11,7,65124.0,157794.4256,72360.0,72360.0,92670.42559999999,11
7918,19,11,7,65124.0,45750.3872,72360.0,72360.0,-19373.612800000003,11
7919,20,11,7,60408.0,0.0,67120.0,0.0,-60408.0,11
7920,21,11,7,57420.0,0.0,63800.0,0.0,-57420.0,11
7921,22,11,7,59292.0,0.0,65880.0,0.0,-59292.0,11
7922,23,11,7,58680.0,0.0,65200.0,0.0,-58680.0,11
7923,24,11,7,62244.0,0.0,69160.0,0.0,-62244.0,12
7924,25,11,7,55692.0,0.0,61880.0,0.0,-55692.0,13
7925,26,11,7,55080.0,0.0,61200.0,0.0,-55080.0,13
7926,27,11,7,55080.0,0.0,61200.0,0.0,-55080.0,14
7927,28,11,7,55080.0,0.0,61200.0,0.0,-55080.0,14
7928,10,12,7,64800.00703,209653.14,72000.00781,72000.0,144853.13297,15
7929,11,12,7,65124.0,349067.12,72360.0,72360.0,283943.12,14
7930,12,12,7,65124.0,407769.936,72360.0,72360.0,342645.936,13
7931,13,12,7,61272.0,274173.648,68080.0,42880.0,212901.648,13
7932,14,12,7,64008.0,428721.472,71120.0,64320.0,364713.472,12
7933,15,12,7,65124.0,458119.152,72360.0,72360.0,392995.152,11
7934,16,12,7,65124.0,562088.392,72360.0,72360.0,496964.392,10
7935,17,12,7,65124.0,619002.344,72360.0,72360.0,553878.344,10
7936,18,12,7,65124.0,546478.296,72360.0,72360.0,481354.296,10
7937,19,12,7,65124.0,143229.2704,72360.0,72360.0,78105.27040000001,10
7938,20,12,7,65124.0,0.0,72360.0,0.0,-65124.0,10
7939,21,12,7,65124.0,0.0,72360.0,0.0,-65124.0,10
7940,22,12,7,65124.0,0.0,72360.0,0.0,-65124.0,10
7941,23,12,7,65124.0,0.0,72360.0,0.0,-65124.0,11
7942,24,12,7,64872.0,0.0,72080.0,0.0,-64872.0,11
7943,25,12,7,61020.0,0.0,67800.0,0.0,-61020.0,12
7944,26,12,7,57924.0,0.0,64360.0,0.0,-57924.0,13
7945,27,12,7,58788.0,0.0,65320.0,0.0,-58788.0,13
7946,28,12,7,57168.0,0.0,63520.0,0.0,-57168.0,14
7947,10,13,7,64395.01407,109243.176,71550.01563,71550.0,44848.16193000001,15
7948,11,13,7,64557.00703,191953.516,71730.00781,71730.0,127396.50897,14
7949,12,13,7,65016.00703,382334.26,72240.00781,72240.0,317318.25297000003,13
7950,13,13,7,65124.0,466559.376,72360.0,72360.0,401435.376,12
7951,14,13,7,65124.0,488496.656,72360.0,72360.0,423372.656,11
7952,15,13,7,65124.0,555306.496,72360.0,72360.0,490182.49600000004,10
7953,16,13,7,65124.0,709823.976,72360.0,72360.0,644699.976,9
7954,17,13,7,65124.0,739899.552,72360.0,72360.0,674775.552,9
7955,18,13,7,65124.0,721780.72,72360.0,72360.0,656656.72,9
7956,19,13,7,65124.0,448079.112,72360.0,72360.0,382955.112,9
7957,20,13,7,65124.0,45739.7792,72360.0,72360.0,-19384.220800000003,9
7958,21,13,7,64872.0,15312.0192,72080.0,69680.0,-49559.9808,9
7959,22,13,7,65124.0,29664.5984,72360.0,72360.0,-35459.4016,10
7960,23,13,7,65124.0,21384.6848,72360.0,72360.0,-43739.3152,10
7961,24,13,7,65124.0,8024.7776,72360.0,72360.0,-57099.2224,11
7962,25,13,7,65124.0,0.0,72360.0,0.0,-65124.0,11
7963,26,13,7,65124.0,0.0,72360.0,0.0,-65124.0,12
7964,27,13,7,65124.0,0.0,72360.0,0.0,-65124.0,13
7965,28,13,7,64872.0,0.0,72080.0,0.0,-64872.0,13
7966,29,13,7,62604.0,0.0,69560.0,0.0,-62604.0,14
7967,10,14,7,64395.01407,109089.688,71550.01563,71550.0,44694.67393,15
7968,11,14,7,64395.01407,144812.232,71550.01563,71550.0,80417.21792999998,13
7969,12,14,7,64395.01407,186876.408,71550.01563,71550.0,122481.39392999999,13
7970,13,14,7,64827.00703,336745.452,72030.00781,72030.0,271918.44497,11
7971,14,14,7,65124.0,414422.96,72360.0,72360.0,349298.96,10
7972,15,14,7,65124.0,465129.28,72360.0,72360.0,400005.28,10
7973,16,14,7,65124.0,584149.808,72360.0,72360.0,519025.80799999996,8
7974,17,14,7,65124.0,705361.568,72360.0,72360.0,640237.568,7
7975,18,14,7,65124.0,729243.832,72360.0,72360.0,664119.832,7
7976,19,14,7,65124.0,552539.312,72360.0,72360.0,487415.31200000003,7
7977,20,14,7,65124.0,250880.3344,72360.0,72360.0,185756.3344,7
7978,21,14,7,65124.0,212475.5168,72360.0,72360.0,147351.5168,7
7979,22,14,7,65124.0,177332.9952,72360.0,72360.0,112208.9952,9
7980,23,14,7,65124.0,217013.624,72360.0,72360.0,151889.624,10
7981,24,14,7,65124.0,138612.7136,72360.0,72360.0,73488.71359999999,10
7982,25,14,7,65124.0,113955.952,72360.0,72360.0,48831.952000000005,11
7983,26,14,7,65124.0,53387.52,72360.0,72360.0,-11736.480000000003,11
7984,27,14,7,65124.0,82857.12,72360.0,72360.0,17733.119999999995,12
7985,28,14,7,65124.0,53515.4144,72360.0,72360.0,-11608.585599999999,13
7986,29,14,7,65124.0,66323.456,72360.0,72360.0,1199.4560000000056,13
7987,9,15,7,58320.0,10763.0944,64800.0,26800.0,-47556.9056,15
7988,10,15,7,64719.01407,90886.1904,71910.01563,71910.0,26167.17633000001,14
7989,11,15,7,64395.01407,125455.6,71550.01563,71550.0,61060.58593000001,13
7990,12,15,7,64395.01407,123749.784,71550.01563,71550.0,59354.76993,13
7991,13,15,7,64395.01407,180522.832,71550.01563,71550.0,116127.81792999999,11
7992,14,15,7,64827.00703,326070.236,72030.00781,72030.0,261243.22896999997,10
7993,15,15,7,65124.0,409652.256,72360.0,72360.0,344528.256,9
7994,16,15,7,65124.0,465779.392,72360.0,72360.0,400655.392,7
7995,17,15,7,65124.0,590530.688,72360.0,72360.0,525406.688,6
7996,18,15,7,65124.0,703986.272,72360.0,72360.0,638862.272,6
7997,19,15,7,65376.0,578530.288,72640.0,72640.0,513154.28799999994,6
7998,20,15,7,66132.0,645080.224,73480.0,73480.0,578948.224,6
7999,21,15,7,66447.0,745178.944,73830.0,73830.0,678731.944,6
8000,22,15,7,66636.0,685397.9824,74040.0,74040.0,618761.9824,7
8001,23,15,7,66636.0,610440.272,74040.0,74040.0,543804.272,8
8002,24,15,7,66636.0,612610.096,74040.0,74040.0,545974.096,9
8003,25,15,7,66447.0,542361.04,73830.0,73830.0,475914.04000000004,10
8004,26,15,7,66321.0,431101.64,73690.0,73690.0,364780.64,11
8005,27,15,7,66132.0,307529.3584,73480.0,73480.0,241397.35840000003,11
8006,28,15,7,65943.0,186725.676,73270.0,73270.0,120782.676,12
8007,9,16,7,55080.0,0.0,61200.0,0.0,-55080.0,15
8008,10,16,7,60777.0,48747.4624,67530.0,45530.0,-12029.537600000003,14
8009,11,16,7,64665.01407,91753.0712,71850.01563,71850.0,27088.05713000001,13
8010,12,16,7,64395.01407,105678.608,71550.01563,71550.0,41283.593929999995,12
8011,13,16,7,64395.01407,187149.804,71550.01563,71550.0,122754.78993,11
8012,14,16,7,64395.01407,295759.036,71550.01563,71550.0,231364.02193000002,10
8013,15,16,7,64908.0,458102.764,72120.0,72120.0,393194.764,8
8014,9,17,7,55080.0,0.0,61200.0,0.0,-55080.0,14
8015,10,17,7,55332.0,2622.7552,61480.0,2680.0,-52709.2448,13
8016,11,17,7,63621.0,55899.9528,70690.0,64290.0,-7721.047200000001,13
8017,12,17,7,64503.0211,69090.6304,71670.02344,71670.0,4587.609299999996,11
8018,13,17,7,64395.01407,199428.18,71550.01563,71550.0,135033.16593,10
8019,8,18,7,55080.0,0.0,61200.0,0.0,-55080.0,15
8020,9,18,7,55080.0,0.0,61200.0,0.0,-55080.0,14
8021,10,18,7,55080.0,0.0,61200.0,0.0,-55080.0,13
8022,11,18,7,58680.0,7735.7664,65200.0,26800.0,-50944.2336,12
8023,8,19,7,55080.0,0.0,61200.0,0.0,-55080.0,15
8024,9,19,7,55080.0,0.0,61200.0,0.0,-55080.0,13
8025,10,19,7,55080.0,0.0,61200.0,0.0,-55080.0,13
8026,8,20,7,55080.0,0.0,61200.0,0.0,-55080.0,15
8027,9,20,7,55080.0,0.0,61200.0,0.0,-55080.0,13
8028,8,21,7,55080.0,0.0,61200.0,0.0,-55080.0,15
8029,8,22,7,55080.0,0.0,61200.0,0.0,-55080.0,15
8030,14,6,8,55080.0,0.0,61200.0,0.0,-55080.0,15
8031,15,6,8,55080.0,0.0,61200.0,0.0,-55080.0,15
8032,16,6,8,55080.0,0.0,61200.0,0.0,-55080.0,15
8033,17,6,8,55080.0,0.0,61200.0,0.0,-55080.0,15
8034,18,6,8,55080.0,0.0,61200.0,0.0,-55080.0,15
8035,19,6,8,55080.0,0.0,61200.0,0.0,-55080.0,15
8036,20,6,8,55080.0,0.0,61200.0,0.0,-55080.0,15
8037,21,6,8,55080.0,0.0,61200.0,0.0,-55080.0,15
8038,22,6,8,55080.0,0.0,61200.0,0.0,-55080.0,15
8039,23,6,8,55080.0,0.0,61200.0,0.0,-55080.0,15
8040,24,6,8,55080.0,0.0,61200.0,0.0,-55080.0,15
8041,25,6,8,55080.0,0.0,61200.0,0.0,-55080.0,15
8042,13,7,8,55080.0,0.0,61200.0,0.0,-55080.0,15
8043,14,7,8,55080.0,0.0,61200.0,0.0,-55080.0,15
8044,15,7,8,55080.0,0.0,61200.0,0.0,-55080.0,14
8045,16,7,8,55080.0,0.0,61200.0,0.0,-55080.0,14
8046,17,7,8,55080.0,0.0,61200.0,0.0,-55080.0,14
8047,18,7,8,55080.0,0.0,61200.0,0.0,-55080.0,14
8048,19,7,8,55080.0,0.0,61200.0,0.0,-55080.0,14
8049,20,7,8,55080.0,0.0,61200.0,0.0,-55080.0,14
8050,21,7,8,55080.0,0.0,61200.0,0.0,-55080.0,14
8051,22,7,8,55080.0,0.0,61200.0,0.0,-55080.0,14
8052,23,7,8,55080.0,0.0,61200.0,0.0,-55080.0,14
8053,24,7,8,55080.0,0.0,61200.0,0.0,-55080.0,14
8054,25,7,8,55080.0,0.0,61200.0,0.0,-55080.0,14
8055,26,7,8,55080.0,0.0,61200.0,0.0,-55080.0,15
8056,27,7,8,55080.0,0.0,61200.0,0.0,-55080.0,15
8057,11,8,8,55080.0,0.0,61200.0,0.0,-55080.0,15
8058,12,8,8,55080.0,0.0,61200.0,0.0,-55080.0,15
8059,13,8,8,55080.0,0.0,61200.0,0.0,-55080.0,15
8060,14,8,8,55080.0,0.0,61200.0,0.0,-55080.0,14
8061,15,8,8,55080.0,0.0,61200.0,0.0,-55080.0,13
8062,16,8,8,55080.0,0.0,61200.0,0.0,-55080.0,13
8063,17,8,8,55080.0,0.0,61200.0,0.0,-55080.0,13
8064,18,8,8,55080.0,0.0,61200.0,0.0,-55080.0,13
8065,19,8,8,55080.0,0.0,61200.0,0.0,-55080.0,13
8066,20,8,8,55080.0,0.0,61200.0,0.0,-55080.0,13
8067,21,8,8,55080.0,0.0,61200.0,0.0,-55080.0,13
8068,22,8,8,55080.0,0.0,61200.0,0.0,-55080.0,13
8069,23,8,8,55080.0,0.0,61200.0,0.0,-55080.0,13
8070,24,8,8,55080.0,0.0,61200.0,0.0,-55080.0,13
8071,25,8,8,55080.0,0.0,61200.0,0.0,-55080.0,14
8072,26,8,8,55080.0,0.0,61200.0,0.0,-55080.0,14
8073,27,8,8,55080.0,0.0,61200.0,0.0,-55080.0,15
8074,28,8,8,55080.0,0.0,61200.0,0.0,-55080.0,15
8075,11,9,8,55080.0,0.0,61200.0,0.0,-55080.0,15
8076,12,9,8,55080.0,0.0,61200.0,0.0,-55080.0,14
8077,13,9,8,55080.0,0.0,61200.0,0.0,-55080.0,14
8078,14,9,8,55080.0,0.0,61200.0,0.0,-55080.0,13
8079,15,9,8,55080.0,0.0,61200.0,0.0,-55080.0,13
8080,16,9,8,55080.0,0.0,61200.0,0.0,-55080.0,13
8081,17,9,8,55080.0,0.0,61200.0,0.0,-55080.0,13
8082,18,9,8,55080.0,0.0,61200.0,0.0,-55080.0,13
8083,19,9,8,55080.0,0.0,61200.0,0.0,-55080.0,13
8084,20,9,8,55080.0,0.0,61200.0,0.0,-55080.0,13
8085,21,9,8,55080.0,0.0,61200.0,0.0,-55080.0,13
8086,22,9,8,55080.0,0.0,61200.0,0.0,-55080.0,13
8087,23,9,8,55080.0,0.0,61200.0,0.0,-55080.0,13
8088,24,9,8,55080.0,0.0,61200.0,0.0,-55080.0,13
8089,25,9,8,55080.0,0.0,61200.0,0.0,-55080.0,13
8090,26,9,8,55080.0,0.0,61200.0,0.0,-55080.0,13
8091,27,9,8,55080.0,0.0,61200.0,0.0,-55080.0,14
8092,28,9,8,55080.0,0.0,61200.0,0.0,-55080.0,15
8093,29,9,8,55080.0,0.0,61200.0,0.0,-55080.0,15
8094,10,10,8,55080.0,0.0,61200.0,0.0,-55080.0,15
8095,11,10,8,55080.0,0.0,61200.0,0.0,-55080.0,15
8096,12,10,8,55080.0,0.0,61200.0,0.0,-55080.0,14
8097,13,10,8,55080.0,0.0,61200.0,0.0,-55080.0,13
8098,14,10,8,55080.0,0.0,61200.0,0.0,-55080.0,13
8099,15,10,8,55080.0,0.0,61200.0,0.0,-55080.0,12
8100,16,10,8,58176.0,72852.912,64640.0,21440.0,14676.911999999997,11
8101,17,10,8,63252.0,130110.5664,70280.0,56280.0,66858.5664,11
8102,18,10,8,63612.0,57315.9776,70680.0,56280.0,-6296.022400000002,11
8103,19,10,8,58896.0,2688.576,65440.0,21440.0,-56207.424,11
8104,20,10,8,55692.0,0.0,61880.0,0.0,-55692.0,11
8105,21,10,8,55080.0,0.0,61200.0,0.0,-55080.0,11
8106,22,10,8,55080.0,0.0,61200.0,0.0,-55080.0,11
8107,23,10,8,55080.0,0.0,61200.0,0.0,-55080.0,11
8108,24,10,8,55080.0,0.0,61200.0,0.0,-55080.0,12
8109,25,10,8,55080.0,0.0,61200.0,0.0,-55080.0,13
8110,26,10,8,55080.0,0.0,61200.0,0.0,-55080.0,13
8111,27,10,8,55080.0,0.0,61200.0,0.0,-55080.0,13
8112,28,10,8,55080.0,0.0,61200.0,0.0,-55080.0,14
8113,29,10,8,55080.0,0.0,61200.0,0.0,-55080.0,15
8114,9,11,8,59652.0,27888.72,66280.0,29480.0,-31763.28,15
8115,10,11,8,59652.0,89858.896,66280.0,29480.0,30206.895999999993,15
8116,11,11,8,57672.0,68353.296,64080.0,16080.0,10681.296000000002,14
8117,12,11,8,55692.0,13578.704,61880.0,2680.0,-42113.296,13
8118,13,11,8,55080.0,0.0,61200.0,0.0,-55080.0,12
8119,14,11,8,57060.0,81693.376,63400.0,13400.0,24633.376000000004,11
8120,15,11,8,62388.0,279041.184,69320.0,50920.0,216653.184,11
8121,16,11,8,65124.0,328917.568,72360.0,72360.0,263793.568,10
8122,17,11,8,65124.0,257051.568,72360.0,72360.0,191927.568,10
8123,18,11,8,65124.0,137925.2352,72360.0,72360.0,72801.2352,10
8124,19,11,8,65124.0,18202.3456,72360.0,72360.0,-46921.6544,10
8125,20,11,8,59544.0,0.0,66160.0,0.0,-59544.0,10
8126,21,11,8,55080.0,0.0,61200.0,0.0,-55080.0,10
8127,22,11,8,57420.0,0.0,63800.0,0.0,-57420.0,10
8128,23,11,8,56916.0,0.0,63240.0,0.0,-56916.0,11
8129,24,11,8,55080.0,0.0,61200.0,0.0,-55080.0,11
8130,25,11,8,55080.0,0.0,61200.0,0.0,-55080.0,12
8131,26,11,8,55080.0,0.0,61200.0,0.0,-55080.0,12
8132,27,11,8,55080.0,0.0,61200.0,0.0,-55080.0,13
8133,28,11,8,55080.0,0.0,61200.0,0.0,-55080.0,13
8134,29,11,8,55080.0,0.0,61200.0,0.0,-55080.0,14
8135,9,12,8,64530.01407,56153.3624,71700.01563,71700.0,-8376.65167,15
8136,10,12,8,64989.00703,225241.392,72210.00781,72210.0,160252.38496999998,14
8137,11,12,8,65124.0,319893.792,72360.0,72360.0,254769.79200000002,13
8138,12,12,8,64872.0,371588.96,72080.0,69680.0,306716.96,12
8139,13,12,8,58536.0,130425.696,65040.0,21440.0,71889.696,12
8140,14,12,8,64008.0,429195.688,71120.0,64320.0,365187.688,10
8141,15,12,8,65124.0,480656.008,72360.0,72360.0,415532.008,10
8142,16,12,8,65124.0,634853.976,72360.0,72360.0,569729.976,9
8143,17,12,8,65124.0,719729.608,72360.0,72360.0,654605.608,9
8144,18,12,8,65124.0,645367.84,72360.0,72360.0,580243.84,9
8145,19,12,8,65124.0,173819.8336,72360.0,72360.0,108695.83360000001,9
8146,20,12,8,65124.0,0.0,72360.0,0.0,-65124.0,9
8147,21,12,8,65124.0,0.0,72360.0,0.0,-65124.0,9
8148,22,12,8,64872.0,0.0,72080.0,0.0,-64872.0,9
8149,23,12,8,63360.0,0.0,70400.0,0.0,-63360.0,10
8150,24,12,8,59508.0,0.0,66120.0,0.0,-59508.0,11
8151,25,12,8,55692.0,0.0,61880.0,0.0,-55692.0,11
8152,26,12,8,55080.0,0.0,61200.0,0.0,-55080.0,12
8153,27,12,8,55080.0,0.0,61200.0,0.0,-55080.0,12
8154,28,12,8,55080.0,0.0,61200.0,0.0,-55080.0,13
8155,29,12,8,55080.0,0.0,61200.0,0.0,-55080.0,13
8156,8,13,8,64746.01407,0.0,71940.01563,0.0,-64746.01407,15
8157,9,13,8,64395.01407,59659.132,71550.01563,71550.0,-4735.88207,15
8158,10,13,8,64395.01407,93184.176,71550.01563,71550.0,28789.16193000001,14
8159,11,13,8,64719.00703,212683.668,71910.00781,71910.0,147964.66097,13
8160,12,13,8,65097.0,385169.604,72330.0,72330.0,320072.604,12
8161,13,13,8,65124.0,465845.328,72360.0,72360.0,400721.328,11
8162,14,13,8,65124.0,524986.256,72360.0,72360.0,459862.25600000005,10
8163,15,13,8,65124.0,618234.712,72360.0,72360.0,553110.712,9
8164,16,13,8,65124.0,762129.416,72360.0,72360.0,697005.416,7
8165,17,13,8,65124.0,819371.312,72360.0,72360.0,754247.312,7
8166,18,13,8,65124.0,807502.96,72360.0,72360.0,742378.96,7
8167,19,13,8,65124.0,477167.784,72360.0,72360.0,412043.784,7
8168,20,13,8,64512.0,8567.424,71680.0,69680.0,-55944.576,7
8169,21,13,8,64260.0,0.0,71400.0,0.0,-64260.0,7
8170,22,13,8,65124.0,0.0,72360.0,0.0,-65124.0,8
8171,23,13,8,65124.0,0.0,72360.0,0.0,-65124.0,9
8172,24,13,8,65124.0,0.0,72360.0,0.0,-65124.0,10
8173,25,13,8,63252.0,0.0,70280.0,0.0,-63252.0,11
8174,26,13,8,63612.0,0.0,70680.0,0.0,-63612.0,11
8175,27,13,8,63360.0,0.0,70400.0,0.0,-63360.0,12
8176,28,13,8,60768.0,0.0,67520.0,0.0,-60768.0,12
8177,29,13,8,58428.0,0.0,64920.0,0.0,-58428.0,13
8178,30,13,8,59400.0,0.0,66000.0,0.0,-59400.0,13
8179,8,14,8,60525.0,0.0,67250.0,0.0,-60525.0,15
8180,9,14,8,64530.0211,51040.8848,71700.02344,71700.0,-13489.136299999998,14
8181,10,14,8,64395.01407,89218.504,71550.01563,71550.0,24823.489930000003,13
8182,11,14,8,64395.01407,121626.308,71550.01563,71550.0,57231.29393000001,13
8183,12,14,8,64503.01407,204516.648,71670.01563,71670.0,140013.63392999998,11
8184,13,14,8,64989.00703,411538.68,72210.00781,72210.0,346549.67297,10
8185,14,14,8,65124.0,498896.496,72360.0,72360.0,433772.496,9
8186,15,14,8,65124.0,543328.048,72360.0,72360.0,478204.04799999995,7
8187,16,14,8,65124.0,640318.592,72360.0,72360.0,575194.592,7
8188,17,14,8,65124.0,792278.504,72360.0,72360.0,727154.504,6
8189,18,14,8,65124.0,818414.528,72360.0,72360.0,753290.528,6
8190,19,14,8,65124.0,553107.744,72360.0,72360.0,487983.74399999995,6
8191,20,14,8,65124.0,92999.3248,72360.0,72360.0,27875.324800000002,6
8192,21,14,8,65124.0,14964.2176,72360.0,72360.0,-50159.7824,6
8193,22,14,8,65124.0,24480.4064,72360.0,72360.0,-40643.5936,7
8194,23,14,8,65124.0,74336.5504,72360.0,72360.0,9212.550399999993,8
8195,24,14,8,65124.0,161339.5152,72360.0,72360.0,96215.5152,9
8196,25,14,8,65124.0,124497.9008,72360.0,72360.0,59373.9008,10
8197,26,14,8,65124.0,36014.8,72360.0,72360.0,-29109.199999999997,11
8198,27,14,8,65124.0,0.0,72360.0,0.0,-65124.0,11
8199,28,14,8,65124.0,0.0,72360.0,0.0,-65124.0,12
8200,29,14,8,65124.0,0.0,72360.0,0.0,-65124.0,12
8201,30,14,8,65124.0,0.0,72360.0,0.0,-65124.0,13
8202,8,15,8,55332.0,0.0,61480.0,0.0,-55332.0,15
8203,9,15,8,62622.0,8630.9672,69580.0,58780.0,-53991.0328,14
8204,10,15,8,64422.01407,99459.2144,71580.01563,71580.0,35037.20033,13
8205,11,15,8,64395.01407,113771.708,71550.01563,71550.0,49376.69393,12
8206,12,15,8,64395.01407,141531.624,71550.01563,71550.0,77136.60993,11
8207,13,15,8,64449.01407,207385.888,71610.01563,71610.0,142936.87393,10
8208,14,15,8,65016.00703,439056.08,72240.00781,72240.0,374040.07297000004,8
8209,29,15,8,65124.0,134170.112,72360.0,72360.0,69046.112,12
8210,8,16,8,55080.0,0.0,61200.0,0.0,-55080.0,15
8211,9,16,8,56448.0,22050.2848,62720.0,10720.0,-34397.7152,13
8212,10,16,8,64269.0,111713.8384,71410.0,69410.0,47444.83839999999,13
8213,11,16,8,64422.01407,109915.7304,71580.01563,71580.0,45493.71633,11
8214,12,16,8,64395.01407,127383.168,71550.01563,71550.0,62988.15393000001,10
8215,8,17,8,55080.0,0.0,61200.0,0.0,-55080.0,14
8216,9,17,8,55080.0,0.0,61200.0,0.0,-55080.0,13
8217,10,17,8,58320.0,30876.3872,64800.0,26800.0,-27443.6128,12
8218,11,17,8,64746.01407,117699.072,71940.01563,71940.0,52953.05793,11
8219,7,18,8,55080.0,0.0,61200.0,0.0,-55080.0,15
8220,8,18,8,55080.0,0.0,61200.0,0.0,-55080.0,13
8221,9,18,8,55080.0,0.0,61200.0,0.0,-55080.0,13
8222,10,18,8,55080.0,0.0,61200.0,0.0,-55080.0,11
8223,7,19,8,55080.0,0.0,61200.0,0.0,-55080.0,15
8224,8,19,8,55080.0,0.0,61200.0,0.0,-55080.0,13
8225,7,20,8,55080.0,0.0,61200.0,0.0,-55080.0,15
8226,8,20,8,55080.0,0.0,61200.0,0.0,-55080.0,13
8227,7,21,8,55080.0,0.0,61200.0,0.0,-55080.0,15
8228,7,22,8,55080.0,0.0,61200.0,0.0,-55080.0,15
8229,7,23,8,55080.0,0.0,61200.0,0.0,-55080.0,15
8230,14,5,9,55080.0,0.0,61200.0,0.0,-55080.0,15
8231,15,5,9,55080.0,0.0,61200.0,0.0,-55080.0,15
8232,16,5,9,55080.0,0.0,61200.0,0.0,-55080.0,15
8233,17,5,9,55080.0,0.0,61200.0,0.0,-55080.0,15
8234,18,5,9,55080.0,0.0,61200.0,0.0,-55080.0,15
8235,19,5,9,55080.0,0.0,61200.0,0.0,-55080.0,15
8236,20,5,9,55080.0,0.0,61200.0,0.0,-55080.0,15
8237,21,5,9,55080.0,0.0,61200.0,0.0,-55080.0,15
8238,22,5,9,55080.0,0.0,61200.0,0.0,-55080.0,15
8239,23,5,9,55080.0,0.0,61200.0,0.0,-55080.0,15
8240,24,5,9,55080.0,0.0,61200.0,0.0,-55080.0,15
8241,25,5,9,55080.0,0.0,61200.0,0.0,-55080.0,15
8242,26,5,9,55080.0,0.0,61200.0,0.0,-55080.0,15
8243,12,6,9,55080.0,0.0,61200.0,0.0,-55080.0,15
8244,13,6,9,55080.0,0.0,61200.0,0.0,-55080.0,15
8245,14,6,9,55080.0,0.0,61200.0,0.0,-55080.0,15
8246,15,6,9,55080.0,0.0,61200.0,0.0,-55080.0,14
8247,16,6,9,55080.0,0.0,61200.0,0.0,-55080.0,14
8248,17,6,9,55080.0,0.0,61200.0,0.0,-55080.0,14
8249,18,6,9,55080.0,0.0,61200.0,0.0,-55080.0,14
8250,19,6,9,55080.0,0.0,61200.0,0.0,-55080.0,14
8251,20,6,9,55080.0,0.0,61200.0,0.0,-55080.0,14
8252,21,6,9,55080.0,0.0,61200.0,0.0,-55080.0,14
8253,22,6,9,55080.0,0.0,61200.0,0.0,-55080.0,14
8254,23,6,9,55080.0,0.0,61200.0,0.0,-55080.0,14
8255,24,6,9,55080.0,0.0,61200.0,0.0,-55080.0,14
8256,25,6,9,55080.0,0.0,61200.0,0.0,-55080.0,14
8257,26,6,9,55080.0,0.0,61200.0,0.0,-55080.0,15
8258,27,6,9,55080.0,0.0,61200.0,0.0,-55080.0,15
8259,11,7,9,55080.0,0.0,61200.0,0.0,-55080.0,15
8260,12,7,9,55080.0,0.0,61200.0,0.0,-55080.0,15
8261,13,7,9,55080.0,0.0,61200.0,0.0,-55080.0,14
8262,14,7,9,55080.0,0.0,61200.0,0.0,-55080.0,14
8263,15,7,9,55080.0,0.0,61200.0,0.0,-55080.0,13
8264,16,7,9,55080.0,0.0,61200.0,0.0,-55080.0,13
8265,17,7,9,55080.0,0.0,61200.0,0.0,-55080.0,13
8266,18,7,9,55080.0,0.0,61200.0,0.0,-55080.0,13
8267,19,7,9,55080.0,0.0,61200.0,0.0,-55080.0,13
8268,20,7,9,55080.0,0.0,61200.0,0.0,-55080.0,13
8269,21,7,9,55080.0,0.0,61200.0,0.0,-55080.0,13
8270,22,7,9,55080.0,0.0,61200.0,0.0,-55080.0,13
8271,23,7,9,55080.0,0.0,61200.0,0.0,-55080.0,13
8272,24,7,9,55080.0,0.0,61200.0,0.0,-55080.0,13
8273,25,7,9,55080.0,0.0,61200.0,0.0,-55080.0,13
8274,26,7,9,55080.0,0.0,61200.0,0.0,-55080.0,14
8275,27,7,9,55080.0,0.0,61200.0,0.0,-55080.0,14
8276,28,7,9,55080.0,0.0,61200.0,0.0,-55080.0,15
8277,10,8,9,55080.0,0.0,61200.0,0.0,-55080.0,15
8278,11,8,9,55080.0,0.0,61200.0,0.0,-55080.0,15
8279,12,8,9,55080.0,0.0,61200.0,0.0,-55080.0,14
8280,13,8,9,55080.0,0.0,61200.0,0.0,-55080.0,13
8281,14,8,9,55080.0,0.0,61200.0,0.0,-55080.0,13
8282,15,8,9,55080.0,0.0,61200.0,0.0,-55080.0,13
8283,16,8,9,55080.0,0.0,61200.0,0.0,-55080.0,13
8284,17,8,9,55080.0,0.0,61200.0,0.0,-55080.0,13
8285,18,8,9,55080.0,0.0,61200.0,0.0,-55080.0,13
8286,19,8,9,55080.0,0.0,61200.0,0.0,-55080.0,13
8287,20,8,9,55080.0,0.0,61200.0,0.0,-55080.0,13
8288,21,8,9,55080.0,0.0,61200.0,0.0,-55080.0,13
8289,22,8,9,55080.0,0.0,61200.0,0.0,-55080.0,13
8290,23,8,9,55080.0,0.0,61200.0,0.0,-55080.0,13
8291,24,8,9,55080.0,0.0,61200.0,0.0,-55080.0,13
8292,25,8,9,55080.0,0.0,61200.0,0.0,-55080.0,13
8293,26,8,9,55080.0,0.0,61200.0,0.0,-55080.0,13
8294,27,8,9,55080.0,0.0,61200.0,0.0,-55080.0,14
8295,28,8,9,55080.0,0.0,61200.0,0.0,-55080.0,14
8296,29,8,9,55080.0,0.0,61200.0,0.0,-55080.0,15
8297,9,9,9,55080.0,0.0,61200.0,0.0,-55080.0,15
8298,10,9,9,55080.0,0.0,61200.0,0.0,-55080.0,15
8299,11,9,9,55080.0,0.0,61200.0,0.0,-55080.0,14
8300,12,9,9,55080.0,0.0,61200.0,0.0,-55080.0,13
8301,13,9,9,55080.0,0.0,61200.0,0.0,-55080.0,13
8302,14,9,9,55080.0,0.0,61200.0,0.0,-55080.0,12
8303,15,9,9,55080.0,0.0,61200.0,0.0,-55080.0,11
8304,16,9,9,55080.0,0.0,61200.0,0.0,-55080.0,11
8305,17,9,9,55080.0,0.0,61200.0,0.0,-55080.0,11
8306,18,9,9,55080.0,0.0,61200.0,0.0,-55080.0,11
8307,19,9,9,55080.0,0.0,61200.0,0.0,-55080.0,11
8308,20,9,9,55080.0,0.0,61200.0,0.0,-55080.0,11
8309,21,9,9,55080.0,0.0,61200.0,0.0,-55080.0,11
8310,22,9,9,55080.0,0.0,61200.0,0.0,-55080.0,11
8311,23,9,9,55080.0,0.0,61200.0,0.0,-55080.0,11
8312,24,9,9,55080.0,0.0,61200.0,0.0,-55080.0,12
8313,25,9,9,55080.0,0.0,61200.0,0.0,-55080.0,12
8314,26,9,9,55080.0,0.0,61200.0,0.0,-55080.0,13
8315,27,9,9,55080.0,0.0,61200.0,0.0,-55080.0,13
8316,28,9,9,55080.0,0.0,61200.0,0.0,-55080.0,14
8317,29,9,9,55080.0,0.0,61200.0,0.0,-55080.0,14
8318,30,9,9,55080.0,0.0,61200.0,0.0,-55080.0,15
8319,8,10,9,55080.0,0.0,61200.0,0.0,-55080.0,15
8320,9,10,9,55080.0,0.0,61200.0,0.0,-55080.0,15
8321,10,10,9,55080.0,0.0,61200.0,0.0,-55080.0,14
8322,11,10,9,55080.0,0.0,61200.0,0.0,-55080.0,13
8323,12,10,9,55080.0,0.0,61200.0,0.0,-55080.0,13
8324,13,10,9,55080.0,0.0,61200.0,0.0,-55080.0,12
8325,14,10,9,55080.0,0.0,61200.0,0.0,-55080.0,11
8326,15,10,9,55080.0,0.0,61200.0,0.0,-55080.0,10
8327,16,10,9,55080.0,0.0,61200.0,0.0,-55080.0,10
8328,17,10,9,57780.0,26551.0752,64200.0,13400.0,-31228.9248,10
8329,18,10,9,58788.0,19214.7424,65320.0,24120.0,-39573.2576,10
8330,19,10,9,55692.0,0.0,61880.0,0.0,-55692.0,10
8331,20,10,9,55080.0,0.0,61200.0,0.0,-55080.0,10
8332,21,10,9,55080.0,0.0,61200.0,0.0,-55080.0,10
8333,22,10,9,55080.0,0.0,61200.0,0.0,-55080.0,10
8334,23,10,9,55080.0,0.0,61200.0,0.0,-55080.0,11
8335,24,10,9,55080.0,0.0,61200.0,0.0,-55080.0,11
8336,25,10,9,55080.0,0.0,61200.0,0.0,-55080.0,11
8337,26,10,9,55080.0,0.0,61200.0,0.0,-55080.0,12
8338,27,10,9,55080.0,0.0,61200.0,0.0,-55080.0,13
8339,28,10,9,55080.0,0.0,61200.0,0.0,-55080.0,13
8340,29,10,9,55080.0,0.0,61200.0,0.0,-55080.0,14
8341,30,10,9,55080.0,0.0,61200.0,0.0,-55080.0,14
8342,8,11,9,57735.0,0.0,64150.0,0.0,-57735.0,15
8343,9,11,9,55080.0,0.0,61200.0,0.0,-55080.0,14
8344,10,11,9,55080.0,0.0,61200.0,0.0,-55080.0,13
8345,11,11,9,55080.0,0.0,61200.0,0.0,-55080.0,13
8346,12,11,9,55080.0,0.0,61200.0,0.0,-55080.0,12
8347,13,11,9,55080.0,0.0,61200.0,0.0,-55080.0,11
8348,14,11,9,55080.0,0.0,61200.0,0.0,-55080.0,10
8349,15,11,9,57780.0,75527.392,64200.0,13400.0,17747.392000000007,9
8350,16,11,9,62244.0,209553.808,69160.0,45560.0,147309.808,9
8351,17,11,9,64872.0,225754.304,72080.0,69680.0,160882.304,9
8352,18,11,9,65124.0,111681.2768,72360.0,72360.0,46557.27680000001,9
8353,19,11,9,64368.0,0.0,71520.0,0.0,-64368.0,9
8354,20,11,9,57924.0,0.0,64360.0,0.0,-57924.0,9
8355,21,11,9,55080.0,0.0,61200.0,0.0,-55080.0,9
8356,22,11,9,55080.0,0.0,61200.0,0.0,-55080.0,9
8357,23,11,9,55080.0,0.0,61200.0,0.0,-55080.0,10
8358,24,11,9,55080.0,0.0,61200.0,0.0,-55080.0,10
8359,25,11,9,55080.0,0.0,61200.0,0.0,-55080.0,11
8360,26,11,9,55080.0,0.0,61200.0,0.0,-55080.0,11
8361,27,11,9,55080.0,0.0,61200.0,0.0,-55080.0,12
8362,28,11,9,55080.0,0.0,61200.0,0.0,-55080.0,13
8363,29,11,9,55080.0,0.0,61200.0,0.0,-55080.0,13
8364,30,11,9,55080.0,0.0,61200.0,0.0,-55080.0,14
8365,8,12,9,64395.01407,0.0,71550.01563,0.0,-64395.01407,15
8366,9,12,9,64638.01407,45931.2136,71820.01563,71820.0,-18706.800469999995,14
8367,10,12,9,64845.0,195153.028,72050.0,69650.0,130308.02799999999,13
8368,11,12,9,64368.0,242977.056,71520.0,64320.0,178609.056,12
8369,12,12,9,62388.0,239476.128,69320.0,50920.0,177088.128,11
8370,13,12,9,56196.0,42480.144,62440.0,8040.0,-13715.856,10
8371,14,12,9,62244.0,280789.984,69160.0,45560.0,218545.984,9
8372,15,12,9,64872.0,450877.568,72080.0,69680.0,386005.568,8
8373,16,12,9,65124.0,571926.232,72360.0,72360.0,506802.23199999996,7
8374,17,12,9,65124.0,682383.728,72360.0,72360.0,617259.728,7
8375,18,12,9,65124.0,620656.064,72360.0,72360.0,555532.064,7
8376,19,12,9,65124.0,156579.4432,72360.0,72360.0,91455.44320000001,7
8377,20,12,9,65124.0,0.0,72360.0,0.0,-65124.0,7
8378,21,12,9,61128.0,0.0,67920.0,0.0,-61128.0,7
8379,22,12,9,57780.0,0.0,64200.0,0.0,-57780.0,7
8380,23,12,9,55692.0,0.0,61880.0,0.0,-55692.0,9
8381,24,12,9,55080.0,0.0,61200.0,0.0,-55080.0,10
8382,25,12,9,55080.0,0.0,61200.0,0.0,-55080.0,10
8383,26,12,9,55080.0,0.0,61200.0,0.0,-55080.0,11
8384,27,12,9,55080.0,0.0,61200.0,0.0,-55080.0,11
8385,28,12,9,55080.0,0.0,61200.0,0.0,-55080.0,12
8386,29,12,9,55080.0,0.0,61200.0,0.0,-55080.0,13
8387,30,12,9,55080.0,0.0,61200.0,0.0,-55080.0,13
8388,7,13,9,58707.0,0.0,65230.0,0.0,-58707.0,15
8389,8,13,9,64449.01407,0.0,71610.01563,0.0,-64449.01407,15
8390,9,13,9,64395.01407,37101.484,71550.01563,71550.0,-27293.53007,13
8391,10,13,9,64476.01407,83107.368,71640.01563,71640.0,18631.353930000005,13
8392,11,13,9,64908.0,226641.876,72120.0,72120.0,161733.876,11
8393,12,13,9,65124.0,360513.168,72360.0,72360.0,295389.168,10
8394,13,13,9,65124.0,423651.224,72360.0,72360.0,358527.224,9
8395,14,13,9,65124.0,483165.28,72360.0,72360.0,418041.28,8
8396,15,13,9,65124.0,577612.256,72360.0,72360.0,512488.25600000005,7
8397,16,13,9,65124.0,687172.688,72360.0,72360.0,622048.688,6
8398,17,13,9,65124.0,727437.192,72360.0,72360.0,662313.192,6
8399,18,13,9,65124.0,731822.688,72360.0,72360.0,666698.688,6
8400,19,13,9,65124.0,439662.728,72360.0,72360.0,374538.728,6
8401,20,13,9,65124.0,10206.9408,72360.0,72360.0,-54917.0592,6
8402,21,13,9,64620.0,0.0,71800.0,0.0,-64620.0,6
8403,22,13,9,63864.0,0.0,70960.0,0.0,-63864.0,6
8404,23,13,9,64620.0,0.0,71800.0,0.0,-64620.0,7
8405,24,13,9,64872.0,0.0,72080.0,0.0,-64872.0,9
8406,25,13,9,61272.0,0.0,68080.0,0.0,-61272.0,10
8407,26,13,9,58536.0,0.0,65040.0,0.0,-58536.0,10
8408,27,13,9,56916.0,0.0,63240.0,0.0,-56916.0,11
8409,28,13,9,55692.0,0.0,61880.0,0.0,-55692.0,11
8410,29,13,9,55080.0,0.0,61200.0,0.0,-55080.0,12
8411,30,13,9,55080.0,0.0,61200.0,0.0,-55080.0,13
8412,31,13,9,55080.0,0.0,61200.0,0.0,-55080.0,13
8413,7,14,9,55080.0,0.0,61200.0,0.0,-55080.0,15
8414,8,14,9,63153.0,0.0,70170.0,0.0,-63153.0,14
8415,9,14,9,64395.01407,28249.0,71550.01563,71550.0,-36146.01407,13
8416,10,14,9,64395.01407,61774.044,71550.01563,71550.0,-2620.9700699999958,12
8417,11,14,9,64395.01407,96271.32,71550.01563,71550.0,31876.30593000001,11
8418,12,14,9,64665.01407,229303.352,71850.01563,71850.0,164638.33793,10
8419,13,14,9,65097.0,456407.864,72330.0,72330.0,391310.864,9
8420,14,14,9,65124.0,521191.048,72360.0,72360.0,456067.048,7
8421,30,14,9,62604.0,0.0,69560.0,0.0,-62604.0,12
8422,31,14,9,59652.0,0.0,66280.0,0.0,-59652.0,13
8423,7,15,9,55080.0,0.0,61200.0,0.0,-55080.0,15
8424,8,15,9,56952.0,0.0,63280.0,0.0,-56952.0,13
8425,9,15,9,64026.0,1925.168,71140.0,69140.0,-62100.832,13
8426,10,15,9,64395.01407,56580.256,71550.01563,71550.0,-7814.758069999996,11
8427,11,15,9,64395.01407,77073.872,71550.01563,71550.0,12678.857930000006,11
8428,12,15,9,64395.01407,147512.32,71550.01563,71550.0,83117.30593,10
8429,7,16,9,55080.0,0.0,61200.0,0.0,-55080.0,14
8430,8,16,9,55080.0,0.0,61200.0,0.0,-55080.0,13
8431,9,16,9,59130.0,16350.8208,65700.0,32100.0,-42779.1792,12
8432,10,16,9,64503.0211,81932.1592,71670.02344,71670.0,17429.138099999996,11
8433,6,17,9,55080.0,0.0,61200.0,0.0,-55080.0,15
8434,7,17,9,55080.0,0.0,61200.0,0.0,-55080.0,14
8435,8,17,9,55080.0,0.0,61200.0,0.0,-55080.0,13
8436,9,17,9,55080.0,0.0,61200.0,0.0,-55080.0,12
8437,6,18,9,55080.0,0.0,61200.0,0.0,-55080.0,15
8438,7,18,9,55080.0,0.0,61200.0,0.0,-55080.0,13
8439,8,18,9,55080.0,0.0,61200.0,0.0,-55080.0,13
8440,6,19,9,55080.0,0.0,61200.0,0.0,-55080.0,15
8441,7,19,9,55080.0,0.0,61200.0,0.0,-55080.0,13
8442,6,20,9,55080.0,0.0,61200.0,0.0,-55080.0,15
8443,6,21,9,55080.0,0.0,61200.0,0.0,-55080.0,15
8444,21,4,10,55080.0,0.0,61200.0,0.0,-55080.0,15
8445,22,4,10,55080.0,0.0,61200.0,0.0,-55080.0,15
8446,23,4,10,55080.0,0.0,61200.0,0.0,-55080.0,15
8447,24,4,10,55080.0,0.0,61200.0,0.0,-55080.0,15
8448,25,4,10,55080.0,0.0,61200.0,0.0,-55080.0,15
8449,26,4,10,55080.0,0.0,61200.0,0.0,-55080.0,15
8450,21,5,10,55080.0,0.0,61200.0,0.0,-55080.0,14
8451,22,5,10,55080.0,0.0,61200.0,0.0,-55080.0,14
8452,23,5,10,55080.0,0.0,61200.0,0.0,-55080.0,14
8453,24,5,10,55080.0,0.0,61200.0,0.0,-55080.0,14
8454,25,5,10,55080.0,0.0,61200.0,0.0,-55080.0,14
8455,26,5,10,55080.0,0.0,61200.0,0.0,-55080.0,14
8456,27,5,10,55080.0,0.0,61200.0,0.0,-55080.0,15
8457,20,6,10,55080.0,0.0,61200.0,0.0,-55080.0,13
8458,21,6,10,55080.0,0.0,61200.0,0.0,-55080.0,13
8459,22,6,10,55080.0,0.0,61200.0,0.0,-55080.0,13
8460,23,6,10,55080.0,0.0,61200.0,0.0,-55080.0,13
8461,24,6,10,55080.0,0.0,61200.0,0.0,-55080.0,13
8462,25,6,10,55080.0,0.0,61200.0,0.0,-55080.0,13
8463,26,6,10,55080.0,0.0,61200.0,0.0,-55080.0,14
8464,27,6,10,55080.0,0.0,61200.0,0.0,-55080.0,14
8465,28,6,10,55080.0,0.0,61200.0,0.0,-55080.0,15
8466,20,7,10,55080.0,0.0,61200.0,0.0,-55080.0,13
8467,21,7,10,55080.0,0.0,61200.0,0.0,-55080.0,13
8468,22,7,10,55080.0,0.0,61200.0,0.0,-55080.0,13
8469,23,7,10,55080.0,0.0,61200.0,0.0,-55080.0,13
8470,24,7,10,55080.0,0.0,61200.0,0.0,-55080.0,13
8471,25,7,10,55080.0,0.0,61200.0,0.0,-55080.0,13
8472,26,7,10,55080.0,0.0,61200.0,0.0,-55080.0,13
8473,27,7,10,55080.0,0.0,61200.0,0.0,-55080.0,13
8474,28,7,10,55080.0,0.0,61200.0,0.0,-55080.0,14
8475,29,7,10,55080.0,0.0,61200.0,0.0,-55080.0,15
8476,20,8,10,55080.0,0.0,61200.0,0.0,-55080.0,11
8477,21,8,10,55080.0,0.0,61200.0,0.0,-55080.0,11
8478,22,8,10,55080.0,0.0,61200.0,0.0,-55080.0,11
8479,23,8,10,55080.0,0.0,61200.0,0.0,-55080.0,11
8480,24,8,10,55080.0,0.0,61200.0,0.0,-55080.0,11
8481,25,8,10,55080.0,0.0,61200.0,0.0,-55080.0,12
8482,26,8,10,55080.0,0.0,61200.0,0.0,-55080.0,13
8483,27,8,10,55080.0,0.0,61200.0,0.0,-55080.0,13
8484,28,8,10,55080.0,0.0,61200.0,0.0,-55080.0,13
8485,29,8,10,55080.0,0.0,61200.0,0.0,-55080.0,14
8486,30,8,10,55080.0,0.0,61200.0,0.0,-55080.0,15
8487,20,9,10,55080.0,0.0,61200.0,0.0,-55080.0,10
8488,21,9,10,55080.0,0.0,61200.0,0.0,-55080.0,10
8489,22,9,10,55080.0,0.0,61200.0,0.0,-55080.0,10
8490,23,9,10,55080.0,0.0,61200.0,0.0,-55080.0,10
8491,24,9,10,55080.0,0.0,61200.0,0.0,-55080.0,11
8492,25,9,10,55080.0,0.0,61200.0,0.0,-55080.0,11
8493,26,9,10,55080.0,0.0,61200.0,0.0,-55080.0,12
8494,27,9,10,55080.0,0.0,61200.0,0.0,-55080.0,12
8495,28,9,10,55080.0,0.0,61200.0,0.0,-55080.0,13
8496,29,9,10,55080.0,0.0,61200.0,0.0,-55080.0,13
8497,30,9,10,55080.0,0.0,61200.0,0.0,-55080.0,14
8498,31,9,10,55080.0,0.0,61200.0,0.0,-55080.0,15
8499,20,10,10,55080.0,0.0,61200.0,0.0,-55080.0,9
8500,21,10,10,55080.0,0.0,61200.0,0.0,-55080.0,9
8501,22,10,10,55080.0,0.0,61200.0,0.0,-55080.0,9
8502,23,10,10,55080.0,0.0,61200.0,0.0,-55080.0,10
8503,24,10,10,55080.0,0.0,61200.0,0.0,-55080.0,10
8504,25,10,10,55080.0,0.0,61200.0,0.0,-55080.0,11
8505,26,10,10,55080.0,0.0,61200.0,0.0,-55080.0,11
8506,27,10,10,55080.0,0.0,61200.0,0.0,-55080.0,12
8507,28,10,10,55080.0,0.0,61200.0,0.0,-55080.0,12
8508,29,10,10,55080.0,0.0,61200.0,0.0,-55080.0,13
8509,30,10,10,55080.0,0.0,61200.0,0.0,-55080.0,13
8510,31,10,10,55080.0,0.0,61200.0,0.0,-55080.0,14
8511,20,11,10,55692.0,0.0,61880.0,0.0,-55692.0,7
8512,21,11,10,55080.0,0.0,61200.0,0.0,-55080.0,7
8513,22,11,10,55080.0,0.0,61200.0,0.0,-55080.0,7
8514,23,11,10,55080.0,0.0,61200.0,0.0,-55080.0,9
8515,24,11,10,55080.0,0.0,61200.0,0.0,-55080.0,9
8516,25,11,10,55080.0,0.0,61200.0,0.0,-55080.0,10
8517,26,11,10,55080.0,0.0,61200.0,0.0,-55080.0,11
8518,27,11,10,55080.0,0.0,61200.0,0.0,-55080.0,11
8519,28,11,10,55080.0,0.0,61200.0,0.0,-55080.0,12
8520,29,11,10,55080.0,0.0,61200.0,0.0,-55080.0,12
8521,30,11,10,55080.0,0.0,61200.0,0.0,-55080.0,13
8522,31,11,10,55080.0,0.0,61200.0,0.0,-55080.0,13
8523,20,12,10,63864.0,0.0,70960.0,0.0,-63864.0,6
8524,21,12,10,55332.0,0.0,61480.0,0.0,-55332.0,6
8525,22,12,10,55080.0,0.0,61200.0,0.0,-55080.0,6
8526,23,12,10,55080.0,0.0,61200.0,0.0,-55080.0,7
8527,24,12,10,55080.0,0.0,61200.0,0.0,-55080.0,8
8528,25,12,10,55080.0,0.0,61200.0,0.0,-55080.0,9
8529,26,12,10,55080.0,0.0,61200.0,0.0,-55080.0,10
8530,27,12,10,55080.0,0.0,61200.0,0.0,-55080.0,11
8531,28,12,10,55080.0,0.0,61200.0,0.0,-55080.0,11
8532,29,12,10,55080.0,0.0,61200.0,0.0,-55080.0,12
8533,30,12,10,55080.0,0.0,61200.0,0.0,-55080.0,12
8534,31,12,10,55080.0,0.0,61200.0,0.0,-55080.0,13
8535,30,13,10,55080.0,0.0,61200.0,0.0,-55080.0,12
8536,31,13,10,55080.0,0.0,61200.0,0.0,-55080.0,13
8537,32,13,10,55080.0,0.0,61200.0,0.0,-55080.0,13
8538,31,14,10,55692.0,0.0,61880.0,0.0,-55692.0,12
8539,32,14,10,55080.0,0.0,61200.0,0.0,-55080.0,13
8540,34,7,13,24.09588,0.0,241.2,0.0,-24.09588,15
8541,34,8,13,128.75445,0.0,773.3,0.0,-128.75445,15
8542,35,11,13,215.5842,0.0,1079.0,0.0,-215.5842,14
8543,36,11,13,233.766,0.0,1170.0,0.0,-233.766,15
8544,37,11,13,43.48647,0.0,435.3,0.0,-43.48647,15
8545,35,12,13,1190.1087,0.0,3971.0,0.0,-1190.1087,13
8546,36,12,13,1196.1027,0.0,3991.0,0.0,-1196.1027,14
8547,37,12,13,1018.98,0.0,3400.0,0.0,-1018.98,15
8548,36,13,13,1019.8791,0.0,3403.0,0.0,-1019.8791,14
8549,37,13,13,1712.4858,0.0,5714.0,0.0,-1712.4858,15
8550,36,14,13,942.8562,0.0,3146.0,0.0,-942.8562,14
8551,37,14,13,2985.6114,0.0,9962.0,0.0,-2985.6114,15
8552,37,15,13,3644.352,0.0,12160.0,0.0,-3644.352,15
8553,38,15,13,8079.912,0.0,20220.0,0.0,-8079.912,15
8554,37,16,13,4747.248,0.0,15840.0,0.0,-4747.248,14
8555,38,16,13,13783.77,0.0,24310.0,0.0,-13783.77,15
8556,37,17,13,7106.22,0.0,19400.0,0.0,-7106.22,14
8557,38,17,13,17060.526,0.0,28420.0,0.0,-17060.526,15
8558,1,23,13,55080.0,0.0,61200.0,0.0,-55080.0,15
8559,1,24,13,55080.0,0.0,61200.0,0.0,-55080.0,15
8560,1,25,13,55080.0,0.0,61200.0,0.0,-55080.0,15
8561,17,11,3,65124.0,243803.584,72360.0,72360.0,178679.584,15
8562,18,11,3,65124.0,170873.2512,72360.0,72360.0,105749.2512,15
8563,19,11,3,65124.0,131317.6416,72360.0,72360.0,66193.6416,15
8564,20,11,3,65124.0,122623.7216,72360.0,72360.0,57499.721600000004,15
8565,21,11,3,65124.0,116569.0656,72360.0,72360.0,51445.0656,15
8566,22,11,3,65124.0,105149.6928,72360.0,72360.0,40025.692800000004,15
8567,23,11,3,64512.0,83267.8144,71680.0,69680.0,18755.814400000003,15
8568,15,12,3,65124.0,317762.0,72360.0,72360.0,252638.0,15
8569,16,12,3,65124.0,343740.864,72360.0,72360.0,278616.864,15
8570,17,12,3,65124.0,372372.288,72360.0,72360.0,307248.288,15
8571,18,12,3,65124.0,254205.176,72360.0,72360.0,189081.176,14
8572,19,12,3,65124.0,151982.8,72360.0,72360.0,86858.79999999999,14
8573,20,12,3,65124.0,144744.3328,72360.0,72360.0,79620.3328,14
8574,21,12,3,65124.0,143539.0848,72360.0,72360.0,78415.08480000001,14
8575,22,12,3,65124.0,126185.7632,72360.0,72360.0,61061.7632,14
8576,23,12,3,65250.0,149464.9936,72500.0,72500.0,84214.99359999999,14
8577,24,12,3,65376.0,109231.2544,72640.0,72640.0,43855.254400000005,15
8578,15,13,3,64989.00703,370274.492,72210.00781,72210.0,305285.48497000005,15
8579,16,13,3,65124.0,427976.816,72360.0,72360.0,362852.816,14
8580,17,13,3,65124.0,430285.608,72360.0,72360.0,365161.608,14
8581,18,13,3,65376.0,443925.8,72640.0,72640.0,378549.8,13
8582,19,13,3,65943.0,425112.1248,73270.0,73270.0,359169.1248,13
8583,20,13,3,66321.0,383547.8928,73690.0,73690.0,317226.8928,13
8584,21,13,3,66636.0,521134.592,74040.0,74040.0,454498.592,13
8585,22,13,3,66825.0,501604.832,74250.0,74250.0,434779.832,13
8586,23,13,3,66825.0,674275.0,74250.0,74250.0,607450.0,13
8587,24,13,3,66825.0,524169.128,74250.0,74250.0,457344.128,14
8588,25,13,3,66825.0,271126.468,74250.0,74250.0,204301.468,15
8589,14,14,3,64395.01407,198037.608,71550.01563,71550.0,133642.59393,15
8590,15,14,3,64422.01407,276108.204,71580.01563,71580.0,211686.18993000002,15
8591,16,14,3,64692.01407,364189.532,71880.01563,71880.0,299497.51793000003,14
8592,17,14,3,65331.00703,478104.632,72590.00781,72590.0,412773.62497,13
8593,18,14,3,66762.0,620828.568,74180.0,74180.0,554066.568,13
8594,19,14,3,66825.0,647030.096,74250.0,74250.0,580205.096,13
8595,20,14,3,66825.0,619694.632,74250.0,74250.0,552869.632,13
8596,21,14,3,66825.0,657863.472,74250.0,74250.0,591038.472,13
8597,22,14,3,66825.0,649011.552,74250.0,74250.0,582186.552,13
8598,23,14,3,66825.0,677963.288,74250.0,74250.0,611138.288,13
8599,24,14,3,66825.0,546113.888,74250.0,74250.0,479288.88800000004,13
8600,25,14,3,66825.0,335293.852,74250.0,74250.0,268468.852,14
8601,14,15,3,64395.01407,152754.904,71550.01563,71550.0,88359.88993,15
8602,15,15,3,64395.01407,179977.208,71550.01563,71550.0,115582.19393000001,14
8603,16,15,3,64395.01407,300712.6,71550.01563,71550.0,236317.58592999997,13
8604,17,15,3,64755.0211,400598.312,71950.02344,71950.0,335843.29089999996,12
8605,18,15,3,66195.0,667127.3,73550.0,73550.0,600932.3,11
8606,19,15,3,66825.0,742309.576,74250.0,74250.0,675484.576,11
8607,20,15,3,66825.0,773567.664,74250.0,74250.0,706742.664,11
8608,21,15,3,66825.0,760877.76,74250.0,74250.0,694052.76,11
8609,22,15,3,66825.0,693258.336,74250.0,74250.0,626433.336,12
8610,23,15,3,66825.0,599107.608,74250.0,74250.0,532282.608,12
8611,24,15,3,66825.0,552683.448,74250.0,74250.0,485858.448,13
8612,14,16,3,64665.01407,96029.8704,71850.01563,71850.0,31364.856330000002,15
8613,15,16,3,64395.01407,164572.264,71550.01563,71550.0,100177.24992999999,14
8614,16,16,3,64395.01407,322684.8,71550.01563,71550.0,258289.78592999998,13
8615,17,16,3,64395.01407,431505.528,71550.01563,71550.0,367110.51393,12
8616,18,16,3,64755.0211,555731.92,71950.02344,71950.0,490976.89890000003,11
8617,19,16,3,66195.0,765114.44,73550.0,73550.0,698919.44,10
8618,20,16,3,66825.0,818246.232,74250.0,74250.0,751421.232,10
8619,21,16,3,66825.0,733418.064,74250.0,74250.0,666593.064,11
8620,22,16,3,66825.0,599680.968,74250.0,74250.0,532855.968,11
8621,23,16,3,66825.0,520206.256,74250.0,74250.0,453381.256,12
8622,24,16,3,66825.0,524060.28,74250.0,74250.0,457235.28,12
8623,14,17,3,65097.0,0.0,72330.0,0.0,-65097.0,14
8624,15,17,3,64746.01407,104776.0864,71940.01563,71940.0,40030.07233,13
8625,16,17,3,64449.01407,443476.868,71610.01563,71610.0,379027.85393000004,13
8626,17,17,3,64395.01407,492209.34,71550.01563,71550.0,427814.32593000005,11
8627,18,17,3,64395.01407,541520.632,71550.01563,71550.0,477125.61793,10
8628,19,17,3,64755.0211,614566.984,71950.02344,71950.0,549811.9629,9
8629,20,17,3,66195.0,735079.536,73550.0,73550.0,668884.536,9
8630,21,17,3,66825.0,659596.664,74250.0,74250.0,592771.664,10
8631,22,17,3,66825.0,556038.424,74250.0,74250.0,489213.424,11
8632,23,17,3,66825.0,543376.096,74250.0,74250.0,476551.096,11
8633,13,18,3,60696.0,160484.8288,67440.0,48240.0,99788.82879999999,15
8634,14,18,3,65124.0,216899.3408,72360.0,72360.0,151775.3408,14
8635,15,18,3,65124.0,609110.784,72360.0,72360.0,543986.784,13
8636,16,18,3,64935.00703,684907.76,72150.00781,72150.0,619972.75297,12
8637,17,18,3,64503.0211,570102.448,71670.02344,71670.0,505599.42689999996,11
8638,18,18,3,64395.01407,672375.384,71550.01563,71550.0,607980.3699299999,10
8639,19,18,3,64395.01407,531617.448,71550.01563,71550.0,467222.43393,8
8640,20,18,3,64935.00703,529563.448,72150.00781,72150.0,464628.44097,8
8641,21,18,3,66555.0,571555.032,73950.0,73950.0,505000.032,9
8642,22,18,3,66825.0,535448.232,74250.0,74250.0,468623.23199999996,10
8643,13,19,3,62532.0,222476.768,69480.0,56280.0,159944.768,15
8644,14,19,3,65124.0,323830.792,72360.0,72360.0,258706.79200000002,13
8645,15,19,3,65124.0,571374.064,72360.0,72360.0,506250.064,13
8646,16,19,3,65124.0,758134.504,72360.0,72360.0,693010.504,11
8647,17,19,3,65016.00703,730691.824,72240.00781,72240.0,665675.81697,10
8648,18,19,3,64584.01407,627768.328,71760.01563,71760.0,563184.31393,9
8649,19,19,3,64395.01407,482513.28,71550.01563,71550.0,418118.26593000005,8
8650,20,19,3,64395.01407,488461.32,71550.01563,71550.0,424066.30593000003,7
8651,13,20,3,63036.0,231965.104,70040.0,61640.0,168929.104,15
8652,14,20,3,65124.0,290109.72,72360.0,72360.0,224985.71999999997,13
8653,15,20,3,65124.0,517174.568,72360.0,72360.0,452050.568,12
8654,16,20,3,65124.0,746899.208,72360.0,72360.0,681775.208,11
8655,17,20,3,65124.0,759894.928,72360.0,72360.0,694770.928,10
8656,13,21,3,63288.0,221074.688,70320.0,64320.0,157786.688,15
8657,14,21,3,65124.0,256041.744,72360.0,72360.0,190917.744,13
8658,15,21,3,65124.0,542369.616,72360.0,72360.0,477245.61600000004,11
8659,13,22,3,63288.0,373478.0,70320.0,64320.0,310190.0,15
8660,14,22,3,65124.0,583492.672,72360.0,72360.0,518368.672,13
8661,16,10,4,59688.0,132485.04,66320.0,37520.0,72797.04000000001,15
8662,17,10,4,64512.0,211798.352,71680.0,69680.0,147286.352,15
8663,18,10,4,65124.0,161471.072,72360.0,72360.0,96347.07199999999,15
8664,19,10,4,65124.0,53680.8256,72360.0,72360.0,-11443.174400000004,15
8665,20,10,4,65124.0,18763.0016,72360.0,72360.0,-46360.9984,15
8666,21,10,4,65124.0,15011.216,72360.0,72360.0,-50112.784,15
8667,22,10,4,60768.0,13086.3328,67520.0,37520.0,-47681.667199999996,15
8668,23,10,4,55080.0,0.0,61200.0,0.0,-55080.0,15
8669,24,10,4,55332.0,0.0,61480.0,0.0,-55332.0,15
8670,15,11,4,61668.0,216245.76,68520.0,50920.0,154577.76,15
8671,16,11,4,65124.0,287916.608,72360.0,72360.0,222792.608,15
8672,17,11,4,65124.0,257697.328,72360.0,72360.0,192573.328,14
8673,18,11,4,65124.0,121704.496,72360.0,72360.0,56580.496,14
8674,19,11,4,65124.0,38634.6656,72360.0,72360.0,-26489.3344,14
8675,20,11,4,65124.0,34684.56,72360.0,72360.0,-30439.440000000002,14
8676,21,11,4,65124.0,30561.8624,72360.0,72360.0,-34562.1376,14
8677,22,11,4,65124.0,20884.704,72360.0,72360.0,-44239.296,14
8678,23,11,4,64368.0,30438.7968,71520.0,64320.0,-33929.2032,14
8679,24,11,4,65124.0,0.0,72360.0,0.0,-65124.0,15
8680,25,11,4,65124.0,0.0,72360.0,0.0,-65124.0,15
8681,14,12,4,65124.0,342236.128,72360.0,72360.0,277112.128,15
8682,15,12,4,65124.0,342327.984,72360.0,72360.0,277203.984,15
8683,16,12,4,65124.0,373841.104,72360.0,72360.0,308717.104,14
8684,17,12,4,65124.0,403008.848,72360.0,72360.0,337884.848,13
8685,18,12,4,65124.0,275598.5616,72360.0,72360.0,210474.56160000002,13
8686,19,12,4,65124.0,147069.504,72360.0,72360.0,81945.50399999999,13
8687,20,12,4,65124.0,120932.9504,72360.0,72360.0,55808.9504,13
8688,21,12,4,65124.0,122833.5136,72360.0,72360.0,57709.513600000006,13
8689,22,12,4,65124.0,116133.8304,72360.0,72360.0,51009.830400000006,13
8690,23,12,4,65124.0,71987.3728,72360.0,72360.0,6863.372799999997,13
8691,24,12,4,65124.0,24705.5264,72360.0,72360.0,-40418.4736,14
8692,25,12,4,65124.0,0.0,72360.0,0.0,-65124.0,15
8693,13,13,4,64746.00703,280946.788,71940.00781,71940.0,216200.78097,15
8694,14,13,4,65070.0,350111.944,72300.0,72300.0,285041.944,15
8695,15,13,4,65124.0,412112.56,72360.0,72360.0,346988.56,14
8696,16,13,4,65124.0,459021.056,72360.0,72360.0,393897.056,13
8697,17,13,4,65124.0,462667.824,72360.0,72360.0,397543.824,13
8698,18,13,4,65124.0,459067.736,72360.0,72360.0,393943.736,13
8699,19,13,4,65187.0,383606.32,72430.0,72430.0,318419.32,13
8700,20,13,4,65439.0,350738.464,72710.0,72710.0,285299.464,13
8701,21,13,4,65817.0,455693.704,73130.0,73130.0,389876.704,13
8702,22,13,4,66006.0,525879.928,73340.0,73340.0,459873.92799999996,13
8703,23,13,4,66069.0,477802.1056,73410.0,73410.0,411733.1056,13
8704,24,13,4,66069.0,341543.1952,73410.0,73410.0,275474.1952,13
8705,25,13,4,66195.0,209835.8352,73550.0,73550.0,143640.8352,14
8706,26,13,4,66069.0,110676.1296,73410.0,73410.0,44607.1296,15
8707,13,14,4,64395.01407,202620.292,71550.01563,71550.0,138225.27792999998,15
8708,14,14,4,64476.01407,219271.308,71640.01563,71640.0,154795.29392999999,14
8709,15,14,4,64827.00703,341621.64,72030.00781,72030.0,276794.63297000004,13
8710,16,14,4,65097.0,454070.716,72330.0,72330.0,388973.716,13
8711,17,14,4,65124.0,452391.64,72360.0,72360.0,387267.64,12
8712,18,14,4,65754.0,586226.512,73060.0,73060.0,520472.512,11
8713,19,14,4,66699.0,775613.752,74110.0,74110.0,708914.752,11
8714,20,14,4,66825.0,817512.944,74250.0,74250.0,750687.944,11
8715,21,14,4,66825.0,826195.456,74250.0,74250.0,759370.456,11
8716,22,14,4,66825.0,844473.64,74250.0,74250.0,777648.64,11
8717,23,14,4,66825.0,751570.152,74250.0,74250.0,684745.152,12
8718,24,14,4,66825.0,606679.648,74250.0,74250.0,539854.648,13
8719,25,14,4,66825.0,374537.928,74250.0,74250.0,307712.928,13
8720,26,14,4,66825.0,221356.456,74250.0,74250.0,154531.456,14
8721,13,15,4,64395.01407,150998.06,71550.01563,71550.0,86603.04593,15
8722,14,15,4,64395.01407,174410.688,71550.01563,71550.0,110015.67392999999,14
8723,15,15,4,64422.01407,197958.22,71580.01563,71580.0,133536.20593,13
8724,16,15,4,64800.00703,365970.984,72000.00781,72000.0,301170.97697,12
8725,17,15,4,65664.0,574436.208,72960.0,72960.0,508772.208,11
8726,18,15,4,66762.0,870248.496,74180.0,74180.0,803486.496,10
8727,19,15,4,66825.0,874683.328,74250.0,74250.0,807858.328,10
8728,20,15,4,66825.0,870548.84,74250.0,74250.0,803723.84,10
8729,21,15,4,66825.0,877446.92,74250.0,74250.0,810621.92,10
8730,22,15,4,66825.0,730501.104,74250.0,74250.0,663676.104,11
8731,23,15,4,66825.0,465207.616,74250.0,74250.0,398382.616,11
8732,24,15,4,66825.0,487044.048,74250.0,74250.0,420219.048,12
8733,25,15,4,66825.0,413977.248,74250.0,74250.0,347152.248,13
8734,13,16,4,64665.01407,111913.9144,71850.01563,71850.0,47248.90033,15
8735,14,16,4,64395.01407,176997.944,71550.01563,71550.0,112602.92992999998,13
8736,15,16,4,64395.01407,213021.64,71550.01563,71550.0,148626.62593,13
8737,16,16,4,64422.01407,358167.828,71580.01563,71580.0,293745.81393,11
8738,17,16,4,65745.0,670130.184,73050.0,73050.0,604385.184,10
8739,18,16,4,66735.0,834114.944,74150.0,74150.0,767379.944,9
8740,19,16,4,66825.0,890344.056,74250.0,74250.0,823519.056,9
8741,20,16,4,66825.0,870212.188,74250.0,74250.0,803387.188,9
8742,21,16,4,66825.0,769923.584,74250.0,74250.0,703098.584,10
8743,22,16,4,66825.0,569356.944,74250.0,74250.0,502531.944,10
8744,23,16,4,66825.0,442615.752,74250.0,74250.0,375790.752,11
8745,24,16,4,66825.0,436963.792,74250.0,74250.0,370138.792,11
8746,25,16,4,66636.0,388716.52,74040.0,74040.0,322080.52,12
8747,12,17,4,58464.0,58360.7424,64960.0,32160.0,-103.25759999999718,15
8748,13,17,4,65097.0,107500.6992,72330.0,72330.0,42403.6992,14
8749,14,17,4,64665.01407,161279.7584,71850.01563,71850.0,96614.74432999999,13
8750,15,17,4,64395.01407,325127.94,71550.01563,71550.0,260732.92593,12
8751,16,17,4,64395.01407,493708.22,71550.01563,71550.0,429313.20593,11
8752,17,17,4,64485.01407,542266.168,71650.01563,71650.0,477781.15393,10
8753,18,17,4,65745.0,703985.272,73050.0,73050.0,638240.272,9
8754,19,17,4,66735.0,816400.32,74150.0,74150.0,749665.32,7
8755,20,17,4,66825.0,753984.12,74250.0,74250.0,687159.12,7
8756,21,17,4,66825.0,618909.128,74250.0,74250.0,552084.128,9
8757,22,17,4,66825.0,474329.304,74250.0,74250.0,407504.304,10
8758,23,17,4,66825.0,417120.504,74250.0,74250.0,350295.504,10
8759,24,17,4,66636.0,504429.36,74040.0,74040.0,437793.36,11
8760,12,18,4,57960.0,94439.2192,64400.0,26800.0,36479.21920000001,15
8761,13,18,4,65124.0,371054.896,72360.0,72360.0,305930.896,13
8762,14,18,4,65097.0,399838.04,72330.0,72330.0,334741.04,13
8763,15,18,4,64692.01407,514626.74,71880.01563,71880.0,449934.72593,11
8764,16,18,4,64422.01407,554865.104,71580.01563,71580.0,490443.0899300001,10
8765,17,18,4,64395.01407,596633.432,71550.01563,71550.0,532238.41793,10
8766,18,18,4,64485.01407,684840.584,71650.01563,71650.0,620355.56993,8
8767,19,18,4,65745.0,660801.08,73050.0,73050.0,595056.08,6
8768,20,18,4,66735.0,645409.328,74150.0,74150.0,578674.328,6
8769,21,18,4,66825.0,519276.888,74250.0,74250.0,452451.888,7
8770,22,18,4,66825.0,464868.64,74250.0,74250.0,398043.64,9
8771,23,18,4,66636.0,496407.656,74040.0,74040.0,429771.656,10
8772,12,19,4,60696.0,193727.872,67440.0,48240.0,133031.872,15
8773,13,19,4,65124.0,394374.656,72360.0,72360.0,329250.656,13
8774,14,19,4,65124.0,424723.192,72360.0,72360.0,359599.192,12
8775,15,19,4,65124.0,541745.288,72360.0,72360.0,476621.28799999994,11
8776,16,19,4,64854.01407,616801.552,72060.01563,72060.0,551947.53793,10
8777,12,20,4,61560.0,228856.56,68400.0,53600.0,167296.56,15
8778,13,20,4,65124.0,391896.944,72360.0,72360.0,326772.944,13
8779,14,20,4,65124.0,441673.4,72360.0,72360.0,376549.4,12
8780,12,21,4,61920.0,219092.336,68800.0,53600.0,157172.336,15
8781,13,21,4,65124.0,426088.336,72360.0,72360.0,360964.336,13
8782,12,22,4,62784.0,365740.672,69760.0,58960.0,302956.672,15
8783,16,9,5,55080.0,0.0,61200.0,0.0,-55080.0,15
8784,17,9,5,58176.0,55518.56,64640.0,21440.0,-2657.4400000000023,15
8785,18,9,5,60408.0,72597.5424,67120.0,37520.0,12189.542400000006,15
8786,19,9,5,61776.0,72299.5392,68640.0,48240.0,10523.5392,15
8787,20,9,5,60408.0,32216.3872,67120.0,37520.0,-28191.6128,15
8788,21,9,5,55944.0,1424.688,62160.0,5360.0,-54519.312,15
8789,22,9,5,55080.0,0.0,61200.0,0.0,-55080.0,15
8790,23,9,5,55080.0,0.0,61200.0,0.0,-55080.0,15
8791,24,9,5,55080.0,0.0,61200.0,0.0,-55080.0,15
8792,15,10,5,56196.0,32505.616,62440.0,8040.0,-23690.384,15
8793,16,10,5,63756.0,220841.856,70840.0,61640.0,157085.856,15
8794,17,10,5,65124.0,211565.936,72360.0,72360.0,146441.936,14
8795,18,10,5,65124.0,141271.5904,72360.0,72360.0,76147.59039999999,14
8796,19,10,5,65124.0,10647.104,72360.0,72360.0,-54476.896,14
8797,20,10,5,65124.0,0.0,72360.0,0.0,-65124.0,14
8798,21,10,5,64008.0,0.0,71120.0,0.0,-64008.0,14
8799,22,10,5,57672.0,0.0,64080.0,0.0,-57672.0,14
8800,23,10,5,55080.0,0.0,61200.0,0.0,-55080.0,14
8801,24,10,5,56808.0,0.0,63120.0,0.0,-56808.0,14
8802,25,10,5,57672.0,0.0,64080.0,0.0,-57672.0,15
8803,15,11,5,64620.0,309352.608,71800.0,67000.0,244732.608,14
8804,16,11,5,65124.0,307106.032,72360.0,72360.0,241982.032,14
8805,17,11,5,65124.0,261371.28,72360.0,72360.0,196247.28,13
8806,18,11,5,65124.0,114571.616,72360.0,72360.0,49447.615999999995,13
8807,19,11,5,65124.0,3242.368,72360.0,72360.0,-61881.632,13
8808,20,11,5,65124.0,0.0,72360.0,0.0,-65124.0,13
8809,21,11,5,65124.0,0.0,72360.0,0.0,-65124.0,13
8810,22,11,5,64008.0,0.0,71120.0,0.0,-64008.0,13
8811,23,11,5,62388.0,0.0,69320.0,0.0,-62388.0,13
8812,24,11,5,65124.0,0.0,72360.0,0.0,-65124.0,14
8813,25,11,5,64872.0,0.0,72080.0,0.0,-64872.0,14
8814,26,11,5,58284.0,0.0,64760.0,0.0,-58284.0,15
8815,15,12,5,65124.0,379990.224,72360.0,72360.0,314866.224,13
8816,16,12,5,65124.0,429756.544,72360.0,72360.0,364632.544,13
8817,17,12,5,65124.0,447467.632,72360.0,72360.0,382343.632,13
8818,18,12,5,65124.0,353338.7664,72360.0,72360.0,288214.7664,13
8819,19,12,5,65124.0,134917.5264,72360.0,72360.0,69793.5264,13
8820,20,12,5,65124.0,96185.2032,72360.0,72360.0,31061.203200000004,13
8821,21,12,5,65124.0,87873.024,72360.0,72360.0,22749.024000000005,13
8822,22,12,5,65124.0,92545.5488,72360.0,72360.0,27421.548800000004,13
8823,23,12,5,65124.0,78564.3104,72360.0,72360.0,13440.310400000002,13
8824,24,12,5,65124.0,7240.0736,72360.0,72360.0,-57883.9264,13
8825,25,12,5,65124.0,0.0,72360.0,0.0,-65124.0,14
8826,26,12,5,64620.0,0.0,71800.0,0.0,-64620.0,14
8827,15,13,5,65124.0,470409.936,72360.0,72360.0,405285.936,13
8828,16,13,5,65124.0,511267.536,72360.0,72360.0,446143.536,12
8829,17,13,5,65124.0,519487.632,72360.0,72360.0,454363.632,11
8830,18,13,5,65124.0,513103.568,72360.0,72360.0,447979.568,11
8831,19,13,5,65124.0,407131.536,72360.0,72360.0,342007.536,11
8832,20,13,5,65124.0,374409.232,72360.0,72360.0,309285.232,11
8833,21,13,5,65124.0,322786.136,72360.0,72360.0,257662.136,11
8834,22,13,5,65187.0,314255.088,72430.0,72430.0,249068.088,11
8835,23,13,5,65313.0,258920.7232,72570.0,72570.0,193607.7232,12
8836,24,13,5,65313.0,106014.1472,72570.0,72570.0,40701.14720000001,13
8837,25,13,5,65313.0,51345.088,72570.0,72570.0,-13967.911999999997,13
8838,26,13,5,65187.0,15152.7008,72430.0,72430.0,-50034.2992,14
8839,27,13,5,65124.0,3868.6336,72360.0,72360.0,-61255.3664,14
8840,15,14,5,65124.0,404006.528,72360.0,72360.0,338882.528,12
8841,16,14,5,65124.0,485283.456,72360.0,72360.0,420159.456,11
8842,17,14,5,65124.0,515007.72,72360.0,72360.0,449883.72,10
8843,18,14,5,65124.0,517823.496,72360.0,72360.0,452699.496,10
8844,19,14,5,65628.0,594370.56,72920.0,72920.0,528742.56,10
8845,20,14,5,66195.0,657468.344,73550.0,73550.0,591273.344,10
8846,21,14,5,66510.0,730344.96,73900.0,73900.0,663834.96,10
8847,22,14,5,66636.0,745762.136,74040.0,74040.0,679126.136,11
8848,23,14,5,66762.0,745109.296,74180.0,74180.0,678347.296,11
8849,24,14,5,66825.0,678230.488,74250.0,74250.0,611405.488,12
8850,25,14,5,66699.0,401590.9776,74110.0,74110.0,334891.9776,13
8851,26,14,5,66636.0,222186.696,74040.0,74040.0,155550.696,13
8852,27,14,5,66573.0,125928.9472,73970.0,73970.0,59355.947199999995,14
8853,15,15,5,64935.0,321265.244,72150.0,72150.0,256330.244,12
8854,16,15,5,65124.0,427766.816,72360.0,72360.0,362642.816,10
8855,17,15,5,65187.0,492167.728,72430.0,72430.0,426980.728,10
8856,18,15,5,66006.0,646259.288,73340.0,73340.0,580253.288,9
8857,19,15,5,66762.0,897008.296,74180.0,74180.0,830246.296,9
8858,20,15,5,66825.0,876765.04,74250.0,74250.0,809940.04,9
8859,21,15,5,66825.0,883585.472,74250.0,74250.0,816760.472,9
8860,22,15,5,66825.0,770049.864,74250.0,74250.0,703224.864,10
8861,23,15,5,66825.0,530996.048,74250.0,74250.0,464171.04799999995,11
8862,24,15,5,66825.0,536572.624,74250.0,74250.0,469747.62399999995,11
8863,25,15,5,66825.0,475155.008,74250.0,74250.0,408330.008,12
8864,26,15,5,66825.0,264507.236,74250.0,74250.0,197682.23599999998,13
8865,15,16,5,64422.01407,285767.908,71580.01563,71580.0,221345.89393,11
8866,16,16,5,64998.0,396901.86,72220.0,72220.0,331903.86,10
8867,17,16,5,66195.0,570004.136,73550.0,73550.0,503809.13600000006,9
8868,18,16,5,66825.0,750243.248,74250.0,74250.0,683418.248,7
8869,19,16,5,66825.0,894277.88,74250.0,74250.0,827452.88,7
8870,20,16,5,66825.0,1070275.36,74250.0,74250.0,1003450.3600000001,7
8871,21,16,5,66825.0,946293.912,74250.0,74250.0,879468.912,8
8872,22,16,5,66825.0,666036.536,74250.0,74250.0,599211.536,9
8873,23,16,5,66825.0,518403.256,74250.0,74250.0,451578.256,10
8874,24,16,5,66825.0,504688.664,74250.0,74250.0,437863.664,11
8875,25,16,5,66510.0,470662.016,73900.0,73900.0,404152.016,11
8876,26,16,5,65880.00703,324669.68,73200.00781,73200.0,258789.67297,12
8877,15,17,5,64395.01407,437978.684,71550.01563,71550.0,373583.66993000003,11
8878,16,17,5,64422.01407,507227.792,71580.01563,71580.0,442805.77793000004,10
8879,17,17,5,66195.0,639024.584,73550.0,73550.0,572829.584,8
8880,18,17,5,66825.0,724450.512,74250.0,74250.0,657625.512,6
8881,19,17,5,66825.0,816081.592,74250.0,74250.0,749256.592,6
8882,20,17,5,66825.0,860859.592,74250.0,74250.0,794034.592,6
8883,21,17,5,66825.0,748373.8,74250.0,74250.0,681548.8,7
8884,22,17,5,66825.0,567793.856,74250.0,74250.0,500968.856,8
8885,23,17,5,66825.0,512745.896,74250.0,74250.0,445920.896,9
8886,24,17,5,66636.0,549266.368,74040.0,74040.0,482630.368,10
8887,25,17,5,65250.00703,511311.0,72500.00781,72500.0,446060.99297,11
8888,26,17,5,65124.0,250949.0912,72360.0,72360.0,185825.0912,12
8889,14,18,5,64827.01407,420241.912,72030.01563,72030.0,355414.89793000004,11
8890,15,18,5,64422.01407,510401.672,71580.01563,71580.0,445979.65793000004,10
8891,16,18,5,64395.01407,568333.232,71550.01563,71550.0,503938.21793,8
8892,14,19,5,65124.0,530550.832,72360.0,72360.0,465426.83200000005,11
8893,18,14,0,64395.01407,273820.948,71550.01563,71550.0,209425.93392999997,15
8894,19,14,0,64485.01407,773909.16,71650.01563,71650.0,709424.14593,15
8895,20,14,0,65385.00703,687867.448,72650.00781,72650.0,622482.44097,15
8896,21,14,0,66555.0,702552.72,73950.0,73950.0,635997.72,15
8897,22,14,0,66825.0,643476.928,74250.0,74250.0,576651.928,15
8898,18,15,0,63810.0,183237.576,70900.0,68900.0,119427.576,15
8899,19,15,0,64395.01407,654967.704,71550.01563,71550.0,590572.68993,14
8900,20,15,0,64395.01407,602764.344,71550.01563,71550.0,538369.32993,14
8901,21,15,0,64485.01407,649964.288,71650.01563,71650.0,585479.2739299999,14
8902,17,16,0,57348.0,123062.408,63720.0,24120.0,65714.408,15
8903,18,16,0,62433.0,512384.2344,69370.0,61370.0,449951.2344,14
8904,19,16,0,64503.0211,636304.064,71670.02344,71670.0,571801.0429,13
8905,17,17,0,58356.0,302125.344,64840.0,34840.0,243769.34399999998,15
8906,18,17,0,61452.0,701960.112,68280.0,56280.0,640508.112,14
8907,17,18,0,58104.0,319253.072,64560.0,32160.0,261149.072,15
8908,16,19,0,59220.0,382649.744,65800.0,40200.0,323429.744,15
8909,18,13,1,66168.00703,600278.5,73520.00781,73520.0,534110.49297,15
8910,19,13,1,66825.0,730129.592,74250.0,74250.0,663304.592,15
8911,20,13,1,66825.0,717960.824,74250.0,74250.0,651135.824,15
8912,21,13,1,66825.0,676658.744,74250.0,74250.0,609833.744,15
8913,22,13,1,66825.0,654195.424,74250.0,74250.0,587370.424,15
8914,23,13,1,66825.0,627694.424,74250.0,74250.0,560869.424,15
8915,17,14,1,64395.01407,171624.944,71550.01563,71550.0,107229.92992999998,15
8916,18,14,1,64665.01407,369456.792,71850.01563,71850.0,304791.77793000004,15
8917,19,14,1,65835.00703,782349.896,73150.00781,73150.0,716514.88897,14
8918,20,14,1,66735.0,876458.088,74150.0,74150.0,809723.088,14
8919,21,14,1,66825.0,829170.112,74250.0,74250.0,762345.112,14
8920,22,14,1,66825.0,809205.4,74250.0,74250.0,742380.4,14
8921,23,14,1,66825.0,655646.56,74250.0,74250.0,588821.56,15
8922,17,15,1,64395.01407,109518.584,71550.01563,71550.0,45123.569930000005,15
8923,18,15,1,64395.01407,266667.496,71550.01563,71550.0,202272.48192999998,14
8924,19,15,1,64395.01407,631539.04,71550.01563,71550.0,567144.02593,13
8925,20,15,1,64755.0211,681804.136,71950.02344,71950.0,617049.1149,13
8926,21,15,1,66015.00703,748731.96,73350.00781,73350.0,682716.95297,13
8927,22,15,1,66735.0,723760.536,74150.0,74150.0,657025.536,13
8928,16,16,1,65070.0,283100.868,72300.0,72300.0,218030.86800000002,15
8929,17,16,1,64692.01407,225790.624,71880.01563,71880.0,161098.60993,14
8930,18,16,1,64422.01407,454037.548,71580.01563,71580.0,389615.53393000003,13
8931,19,16,1,64395.01407,574996.28,71550.01563,71550.0,510601.26593000005,13
8932,20,16,1,64395.01407,586905.576,71550.01563,71550.0,522510.56193,13
8933,21,16,1,64665.01407,606717.192,71850.01563,71850.0,542052.17793,13
8934,22,16,1,65835.0,715254.928,73150.0,73150.0,649419.928,13
8935,16,17,1,65124.0,456502.48,72360.0,72360.0,391378.48,15
8936,17,17,1,65097.0,510823.224,72330.0,72330.0,445726.224,14
8937,18,17,1,64800.01407,730587.632,72000.01563,72000.0,665787.61793,13
8938,19,17,1,64422.01407,582605.784,71580.01563,71580.0,518183.76993,12
8939,20,17,1,64395.01407,535107.384,71550.01563,71550.0,470712.36993,11
8940,21,17,1,64395.01407,502940.984,71550.01563,71550.0,438545.96993,12
8941,22,17,1,64845.01407,648047.6,72050.01563,72050.0,583202.58593,12
8942,15,18,1,59616.0,443982.2928,66240.0,48240.0,384366.2928,15
8943,16,18,1,65124.0,729502.8,72360.0,72360.0,664378.8,14
8944,17,18,1,65124.0,732293.12,72360.0,72360.0,667169.12,13
8945,18,18,1,65124.0,798270.032,72360.0,72360.0,733146.032,13
8946,19,18,1,64854.01407,608581.504,72060.01563,72060.0,543727.4899299999,11
8947,20,18,1,64449.01407,493483.576,71610.01563,71610.0,429034.56193,11
8948,21,18,1,64395.01407,430496.408,71550.01563,71550.0,366101.39393,11
8949,22,18,1,64395.01407,555283.812,71550.01563,71550.0,490888.79793000006,12
8950,15,19,1,64512.0,617626.808,71680.0,69680.0,553114.808,15
8951,16,19,1,65124.0,747420.192,72360.0,72360.0,682296.192,14
8952,17,19,1,65124.0,736134.448,72360.0,72360.0,671010.448,13
8953,18,19,1,65124.0,552494.688,72360.0,72360.0,487370.68799999997,12
8954,19,19,1,65124.0,416700.136,72360.0,72360.0,351576.136,11
8955,20,19,1,64881.01407,544730.132,72090.01563,72090.0,479849.11793,10
8956,21,19,1,64503.0211,373685.552,71670.02344,71670.0,309182.5309,11
8957,15,20,1,65124.0,556814.464,72360.0,72360.0,491690.46400000004,15
8958,16,20,1,65124.0,735117.688,72360.0,72360.0,669993.688,13
8959,17,20,1,65124.0,705406.624,72360.0,72360.0,640282.624,13
8960,18,20,1,65124.0,370288.424,72360.0,72360.0,305164.424,11
8961,19,20,1,65124.0,185894.2112,72360.0,72360.0,120770.21119999999,13
8962,20,20,1,65124.0,101134.0416,72360.0,72360.0,36010.0416,11
8963,21,20,1,64989.00703,258408.8624,72210.00781,72210.0,193419.85537,11
8964,15,21,1,65124.0,461454.8176,72360.0,72360.0,396330.8176,15
8965,16,21,1,65124.0,531587.088,72360.0,72360.0,466463.088,13
8966,17,21,1,65124.0,447329.7776,72360.0,72360.0,382205.7776,13
8967,18,21,1,65124.0,386676.0112,72360.0,72360.0,321552.0112,11
8968,19,21,1,65124.0,331130.2992,72360.0,72360.0,266006.2992,12
8969,20,21,1,65124.0,277241.6656,72360.0,72360.0,212117.6656,12
8970,21,21,1,65124.0,280577.7376,72360.0,72360.0,215453.7376,11
8971,15,22,1,65124.0,341676.184,72360.0,72360.0,276552.184,15
8972,16,22,1,65124.0,92468.2528,72360.0,72360.0,27344.252800000002,15
8973,17,22,1,65124.0,176693.224,72360.0,72360.0,111569.22399999999,14
8974,18,22,1,65124.0,259996.9376,72360.0,72360.0,194872.9376,13
8975,21,22,1,65124.0,533839.6,72360.0,72360.0,468715.6,9
8976,15,23,1,65124.0,329055.784,72360.0,72360.0,263931.784,15
8977,16,23,1,65124.0,145115.5552,72360.0,72360.0,79991.5552,15
8978,17,12,2,65124.0,306071.936,72360.0,72360.0,240947.936,15
8979,18,12,2,65124.0,267691.464,72360.0,72360.0,202567.46399999998,15
8980,19,12,2,65187.0,247140.04,72430.0,72430.0,181953.04,15
8981,20,12,2,65439.0,335582.4544,72710.0,72710.0,270143.4544,15
8982,21,12,2,65691.0,396035.6176,72990.0,72990.0,330344.6176,15
8983,22,12,2,65691.0,389145.6752,72990.0,72990.0,323454.6752,15
8984,23,12,2,65691.0,303649.448,72990.0,72990.0,237958.44799999997,15
8985,16,13,2,64908.00703,354106.888,72120.00781,72120.0,289198.88097,15
8986,17,13,2,65097.0,402956.944,72330.0,72330.0,337859.944,15
8987,18,13,2,65943.00703,597201.328,73270.00781,73270.0,531258.32097,14
8988,19,13,2,66699.0,746664.4,74110.0,74110.0,679965.4,14
8989,20,13,2,66825.0,784419.296,74250.0,74250.0,717594.296,14
8990,21,13,2,66825.0,766229.4,74250.0,74250.0,699404.4,14
8991,22,13,2,66825.0,781034.864,74250.0,74250.0,714209.864,14
8992,23,13,2,66825.0,676457.848,74250.0,74250.0,609632.848,14
8993,24,13,2,66825.0,500411.36,74250.0,74250.0,433586.36,15
8994,15,14,2,64395.01407,230611.372,71550.01563,71550.0,166216.35793,15
8995,16,14,2,64395.01407,211486.584,71550.01563,71550.0,147091.56993,15
8996,17,14,2,64710.01407,371548.78,71900.01563,71900.0,306838.76593000005,14
8997,18,14,2,66195.0,656103.772,73550.0,73550.0,589908.772,13
8998,19,14,2,66825.0,750292.76,74250.0,74250.0,683467.76,13
8999,20,14,2,66825.0,748694.56,74250.0,74250.0,681869.56,13
9000,21,14,2,66825.0,733391.264,74250.0,74250.0,666566.264,13
9001,22,14,2,66825.0,713813.448,74250.0,74250.0,646988.448,13
9002,23,14,2,66825.0,687382.68,74250.0,74250.0,620557.68,14
9003,24,14,2,66825.0,517867.784,74250.0,74250.0,451042.784,14
9004,25,14,2,66825.0,307929.408,74250.0,74250.0,241104.408,15
9005,15,15,2,64422.01407,181529.9336,71580.01563,71580.0,117107.91952999998,15
9006,16,15,2,64395.01407,182492.644,71550.01563,71550.0,118097.62993,14
9007,17,15,2,64395.01407,243985.18,71550.01563,71550.0,179590.16593,13
9008,18,15,2,64485.01407,368437.704,71650.01563,71650.0,303952.68993000005,13
9009,19,15,2,65385.00703,653167.44,72650.00781,72650.0,587782.43297,13
9010,20,15,2,66555.0,611978.476,73950.0,73950.0,545423.476,13
9011,21,15,2,66825.0,668845.864,74250.0,74250.0,602020.864,13
9012,22,15,2,66825.0,628007.496,74250.0,74250.0,561182.496,13
9013,23,15,2,66825.0,646998.264,74250.0,74250.0,580173.264,13
9014,24,15,2,66825.0,532846.576,74250.0,74250.0,466021.576,14
9015,25,15,2,66825.0,347192.912,74250.0,74250.0,280367.912,14
9016,26,15,2,66825.0,265137.268,74250.0,74250.0,198312.26799999998,15
9017,15,16,2,64827.01407,56817.172,72030.01563,72030.0,-8009.842069999999,15
9018,16,16,2,64503.0211,319421.2232,71670.02344,71670.0,254918.2021,14
9019,17,16,2,64395.01407,344385.056,71550.01563,71550.0,279990.04193,13
9020,18,16,2,64395.01407,465715.56,71550.01563,71550.0,401320.54593,12
9021,19,16,2,64485.01407,589170.12,71650.01563,71650.0,524685.10593,11
9022,20,16,2,65385.00703,649241.216,72650.00781,72650.0,583856.20897,11
9023,21,16,2,66555.0,652340.144,73950.0,73950.0,585785.144,11
9024,22,16,2,66825.0,637939.784,74250.0,74250.0,571114.784,12
9025,23,16,2,66825.0,631533.144,74250.0,74250.0,564708.144,13
9026,24,16,2,66825.0,609559.472,74250.0,74250.0,542734.472,13
9027,25,16,2,66825.0,396895.108,74250.0,74250.0,330070.108,14
9028,26,16,2,65880.00703,189041.2,73200.00781,73200.0,123161.19297000002,15
9029,27,16,2,65691.00703,127597.376,72990.00781,72990.0,61906.36897000001,15
9030,15,17,2,65124.0,21468.2192,72360.0,72360.0,-43655.7808,15
9031,16,17,2,64989.00703,455971.536,72210.00781,72210.0,390982.52897000004,13
9032,17,17,2,64638.01407,505360.744,71820.01563,71820.0,440722.72993000003,13
9033,18,17,2,64395.01407,522122.616,71550.01563,71550.0,457727.60193,11
9034,19,17,2,64395.01407,564451.848,71550.01563,71550.0,500056.83393,10
9035,20,17,2,64485.01407,596666.432,71650.01563,71650.0,532181.41793,10
9036,21,17,2,65385.00703,599416.208,72650.00781,72650.0,534031.20097,11
9037,22,17,2,66735.0,643008.736,74150.0,74150.0,576273.736,11
9038,23,17,2,66825.0,629191.936,74250.0,74250.0,562366.936,12
9039,24,17,2,66825.0,631756.184,74250.0,74250.0,564931.184,13
9040,25,17,2,65691.00703,359347.368,72990.00781,72990.0,293656.36097000004,13
9041,26,17,2,65124.0,101432.848,72360.0,72360.0,36308.848,14
9042,27,17,2,65124.0,30407.0656,72360.0,72360.0,-34716.9344,15
9043,14,18,2,65124.0,132080.2464,72360.0,72360.0,66956.2464,15
9044,15,18,2,65124.0,639105.7072,72360.0,72360.0,573981.7072,14
9045,16,18,2,65124.0,758714.488,72360.0,72360.0,693590.488,13
9046,17,18,2,65097.0,750353.696,72330.0,72330.0,685256.696,12
9047,18,18,2,64665.01407,632345.688,71850.01563,71850.0,567680.6739299999,11
9048,19,18,2,64395.01407,529782.616,71550.01563,71550.0,465387.60193000006,10
9049,20,18,2,64395.01407,481851.84,71550.01563,71550.0,417456.82593000005,10
9050,21,18,2,64575.01407,480847.248,71750.01563,71750.0,416272.23393000005,10
9051,22,18,2,66015.0,607026.136,73350.0,73350.0,541011.136,11
9052,23,18,2,66699.0,643814.328,74110.0,74110.0,577115.328,11
9053,24,18,2,65565.00703,640519.408,72850.00781,72850.0,574954.4009700001,12
9054,25,18,2,65124.0,441023.28,72360.0,72360.0,375899.28,13
9055,26,18,2,65124.0,34736.4448,72360.0,72360.0,-30387.555200000003,15
9056,14,19,2,65124.0,257179.8864,72360.0,72360.0,192055.8864,15
9057,15,19,2,65124.0,614100.712,72360.0,72360.0,548976.712,13
9058,16,19,2,65124.0,748300.784,72360.0,72360.0,683176.784,13
9059,17,19,2,65124.0,752668.344,72360.0,72360.0,687544.344,11
9060,18,19,2,65097.0,682300.864,72330.0,72330.0,617203.864,11
9061,19,19,2,64719.01407,446916.944,71910.01563,71910.0,382197.92993000004,10
9062,20,19,2,64422.01407,409858.472,71580.01563,71580.0,345436.45793000003,10
9063,21,19,2,64395.01407,387913.8,71550.01563,71550.0,323518.78593,10
9064,22,19,2,64665.01407,488992.104,71850.01563,71850.0,424327.08993,10
9065,23,19,2,64935.00703,534400.112,72150.00781,72150.0,469465.10497,11
9066,24,19,2,65043.00703,552231.272,72270.00781,72270.0,487188.26497,12
9067,25,19,2,65124.0,306053.6752,72360.0,72360.0,240929.6752,14
9068,26,19,2,65124.0,57644.2272,72360.0,72360.0,-7479.772799999999,15
9069,14,20,2,65124.0,201432.7744,72360.0,72360.0,136308.7744,15
9070,15,20,2,65124.0,538374.36,72360.0,72360.0,473250.36,13
9071,16,20,2,65124.0,751076.184,72360.0,72360.0,685952.184,12
9072,17,20,2,65124.0,760782.424,72360.0,72360.0,695658.424,11
9073,18,20,2,65124.0,710377.272,72360.0,72360.0,645253.272,10
9074,19,20,2,65097.0,518419.904,72330.0,72330.0,453322.904,8
9075,20,20,2,64854.01407,363368.5264,72060.01563,72060.0,298514.51233,10
9076,21,20,2,64449.01407,333312.536,71610.01563,71610.0,268863.52193000005,11
9077,22,20,2,64395.01407,401868.112,71550.01563,71550.0,337473.09793000005,10
9078,23,20,2,64395.01407,480412.592,71550.01563,71550.0,416017.57793,11
9079,24,20,2,64503.01407,468657.888,71670.01563,71670.0,404154.87393,12
9080,25,20,2,65016.00703,248630.3216,72240.00781,72240.0,183614.31457,14
9081,26,20,2,64260.0,42859.632,71400.0,67000.0,-21400.368000000002,15
9082,14,21,2,65124.0,150701.3088,72360.0,72360.0,85577.3088,15
9083,15,21,2,65124.0,472631.3872,72360.0,72360.0,407507.3872,13
9084,16,21,2,65124.0,684277.36,72360.0,72360.0,619153.36,12
9085,17,21,2,65124.0,714647.048,72360.0,72360.0,649523.048,11
9086,14,22,2,65124.0,411318.5904,72360.0,72360.0,346194.5904,15
9087,15,22,2,65124.0,509090.896,72360.0,72360.0,443966.896,13
9088,14,23,2,65124.0,367797.792,72360.0,72360.0,302673.792,15
9089,26,13,3,66825.0,164170.204,74250.0,74250.0,97345.204,15
9090,26,14,3,66825.0,214412.484,74250.0,74250.0,147587.484,15
9091,27,14,3,66825.0,192660.644,74250.0,74250.0,125835.644,15
9092,25,15,3,66825.0,380527.928,74250.0,74250.0,313702.928,13
9093,26,15,3,66825.0,274323.196,74250.0,74250.0,207498.196,14
9094,27,15,3,66825.0,250212.82,74250.0,74250.0,183387.82,15
9095,28,15,3,66825.0,262195.356,74250.0,74250.0,195370.35600000003,15
9096,25,16,3,66825.0,438831.616,74250.0,74250.0,372006.616,13
9097,26,16,3,66069.00703,273071.5,73410.00781,73410.0,207002.49297000002,14
9098,27,16,3,65691.00703,244408.348,72990.00781,72990.0,178717.34097000002,14
9099,28,16,3,65502.00703,240733.692,72780.00781,72780.0,175231.68497,15
9100,24,17,3,66636.0,550814.912,74040.0,74040.0,484178.912,12
9101,25,17,3,65439.00703,428816.672,72710.00781,72710.0,363377.66497000004,13
9102,26,17,3,65124.0,193841.84,72360.0,72360.0,128717.84,13
9103,27,17,3,65124.0,150889.5808,72360.0,72360.0,85765.5808,14
9104,28,17,3,65124.0,157110.0704,72360.0,72360.0,91986.0704,15
9105,23,18,3,66636.0,561052.4,74040.0,74040.0,494416.4,11
9106,24,18,3,65313.00703,789030.4,72570.00781,72570.0,723717.39297,11
9107,25,18,3,65124.0,624967.704,72360.0,72360.0,559843.704,12
9108,26,18,3,65124.0,38212.0768,72360.0,72360.0,-26911.923199999997,13
9109,27,18,3,65124.0,11095.8432,72360.0,72360.0,-54028.1568,15
9110,21,19,3,64935.01407,513599.752,72150.01563,72150.0,448664.73793,8
9111,22,19,3,65952.00703,511634.952,73280.00781,73280.0,445682.94497,9
9112,23,19,3,65286.0,752890.28,72540.0,72540.0,687604.28,10
9113,24,19,3,65124.0,784861.2,72360.0,72360.0,719737.2,11
9114,25,19,3,65124.0,466648.128,72360.0,72360.0,401524.128,12
9115,26,19,3,65124.0,54248.0192,72360.0,72360.0,-10875.980799999998,14
9116,27,19,3,65124.0,0.0,72360.0,0.0,-65124.0,15
9117,27,20,3,65124.0,314.5248,72360.0,72360.0,-64809.4752,15
9118,26,12,4,65124.0,0.0,72360.0,0.0,-65124.0,15
9119,27,13,4,65943.0,53472.264,73270.0,73270.0,-12470.735999999997,15
9120,27,14,4,66825.0,188722.644,74250.0,74250.0,121897.644,15
9121,28,14,4,66825.0,182318.312,74250.0,74250.0,115493.312,15
9122,26,15,4,66825.0,263645.696,74250.0,74250.0,196820.696,13
9123,27,15,4,66825.0,237740.756,74250.0,74250.0,170915.756,14
9124,28,15,4,66825.0,231820.82,74250.0,74250.0,164995.82,15
9125,29,15,4,66825.0,226987.816,74250.0,74250.0,160162.816,15
9126,26,16,4,66069.00703,309720.588,73410.00781,73410.0,243651.58097,13
9127,27,16,4,65691.00703,299236.972,72990.00781,72990.0,233545.96497000003,14
9128,28,16,4,65313.00703,314883.296,72570.00781,72570.0,249570.28896999997,14
9129,29,16,4,65124.0,325864.208,72360.0,72360.0,260740.20799999998,15
9130,25,17,4,65376.00703,522679.696,72640.00781,72640.0,457303.68897,12
9131,26,17,4,65124.0,235830.3296,72360.0,72360.0,170706.3296,13
9132,27,17,4,65124.0,226044.1568,72360.0,72360.0,160920.1568,13
9133,28,17,4,65124.0,232520.448,72360.0,72360.0,167396.448,14
9134,29,17,4,65124.0,247706.72,72360.0,72360.0,182582.72,15
9135,25,18,4,65124.0,772489.008,72360.0,72360.0,707365.008,11
9136,26,18,4,65124.0,89617.2704,72360.0,72360.0,24493.270399999994,12
9137,27,18,4,65124.0,41792.1344,72360.0,72360.0,-23331.865599999997,13
9138,28,18,4,65124.0,65359.4016,72360.0,72360.0,235.40159999999742,15
9139,28,19,4,65124.0,9862.6144,72360.0,72360.0,-55261.3856,15
9140,28,13,5,65124.0,0.0,72360.0,0.0,-65124.0,15
9141,28,14,5,66447.0,122403.2312,73830.0,73830.0,55956.231199999995,14
9142,29,14,5,66132.0,102874.9288,73480.0,73480.0,36742.928799999994,15
9143,27,15,5,66825.0,144998.392,74250.0,74250.0,78173.39199999999,13
9144,28,15,5,66825.0,148755.728,74250.0,74250.0,81930.728,14
9145,29,15,5,66825.0,143835.692,74250.0,74250.0,77010.69200000001,15
9146,30,15,5,66825.0,144454.508,74250.0,74250.0,77629.508,15
9147,27,16,5,65691.00703,289665.612,72990.00781,72990.0,223974.60497000004,13
9148,28,16,5,65124.0,348075.072,72360.0,72360.0,282951.072,13
9149,29,16,5,65124.0,343572.16,72360.0,72360.0,278448.16,14
9150,30,16,5,65124.0,356801.984,72360.0,72360.0,291677.984,15
9151,27,17,5,65124.0,251441.7888,72360.0,72360.0,186317.7888,13
9152,28,17,5,65124.0,266664.176,72360.0,72360.0,201540.17599999998,13
9153,29,17,5,65124.0,270162.992,72360.0,72360.0,205038.99200000003,14
9154,30,17,5,65124.0,245459.584,72360.0,72360.0,180335.584,15
9155,28,18,5,65124.0,122495.7184,72360.0,72360.0,57371.7184,13
9156,29,18,5,65124.0,120269.584,72360.0,72360.0,55145.584,15
9157,29,19,5,65124.0,21804.048,72360.0,72360.0,-43319.952000000005,15
9158,28,11,6,55080.0,0.0,61200.0,0.0,-55080.0,15
9159,28,12,6,58428.0,0.0,64920.0,0.0,-58428.0,15
9160,29,12,6,58428.0,0.0,64920.0,0.0,-58428.0,15
9161,29,13,6,65124.0,0.0,72360.0,0.0,-65124.0,15
9162,30,13,6,65124.0,0.0,72360.0,0.0,-65124.0,15
9163,29,14,6,65313.0,80475.656,72570.0,72570.0,15162.656000000003,14
9164,30,14,6,65124.0,64896.4128,72360.0,72360.0,-227.58720000000176,15
9165,28,15,6,66825.0,101569.16,74250.0,74250.0,34744.16,13
9166,29,15,6,66762.0,90352.428,74180.0,74180.0,23590.428,14
9167,30,15,6,66195.0,169190.384,73550.0,73550.0,102995.38399999999,15
9168,31,15,6,65250.00703,228607.536,72500.00781,72500.0,163357.52896999998,15
9169,28,16,6,65124.0,373049.472,72360.0,72360.0,307925.472,13
9170,29,16,6,65124.0,391376.8,72360.0,72360.0,326252.8,13
9171,30,16,6,65124.0,373883.808,72360.0,72360.0,308759.808,14
9172,31,16,6,65124.0,382711.296,72360.0,72360.0,317587.296,15
9173,28,17,6,65124.0,324719.2,72360.0,72360.0,259595.2,12
9174,29,17,6,65124.0,333605.552,72360.0,72360.0,268481.552,13
9175,30,17,6,65124.0,316111.904,72360.0,72360.0,250987.90399999998,14
9176,31,17,6,64260.0,268485.12,71400.0,67000.0,204225.12,15
9177,30,18,6,65124.0,205616.992,72360.0,72360.0,140492.992,15
9178,9,22,6,55080.0,0.0,61200.0,0.0,-55080.0,15
9179,29,11,7,55080.0,0.0,61200.0,0.0,-55080.0,15
9180,29,12,7,55692.0,0.0,61880.0,0.0,-55692.0,14
9181,30,12,7,56916.0,0.0,63240.0,0.0,-56916.0,15
9182,30,13,7,64620.0,0.0,71800.0,0.0,-64620.0,14
9183,31,13,7,59148.0,0.0,65720.0,0.0,-59148.0,15
9184,30,14,7,65124.0,44416.064,72360.0,72360.0,-20707.936,14
9185,31,14,7,64872.0,63709.2768,72080.0,69680.0,-1162.7232000000004,15
9186,29,15,7,65502.0,179871.8064,72780.0,72780.0,114369.8064,13
9187,30,15,7,65124.0,237901.888,72360.0,72360.0,172777.888,14
9188,31,15,7,65124.0,205480.7488,72360.0,72360.0,140356.7488,15
9189,32,15,7,62856.0,104039.3088,69840.0,48240.0,41183.3088,15
9190,29,16,7,65124.0,387541.024,72360.0,72360.0,322417.024,13
9191,30,16,7,65124.0,370850.896,72360.0,72360.0,305726.896,13
9192,31,16,7,65124.0,389642.96,72360.0,72360.0,324518.96,14
9193,32,16,7,62244.0,140473.28,69160.0,45560.0,78229.28,15
9194,30,17,7,65124.0,418220.88,72360.0,72360.0,353096.88,13
9195,31,17,7,65124.0,398620.72,72360.0,72360.0,333496.72,14
9196,32,17,7,57672.0,55803.6,64080.0,16080.0,-1868.4000000000015,15
9197,8,23,7,55080.0,0.0,61200.0,0.0,-55080.0,15
9198,8,24,7,55080.0,0.0,61200.0,0.0,-55080.0,15
9199,30,10,8,55080.0,0.0,61200.0,0.0,-55080.0,15
9200,30,11,8,55080.0,0.0,61200.0,0.0,-55080.0,15
9201,31,11,8,55080.0,0.0,61200.0,0.0,-55080.0,15
9202,30,12,8,55080.0,0.0,61200.0,0.0,-55080.0,14
9203,31,12,8,55080.0,0.0,61200.0,0.0,-55080.0,15
9204,32,12,8,55080.0,0.0,61200.0,0.0,-55080.0,15
9205,31,13,8,55080.0,0.0,61200.0,0.0,-55080.0,14
9206,32,13,8,55080.0,0.0,61200.0,0.0,-55080.0,15
9207,31,14,8,60768.0,0.0,67520.0,0.0,-60768.0,14
9208,32,14,8,55080.0,0.0,61200.0,0.0,-55080.0,15
9209,30,15,8,65124.0,131991.728,72360.0,72360.0,66867.728,13
9210,31,15,8,65124.0,137810.0576,72360.0,72360.0,72686.0576,14
9211,32,15,8,55080.0,0.0,61200.0,0.0,-55080.0,15
9212,33,15,8,55080.0,0.0,61200.0,0.0,-55080.0,15
9213,31,16,8,65124.0,321872.392,72360.0,72360.0,256748.392,13
9214,32,16,8,56916.0,22073.552,63240.0,8040.0,-34842.448000000004,14
9215,33,16,8,55080.0,0.0,61200.0,0.0,-55080.0,15
9216,32,17,8,55080.0,0.0,61200.0,0.0,-55080.0,14
9217,33,17,8,55080.0,0.0,61200.0,0.0,-55080.0,15
9218,7,24,8,55080.0,0.0,61200.0,0.0,-55080.0,15
9219,31,10,9,55080.0,0.0,61200.0,0.0,-55080.0,15
9220,31,11,9,55080.0,0.0,61200.0,0.0,-55080.0,14
9221,32,11,9,55080.0,0.0,61200.0,0.0,-55080.0,15
9222,31,12,9,55080.0,0.0,61200.0,0.0,-55080.0,14
9223,32,12,9,55080.0,0.0,61200.0,0.0,-55080.0,15
9224,33,12,9,55080.0,0.0,61200.0,0.0,-55080.0,15
9225,32,13,9,55080.0,0.0,61200.0,0.0,-55080.0,14
9226,33,13,9,55080.0,0.0,61200.0,0.0,-55080.0,15
9227,32,14,9,55080.0,0.0,61200.0,0.0,-55080.0,14
9228,33,14,9,55080.0,0.0,61200.0,0.0,-55080.0,15
9229,31,15,9,65124.0,0.0,72360.0,0.0,-65124.0,13
9230,32,15,9,55080.0,0.0,61200.0,0.0,-55080.0,14
9231,33,15,9,55080.0,0.0,61200.0,0.0,-55080.0,15
9232,34,15,9,55080.0,0.0,61200.0,0.0,-55080.0,15
9233,32,16,9,55080.0,0.0,61200.0,0.0,-55080.0,13
9234,33,16,9,55080.0,0.0,61200.0,0.0,-55080.0,14
9235,34,16,9,55080.0,0.0,61200.0,0.0,-55080.0,15
9236,33,17,9,55080.0,0.0,61200.0,0.0,-55080.0,14
9237,34,17,9,55080.0,0.0,61200.0,0.0,-55080.0,15
9238,30,7,10,55080.0,0.0,61200.0,0.0,-55080.0,15
9239,31,8,10,55080.0,0.0,61200.0,0.0,-55080.0,15
9240,32,9,10,55080.0,0.0,61200.0,0.0,-55080.0,15
9241,32,10,10,55080.0,0.0,61200.0,0.0,-55080.0,15
9242,33,10,10,55080.0,0.0,61200.0,0.0,-55080.0,15
9243,32,11,10,55080.0,0.0,61200.0,0.0,-55080.0,14
9244,33,11,10,55080.0,0.0,61200.0,0.0,-55080.0,15
9245,34,11,10,55080.0,0.0,61200.0,0.0,-55080.0,15
9246,32,12,10,55080.0,0.0,61200.0,0.0,-55080.0,14
9247,33,12,10,55080.0,0.0,61200.0,0.0,-55080.0,14
9248,34,12,10,55080.0,0.0,61200.0,0.0,-55080.0,15
9249,33,13,10,55080.0,0.0,61200.0,0.0,-55080.0,14
9250,34,13,10,55080.0,0.0,61200.0,0.0,-55080.0,15
9251,33,14,10,55080.0,0.0,61200.0,0.0,-55080.0,14
9252,34,14,10,55080.0,0.0,61200.0,0.0,-55080.0,15
9253,33,15,10,55080.0,0.0,61200.0,0.0,-55080.0,14
9254,34,15,10,55080.0,0.0,61200.0,0.0,-55080.0,15
9255,35,15,10,55080.0,0.0,61200.0,0.0,-55080.0,15
9256,34,16,10,55080.0,0.0,61200.0,0.0,-55080.0,14
9257,35,16,10,55080.0,0.0,61200.0,0.0,-55080.0,15
9258,34,17,10,55080.0,0.0,61200.0,0.0,-55080.0,14
9259,35,17,10,55080.0,0.0,61200.0,0.0,-55080.0,15
9260,32,8,11,55080.0,0.0,61200.0,0.0,-55080.0,15
9261,33,9,11,55080.0,0.0,61200.0,0.0,-55080.0,15
9262,33,10,11,55080.0,0.0,61200.0,0.0,-55080.0,15
9263,34,10,11,55080.0,0.0,61200.0,0.0,-55080.0,15
9264,33,11,11,55080.0,0.0,61200.0,0.0,-55080.0,14
9265,34,11,11,55080.0,0.0,61200.0,0.0,-55080.0,15
9266,35,11,11,55080.0,0.0,61200.0,0.0,-55080.0,15
9267,33,12,11,55080.0,0.0,61200.0,0.0,-55080.0,14
9268,34,12,11,55080.0,0.0,61200.0,0.0,-55080.0,14
9269,35,12,11,55080.0,0.0,61200.0,0.0,-55080.0,15
9270,34,13,11,55080.0,0.0,61200.0,0.0,-55080.0,14
9271,35,13,11,55080.0,0.0,61200.0,0.0,-55080.0,15
9272,34,14,11,55080.0,0.0,61200.0,0.0,-55080.0,14
9273,35,14,11,55080.0,0.0,61200.0,0.0,-55080.0,15
9274,34,15,11,55080.0,0.0,61200.0,0.0,-55080.0,14
9275,35,15,11,55080.0,0.0,61200.0,0.0,-55080.0,15
9276,36,15,11,55080.0,0.0,61200.0,0.0,-55080.0,15
9277,35,16,11,55080.0,0.0,61200.0,0.0,-55080.0,14
9278,36,16,11,55080.0,0.0,61200.0,0.0,-55080.0,15
9279,35,17,11,55080.0,0.0,61200.0,0.0,-55080.0,14
9280,36,17,11,55080.0,0.0,61200.0,0.0,-55080.0,15
9281,33,8,12,55440.0,0.0,61600.0,0.0,-55440.0,15
9282,34,9,12,54936.0,0.0,61040.0,0.0,-54936.0,15
9283,34,10,12,55080.0,0.0,61200.0,0.0,-55080.0,14
9284,35,10,12,52209.0,0.0,58010.0,0.0,-52209.0,15
9285,34,11,12,55080.0,0.0,61200.0,0.0,-55080.0,14
9286,35,11,12,54909.0,0.0,61010.0,0.0,-54909.0,15
9287,36,11,12,54630.0,0.0,60700.0,0.0,-54630.0,15
9288,34,12,12,55080.0,0.0,61200.0,0.0,-55080.0,13
9289,35,12,12,55080.0,0.0,61200.0,0.0,-55080.0,14
9290,36,12,12,55080.0,0.0,61200.0,0.0,-55080.0,15
9291,35,13,12,55080.0,0.0,61200.0,0.0,-55080.0,14
9292,36,13,12,55080.0,0.0,61200.0,0.0,-55080.0,15
9293,35,14,12,55080.0,0.0,61200.0,0.0,-55080.0,14
9294,36,14,12,55080.0,0.0,61200.0,0.0,-55080.0,15
9295,36,15,12,55080.0,0.0,61200.0,0.0,-55080.0,15
9296,37,15,12,55080.0,0.0,61200.0,0.0,-55080.0,15
9297,36,16,12,55080.0,0.0,61200.0,0.0,-55080.0,14
9298,37,16,12,55080.0,0.0,61200.0,0.0,-55080.0,15
9299,36,17,12,55080.0,0.0,61200.0,0.0,-55080.0,14
9300,37,17,12,55080.0,0.0,61200.0,0.0,-55080.0,15
9301,2,22,12,55080.0,0.0,61200.0,0.0,-55080.0,15
9302,2,23,12,55080.0,0.0,61200.0,0.0,-55080.0,15
9303,22,15,0,65475.00703,602117.496,72750.00781,72750.0,536642.4889700001,14
9304,23,15,0,66465.0,573537.536,73850.0,73850.0,507072.53599999996,15
9305,20,16,0,64395.01407,580294.768,71550.01563,71550.0,515899.75393000006,13
9306,21,16,0,64395.01407,520711.584,71550.01563,71550.0,456316.56993,13
9307,22,16,0,64395.01407,517150.6,71550.01563,71550.0,452755.58593,14
9308,23,16,0,65115.00703,635616.248,72350.00781,72350.0,570501.24097,14
9309,24,16,0,66645.0,372777.376,74050.0,74050.0,306132.376,15
9310,19,17,0,64962.00703,846421.792,72180.00781,72180.0,781459.78497,13
9311,20,17,0,64503.0211,635542.128,71670.02344,71670.0,571039.1069,13
9312,21,17,0,64395.01407,488393.656,71550.01563,71550.0,423998.64193000004,13
9313,22,17,0,64395.01407,433069.828,71550.01563,71550.0,368674.81393,13
9314,23,17,0,64485.01407,578687.448,71650.01563,71650.0,514202.43393,14
9315,24,17,0,65745.00703,483967.672,73050.00781,73050.0,418222.66497000004,14
9316,25,17,0,63162.0,201375.408,70180.0,52180.0,138213.408,15
9317,18,18,0,62676.0,688660.264,69640.0,61640.0,625984.264,13
9318,19,18,0,65124.0,723363.008,72360.0,72360.0,658239.008,13
9319,20,18,0,65016.00703,715278.736,72240.00781,72240.0,650262.72897,11
9320,21,18,0,64530.0211,564824.732,71700.02344,71700.0,500294.71089999995,12
9321,22,18,0,64395.01407,315908.384,71550.01563,71550.0,251513.36993000002,13
9322,23,18,0,64395.01407,516930.264,71550.01563,71550.0,452535.24993000005,13
9323,24,18,0,64719.00703,547715.768,71910.00781,71910.0,482996.76097000006,15
9324,17,19,0,61812.0,499751.288,68680.0,56280.0,437939.288,14
9325,18,19,0,64512.0,351050.9104,71680.0,69680.0,286538.9104,13
9326,19,19,0,65124.0,337992.0144,72360.0,72360.0,272868.0144,13
9327,20,19,0,65124.0,646299.032,72360.0,72360.0,581175.032,11
9328,21,19,0,65016.00703,536337.112,72240.00781,72240.0,471321.10497,11
9329,22,19,0,64611.01407,570476.44,71790.01563,71790.0,505865.42592999997,12
9330,23,19,0,64395.01407,575597.496,71550.01563,71550.0,511202.48193000007,14
9331,24,19,0,64395.01407,565588.952,71550.01563,71550.0,501193.9379300001,15
9332,16,20,0,61452.0,546193.064,68280.0,56280.0,484741.064,15
9333,17,20,0,65124.0,498496.7968,72360.0,72360.0,433372.7968,14
9334,18,20,0,65124.0,97314.7792,72360.0,72360.0,32190.779200000004,15
9335,20,20,0,65124.0,67558.6656,72360.0,72360.0,2434.665599999993,15
9336,21,20,0,65124.0,244166.8288,72360.0,72360.0,179042.8288,13
9337,22,20,0,65070.0,447653.856,72300.0,72300.0,382583.856,12
9338,23,20,0,64665.01407,487285.368,71850.01563,71850.0,422620.35393000004,14
9339,24,20,0,64395.01407,568031.6,71550.01563,71550.0,503636.58593,15
9340,16,21,0,62676.0,415024.2288,69640.0,61640.0,352348.2288,15
9341,17,21,0,65124.0,214405.8784,72360.0,72360.0,149281.8784,15
9342,18,21,0,65124.0,84501.6864,72360.0,72360.0,19377.686400000006,15
9343,19,21,0,65124.0,68616.2432,72360.0,72360.0,3492.243199999997,15
9344,20,21,0,65124.0,91437.4448,72360.0,72360.0,26313.444799999997,15
9345,21,21,0,65124.0,216280.9248,72360.0,72360.0,151156.9248,14
9346,22,21,0,64512.0,333349.248,71680.0,69680.0,268837.248,12
9347,23,21,0,60147.0,271378.632,66830.0,50830.0,211231.63199999998,14
9348,24,21,0,62667.0,490582.288,69630.0,63630.0,427915.288,15
9349,19,22,0,65124.0,80022.7616,72360.0,72360.0,14898.761599999998,15
9350,20,22,0,65124.0,190513.7936,72360.0,72360.0,125389.7936,14
9351,21,22,0,65124.0,369509.624,72360.0,72360.0,304385.624,11
9352,22,22,0,60228.0,281172.408,66920.0,50920.0,220944.408,12
9353,23,22,0,58104.0,181858.848,64560.0,32160.0,123754.848,14
9354,24,22,0,58248.0,211692.08,64720.0,34720.0,153444.08,14
9355,25,22,0,62415.0,375288.944,69350.0,60950.0,312873.944,15
9356,19,23,0,65124.0,59312.992,72360.0,72360.0,-5811.008000000002,
9357,20,23,0,65124.0,250483.64,72360.0,72360.0,185359.64,13
9358,21,23,0,65124.0,425509.528,72360.0,72360.0,360385.528,10
9359,22,23,0,58860.0,260633.688,65400.0,40200.0,201773.688,11
9360,23,23,0,56844.0,127322.752,63160.0,18760.0,70478.752,12
9361,24,23,0,56592.0,105204.152,62880.0,16080.0,48612.152,14
9362,25,23,0,57492.0,162707.784,63880.0,26680.0,105215.78400000001,15
9363,17,24,0,57852.0,116730.2064,64280.0,29480.0,58878.206399999995,15
9364,18,24,0,58608.0,130502.2704,65120.0,37520.0,71894.2704,15
9365,19,24,0,59112.0,230236.92,65680.0,42880.0,171124.92,13
9366,20,24,0,59616.0,315545.6128,66240.0,48240.0,255929.6128,10
9367,21,24,0,59364.0,175373.9504,65960.0,45560.0,116009.9504,13
9368,22,24,0,57852.0,108128.7648,64280.0,29480.0,50276.764800000004,14
9369,19,25,0,56592.0,135786.28,62880.0,16080.0,79194.28,12
9370,20,25,0,56592.0,115580.184,62880.0,16080.0,58988.183999999994,12
9371,21,25,0,57600.0,130256.1072,64000.0,26800.0,72656.1072,13
9372,21,26,0,56340.0,85295.536,62600.0,13400.0,28955.535999999993,12
9373,24,14,1,66825.0,418123.896,74250.0,74250.0,351298.896,15
9374,23,15,1,66825.0,676454.744,74250.0,74250.0,609629.744,14
9375,24,15,1,66825.0,470343.896,74250.0,74250.0,403518.896,15
9376,25,15,1,66825.0,260289.368,74250.0,74250.0,193464.368,15
9377,23,16,1,66825.0,776595.736,74250.0,74250.0,709770.736,13
9378,24,16,1,66825.0,576518.864,74250.0,74250.0,509693.86399999994,14
9379,25,16,1,66825.0,321630.028,74250.0,74250.0,254805.028,15
9380,26,16,1,64170.0,166511.8456,71300.0,62900.0,102341.8456,15
9381,23,17,1,66375.0,767612.032,73750.0,73750.0,701237.032,13
9382,24,17,1,66825.0,692872.792,74250.0,74250.0,626047.792,13
9383,25,17,1,66132.0,323362.5136,73480.0,73480.0,257230.5136,14
9384,26,17,1,58608.0,39383.7792,65120.0,37520.0,-19224.220800000003,15
9385,23,18,1,65295.00703,649742.952,72550.00781,72550.0,584447.9449700001,12
9386,24,18,1,65727.00703,606627.232,73030.00781,73030.0,540900.22497,13
9387,25,18,1,65124.0,297487.5648,72360.0,72360.0,232363.5648,15
9388,22,19,1,64395.01407,455553.952,71550.01563,71550.0,391158.93793,11
9389,23,19,1,64422.01407,517081.376,71580.01563,71580.0,452659.36193,12
9390,24,19,1,64611.01407,486417.712,71790.01563,71790.0,421806.69793,14
9391,25,19,1,64152.0,219202.5424,71280.0,66880.0,155050.5424,15
9392,22,20,1,64530.0211,427064.832,71700.02344,71700.0,362534.8109,11
9393,23,20,1,64395.01407,539069.056,71550.01563,71550.0,474674.04193,12
9394,24,20,1,64395.01407,512833.384,71550.01563,71550.0,448438.36993000004,14
9395,25,20,1,64503.01407,292428.856,71670.01563,71670.0,227925.84193000002,15
9396,22,21,1,65016.00703,384052.896,72240.00781,72240.0,319036.88897,11
9397,23,21,1,64611.01407,503603.408,71790.01563,71790.0,438992.39393,12
9398,24,21,1,64395.01407,530599.112,71550.01563,71550.0,466204.09793,14
9399,25,21,1,64395.01407,443805.352,71550.01563,71550.0,379410.33793000004,15
